review_text,rating,sentiment
This laptop is smooth. Works perfectly out of the box.,4,positive
This smartwatch is responsive.,4,positive
Bought this running shoes a few weeks ago. It's fine for the price but i wouldn't rave about it.,3,neutral
This air fryer is sleek.,3,positive
Bought this headphones a few weeks ago. It arrived damaged. Rating: 3/5.,3,negative
"This laptop is okay. Some features are useful, others aren't.",3,neutral
This vacuum cleaner is broken. Customer support never responded. Overall it's not bad.,1,negative
This yoga mat is smooth.,3,positive
"This wireless mouse is standard. It's fine for the price but i wouldn't rave about it. Also, customer support never responded. Rating: 4/5.",4,neutral
This office chair is awful. I had to return it after two days.,3,negative
This phone case is superb. Works perfectly out of the box. Overall it's not great.,5,positive
"This coffee maker is outstanding. Also, the size runs way smaller than expected. Rating: 3/5.",3,positive
This blender is nothing special.,3,neutral
This wireless mouse is fine.,4,neutral
Bought this vacuum cleaner a few weeks ago.,4,positive
"This blender is great. Setup took less than five minutes. However, I had to return it after two days.",4,positive
This phone case is faulty. Stopped working within a week. Overall it's didn't disappoint.,1,negative
"This backpack is sleek. I would definately buy this again. That said, it's fine for the price but I wouldn't rave about it.",5,positive
Bought this running shoes a few weeks ago. Works perfectly out of the box.,4,positive
This blender is fast.,3,positive
This bluetooth speaker is unreliable. Rating: 2/5.,2,negative
This bluetooth speaker is fine.,4,neutral
"Bought this blender a few weeks ago. The instructions were confusing. That said, the build quality is great.",3,negative
This vacuum cleaner is top notch. Battery life is impressive.,5,positive
"Bought this wireless mouse a few weeks ago. The size runs way smaller than expected. That said, it's fine for teh price but I wouldn't rave about it.",1,negative
"This office chair is acceptable. Packaging was fine. Also, the size runs way smaller than expected. Overall it's not as good as I hoped.",3,neutral
"This laptop is worth every penny. It feels premium for the price. Also, it's fine for the price but I wouldn't rave about it. Overall it's not great.",3,positive
"This phone case is not worth it. It arrived damaged. On the plus side, exceeded my expectations. Overall it's not as good as I hoped.",1,negative
This bluetooth speaker is responsive.,5,positive
This phone case is so-so. It's fine for the price but i wouldn't rave about it. Rating: 3/5.,3,neutral
Bought this air fryer a few weeks ago. Battery life is impressive.,5,positive
Bought this smartwatch a few weeks ago. Delivery took about a week.,3,neutral
Bought this coffee maker a few weeks ago. Rating: 3/5.,3,positive
This wireless mouse is disappointing.,1,negative
This phone case is reasonable. Packaging was fine.,3,neutral
This backpack is disappointing. The size runs way smaller than expected.,3,negative
This headphones is overpriced. It's louder than advertised.,1,negative
This backpack is top notch.,4,positive
Bought this air fryer a few weeks ago. Customer service was very helpful. Rating: 5/5.,5,positive
This phone case is broken.,3,negative
This backpack is solid. Battery life is impressive.,5,positive
This office chair is sleek. Setup took less than five minutes. Rating: 3/5.,3,positive
This smartwatch is top notch.,5,positive
This blender is well made.,4,positive
This office chair is acceptable.,3,neutral
This laptop is decent. Delivery took about a week.,3,neutral
"This desk lamp is fast. Works perfectly out of the box. Also, the size runs way smaller than expected. Overall it's didn't disappoint.",3,positive
Bought this blender a few weeks ago. Shipping was fast and packaging was solid.,5,positive
Bought this vacuum cleaner a few weeks ago. I regret this purchase. Overall it's wouldn't recommend.,2,negative
"Bought this air fryer a few weeks ago. Packaging was fine. That said, it arrived damaged. Overall it's wouldn't recommend.",4,negative
This coffee maker is subpar.,1,negative
This headphones is excellent. Rating: 4/5.,4,positive
This yoga mat is great. Battery life is impressive.,5,positive
This headphones is top notch.,3,positive
This bluetooth speaker is worth every penny. Setup took less than five minutes.,5,negative
Bought this laptop a few weeks ago. Customer support never responded.,1,negative
This air fryer is so-so. Delivery took about a week. Rating: 3/5.,3,neutral
"This wireless mouse is sturdy. It feels premium for the price. However, some features are useful, others aren't.",5,positive
This smartwatch is responsive.,3,positive
"This phone case is middle of the road. Works as described, no surprises. Overall it's didn't disappoint.",3,neutral
This backpack is affordable.,5,positive
"Bought this blender a few weeks ago. I would definitely buy this again. On teh plus side, it's fine for teh price but I wouldn't rave about it. Overall it's not great.",5,positive
This headphones is superb. The build quality is great.,5,positive
This desk lamp is amazing.,4,positive
This backpack is defective.,1,negative
This vacuum cleaner is fine.,3,neutral
"Bought this bluetooth speaker a few weeks ago. The build quality is great. That said, customer support never responded.",5,positive
This yoga mat is top notch. Overall it's not bad.,4,positive
"This desk lamp is fine. Works as described, no surprises.",2,neutral
This backpack is nothing special.,3,neutral
This desk lamp is uncomfortable.,2,negative
This bluetooth speaker is amazing. Shipping was fast and packaging was solid.,5,positive
This phone case is subpar.,2,negative
"This vacuum cleaner is excellent. On teh downside, the size runs way smaller than expected.",4,positive
This vacuum cleaner is subpar.,3,positive
This air fryer is badly made. The size runs way smaller than expected.,1,negative
"Bought this coffee maker a few weeks ago. I would definitely buy this again. Also, it's fine for teh price but I wouldn't rave about it.",3,positive
This smartwatch is frustrating.,2,negative
This headphones is worth every penny. Overall it's didn't disappoint. Rating: 4/5.,4,positive
Bought this backpack a few weeks ago.,4,neutral
This coffee maker is useless. I had to return it after two days.,1,negative
This blender is disappointing. The instructions were confusing. Overall it's could be better. Rating: 3/5.,3,negative
"This phone case is acceptable. Works as described, no surprises.",3,neutral
This desk lamp is standard. It does the job but nothing more.,4,neutral
Bought this laptop a few weeks ago. Delivery took about a week. Rating: 3/5.,3,neutral
This air fryer is cheap.,1,negative
"This desk lamp is responsive. That said, delivery took about a week.",3,positive
This air fryer is worth every penny. The build quality is great. Overall it's not bad. Rating: 5/5.,5,positive
This vacuum cleaner is so-so. Delivery took about a week.,4,neutral
This blender is wonderful. Exceeded my expectations.,5,positive
This coffee maker is unreliable.,1,negative
This smartwatch is average. Delivery took about a week. Rating: 3/5.,3,neutral
"This yoga mat is responsive. However, it's fine for the price but I wouldn't rave about it. Rating: 4/5.",4,positive
"This phone case is affordable. Exceeded my expectations. However, it's fine for teh price but I wouldn't rave about it. Rating: 4/5.",4,positive
"This office chair is standard. However, I regret this purchase.",2,neutral
"This vacuum cleaner is comfortable. Works perfectly out of teh box. However, I regret this purchase.",3,positive
This phone case is durable. Setup took less than five minutes.,5,positive
This blender is amazing. Exceeded my expectations.,3,positive
Bought this laptop a few weeks ago. My whole family loves it now. Overall it's could be better.,5,positive
This wireless mouse is subpar. Rating: 1/5.,1,negative
This laptop is acceptable. Packaging was fine.,4,neutral
This phone case is top notch.,4,positive
This running shoes is fast. Exceeded my expectations. Rating: 4/5.,4,positive
Bought this blender a few weeks ago. It does the job but nothing more.,4,neutral
This running shoes is useless. I had to return it after two days. Rating: 2/5.,2,negative
This laptop is so-so. Rating: 2/5.,2,neutral
This wireless mouse is smooth.,5,positive
This desk lamp is so-so. It does the job but nothing more.,3,neutral
This desk lamp is cheap.,2,positive
"This bluetooth speaker is outstanding. Setup took less than five minutes. However, the instructions were confusing.",5,positive
This yoga mat is average.,3,neutral
This backpack is terrible.,1,negative
This coffee maker is durable. Battery life is impressive.,5,positive
"This desk lamp is defective. The instructions were confusing. That said, packaging was fine.",1,negative
This backpack is decent. Packaging was fine.,3,neutral
This backpack is worth every penny. My whole family loves it now. Rating: 5/5.,5,positive
This coffee maker is excellent.,4,positive
This running shoes is reasonable. It's fine for the price but i wouldn't rave about it.,2,neutral
This coffee maker is impressive. Battery life is impressive.,5,positive
This office chair is slow.,1,negative
This vacuum cleaner is faulty. It's louder than advertised.,2,negative
Bought this wireless mouse a few weeks ago.,4,positive
This phone case is sleek. The build quality is great.,4,positive
This coffee maker is well made. Exceeded my expectations.,5,positive
This laptop is average. It does the job but nothing more. Rating: 3/5.,3,neutral
This backpack is worth every penny.,5,positive
This yoga mat is smooth. Battery life is impressive.,5,positive
Bought this vacuum cleaner a few weeks ago.,1,negative
Bought this blender a few weeks ago. Delivery took about a week. Rating: 3/5.,3,neutral
Bought this air fryer a few weeks ago.,2,negative
This office chair is fast. It feels premium for the price.,3,positive
This phone case is poor. Rating: 3/5.,3,negative
"This laptop is average. Some features are useful, others aren't. Also, I had to return it after two days.",4,neutral
"This wireless mouse is standard. Some features are useful, others aren't. Also, works perfectly out of the box.",4,neutral
This laptop is comfortable. Exceeded my expectations. Rating: 5/5.,5,positive
This vacuum cleaner is flimsy.,1,negative
"This running shoes is so-so. That said, works perfectly out of the box. Overall it's not bad.",3,neutral
This office chair is awful. I regret this purchase.,1,negative
This phone case is fine.,4,neutral
This laptop is overpriced.,2,neutral
Bought this yoga mat a few weeks ago. It's fine for the price but i wouldn't rave about it.,3,neutral
This smartwatch is faulty. I had to return it after two days.,2,negative
This phone case is comfortable. I would definitely buy this again.,5,positive
This wireless mouse is reliable. Rating: 5/5.,5,positive
This wireless mouse is smooth.,5,positive
This air fryer is not worth it.,2,negative
This office chair is standard. It's fine for the price but i wouldn't rave about it.,3,neutral
This wireless mouse is middle of the road.,4,neutral
Bought this office chair a few weeks ago. Works perfectly out of the box.,5,positive
This yoga mat is sleek. It feels premium for the price.,5,neutral
This air fryer is excellent. Exceeded my expectations.,5,positive
This yoga mat is great. Setup took less than five minutes.,4,positive
"Bought this yoga mat a few weeks ago. On teh plus side, works as described, no surprises.",2,negative
Bought this office chair a few weeks ago.,2,negative
Bought this blender a few weeks ago. It's fine for teh price but i wouldn't rave about it. Rating: 2/5.,2,neutral
This vacuum cleaner is fantastic.,3,positive
This desk lamp is fantastic. I would definitely buy this again. Rating: 5/5.,5,positive
"Bought this vacuum cleaner a few weeks ago. Setup took less than five minutes. Also, it does the job but nothing more. Rating: 5/5.",5,positive
"This desk lamp is acceptable. Works as described, no surprises.",4,positive
Bought this yoga mat a few weeks ago. I would definitely buy this again. Rating: 4/5.,4,positive
"Bought this backpack a few weeks ago. It feels premium for the price. Also, it does the job but nothing more. Rating: 5/5.",5,positive
This phone case is middle of the road.,2,negative
"This laptop is comfortable. Setup took less than five minutes. However, the size runs way smaller than expected. Rating: 4/5.",4,positive
This smartwatch is durable.,4,negative
"Bought this headphones a few weeks ago. Works as described, no surprises. That said, customer support never responded.",3,neutral
This blender is well made. Setup took less than five minutes.,4,positive
Bought this phone case a few weeks ago.,3,neutral
"Bought this wireless mouse a few weeks ago. Stopped working within a week. That said, customer service was vary helpful. Rating: 1/5.",1,negative
"This phone case is nothing special. It does the job but nothing more. That said, customer service was very helpful.",4,neutral
"Bought this wireless mouse a few weeks ago. However, some features are useful, others aren't.",4,positive
"This bluetooth speaker is uncomfortable. Customer support never responded. On the plus side, battery life is impressive.",3,negative
This blender is worth every penny. Shipping was fast and packaging was solid.,5,positive
"This office chair is useless. Battery drains way too fast. However, shipping was fast and packaging was solid.",1,neutral
This backpack is fantastic.,5,positive
This bluetooth speaker is durable. Exceeded my expectations.,5,positive
This bluetooth speaker is frustrating. It arrived damaged. Rating: 3/5.,3,negative
This air fryer is worth every penny. It feels premium for the price.,5,positive
"Bought this office chair a few weeks ago. Works as described, no surprises.",3,neutral
This office chair is subpar. The instructions were confusing. Rating: 1/5.,1,negative
This vacuum cleaner is impressive. My whole family loves it now.,5,positive
Bought this wireless mouse a few weeks ago.,2,negative
Bought this desk lamp a few weeks ago. The size runs way smaller than expected.,1,negative
This laptop is excellent. Shipping was fast and packaging was solid. Overall it's not as good as I hoped.,3,positive
This desk lamp is well made. Exceeded my expectations.,3,positive
This laptop is acceptable.,2,neutral
This desk lamp is wonderful. Overall it's could be better.,4,positive
"Bought this office chair a few weeks ago. It's louder than advertised. On the plus side, it does the job but nothing more. Rating: 2/5.",2,negative
"This phone case is affordable. It feels premium for teh price. That said, it does the job but nothing more. Rating: 3/5.",3,positive
"Bought this running shoes a few weeks ago. Packaging was fine. That said, shipping was fast and packaging was solid. Rating: 4/5.",4,neutral
This yoga mat is fantastic. Overall it's can't complain.,4,positive
This running shoes is terrible.,2,negative
This desk lamp is middle of the road. It does the job but nothing more.,3,neutral
This air fryer is outstanding. Rating: 5/5.,5,positive
Bought this smartwatch a few weeks ago. Overall it's didn't disappoint.,2,negative
This smartwatch is subpar. It arrived damaged. Rating: 1/5.,1,negative
This phone case is sleek. I would definitely buy this again.,5,positive
This smartwatch is excellent. Exceeded my expectations.,4,positive
This wireless mouse is terrible. I regret this purchase.,2,negative
This running shoes is not worth it. I regret this purchase. Rating: 1/5.,1,negative
"This backpack is wonderful. Works perfectly out of the box. On the plus side, it's fine for the price but I wouldn't rave about it. Overall it's could be better.",4,positive
This office chair is wonderful. Exceeded my expectations.,3,positive
This laptop is top notch. Battery life is impressive. Rating: 3/5.,3,positive
This backpack is affordable.,5,positive
Bought this desk lamp a few weeks ago. It feels premium for the price.,5,positive
"This office chair is slow. It's louder than advertised. However, my whole family loves it now. Overall it's can't complain. Rating: 3/5.",3,negative
This smartwatch is wonderful. My whole family loves it now.,3,positive
This headphones is so-so. Delivery took about a week. Overall it's wouldn't recommend.,4,neutral
This vacuum cleaner is unreliable. Customer support never responded. Rating: 3/5.,3,negative
This blender is well made. The build quality is great.,5,positive
This blender is flimsy. The size runs way smaller than expected. Rating: 1/5.,1,negative
This bluetooth speaker is affordable. Shipping was fast and packaging was solid. Overall it's not bad.,3,positive
This vacuum cleaner is nothing special. Delivery took about a week. Rating: 3/5.,3,negative
Bought this blender a few weeks ago. It does the job but nothing more. Rating: 3/5.,3,neutral
This running shoes is impressive.,4,positive
This office chair is reasonable. Rating: 3/5.,3,neutral
This bluetooth speaker is defective. The instructions were confusing.,2,negative
This laptop is nothing special.,3,neutral
Bought this air fryer a few weeks ago. Battery drains way too fast.,3,negative
"Bought this air fryer a few weeks ago. It feels premium for the price. Also, delivery took about a week.",3,positive
This air fryer is terrible. I had to return it after two days. Rating: 1/5.,1,negative
Bought this blender a few weeks ago. Customer support never responded.,3,negative
This coffee maker is overpriced. The instructions were confusing. Overall it's not great.,2,negative
This air fryer is defective.,1,negative
This phone case is smooth. Exceeded my expectations. Rating: 3/5.,3,positive
This phone case is average. Delivery took about a week.,3,neutral
"This desk lamp is impressive. Shipping was fast and packaging was solid. On the downside, the material feels cheap. Rating: 5/5.",5,positive
"Bought this air fryer a few weeks ago. Some features are useful, others aren't.",3,neutral
Bought this phone case a few weeks ago.,4,positive
"Bought this smartwatch a few weeks ago. Battery life is impressive. On the downside, the size runs way smaller than expected.",5,positive
This wireless mouse is not worth it. The material feels cheap. Rating: 3/5.,3,negative
This bluetooth speaker is terrible. The size runs way smaller than expected.,1,negative
This blender is fantastic.,5,neutral
This wireless mouse is sturdy.,4,positive
This air fryer is superb. Setup took less than five minutes.,4,positive
"This air fryer is top notch. My whole family loves it now. That said, customer support never responded. Rating: 3/5.",3,positive
Bought this wireless mouse a few weeks ago. Setup took less than five minutes.,4,positive
This air fryer is durable.,4,positive
Bought this air fryer a few weeks ago. Customer support never responded.,1,negative
This yoga mat is reasonable.,3,neutral
This smartwatch is durable.,4,positive
This air fryer is flimsy.,2,negative
This blender is average.,2,neutral
This smartwatch is wonderful. Setup took less than five minutes.,5,positive
This vacuum cleaner is average. Packaging was fine.,4,neutral
This desk lamp is awful. The size runs way smaller than expected. Rating: 2/5.,2,negative
This headphones is comfortable. I would definitely buy this again.,4,positive
This vacuum cleaner is broken. It arrived damaged.,3,negative
"This vacuum cleaner is shoddy. However, shipping was fast and packaging was solid. Overall it's not as good as I hoped.",2,negative
This desk lamp is impressive.,5,positive
"This headphones is disappointing. I had to return it after two days. However, packaging was fine. Overall it's can't complain. Rating: 3/5.",3,negative
This office chair is superb. Setup took less than five minutes. Rating: 5/5.,5,positive
This air fryer is fantastic. Setup took less than five minutes.,4,positive
Bought this backpack a few weeks ago. Rating: 5/5.,5,positive
This wireless mouse is badly made.,2,negative
"This laptop is faulty. The instructions were confusing. However, the build quality is great.",3,negative
"This vacuum cleaner is sleek. Customer service was vary helpful. That said, it's louder than advertised.",3,positive
"This smartwatch is faulty. That said, setup took less than five minutes.",1,negative
Bought this vacuum cleaner a few weeks ago. Exceeded my expectations. Rating: 5/5.,5,positive
This vacuum cleaner is worth every penny. Setup took less than five minutes.,5,positive
"This phone case is worth every penny. It feels premium for the price. On the plus side, packaging was fine. Rating: 4/5.",4,positive
"Bought this laptop a few weeks ago. My whole family loves it now. Also, stopped working within a week.",5,positive
This smartwatch is badly made.,2,negative
This desk lamp is worth every penny.,4,positive
This yoga mat is durable. My whole family loves it now. Overall it's wouldn't recommend. Rating: 5/5.,5,positive
This vacuum cleaner is affordable. Exceeded my expectations. Rating: 5/5.,5,positive
This wireless mouse is great. Works perfectly out of the box.,4,positive
This desk lamp is superb. Exceeded my expectations. Rating: 4/5.,4,positive
"Bought this desk lamp a few weeks ago. Some features are useful, others aren't.",2,neutral
This phone case is wonderful.,4,positive
This coffee maker is durable. It feels premium for the price.,5,positive
Bought this backpack a few weeks ago. It's fine for the price but i wouldn't rave about it. Rating: 3/5.,3,neutral
"This phone case is uncomfortable. I had to return it after two days. Also, it does the job but nothing more. Rating: 1/5.",1,negative
This air fryer is superb. Works perfectly out of the box. Rating: 4/5.,4,positive
This wireless mouse is useless. I had to return it after two days.,3,negative
This coffee maker is sleek.,5,positive
This office chair is wonderful. Setup took less than five minutes.,5,positive
This desk lamp is fast. Battery life is impressive.,5,positive
This backpack is terrible. Battery drains way too fast. Rating: 3/5.,3,negative
This headphones is middle of the road. It does the job but nothing more. Rating: 3/5.,3,neutral
This backpack is terrible. I had to return it after two days.,2,negative
This smartwatch is subpar.,2,negative
This phone case is overpriced.,2,negative
This running shoes is sleek. Battery life is impressive.,4,positive
This desk lamp is reasonable.,3,neutral
"This air fryer is so-so. Some features are useful, others aren't.",3,neutral
This backpack is frustrating. I regret this purchase.,2,negative
This wireless mouse is solid.,5,neutral
Bought this headphones a few weeks ago. Rating: 3/5.,3,neutral
This desk lamp is fine.,3,neutral
This blender is decent. It does the job but nothing more.,3,neutral
This smartwatch is flimsy. It's louder than advertised.,1,negative
This coffee maker is fine. It's fine for the price but i wouldn't rave about it. Rating: 3/5.,3,neutral
This laptop is acceptable. It does the job but nothing more.,2,neutral
This headphones is poor.,3,negative
This smartwatch is defective.,1,negative
Bought this blender a few weeks ago. Setup took less than five minutes. Rating: 3/5.,3,positive
This headphones is comfortable. Shipping was fast and packaging was solid. Rating: 3/5.,3,positive
"This laptop is middle of the road. It's fine for the price but i wouldn't rave about it. On the downside, I regret this purchase.",3,neutral
This wireless mouse is superb. Shipping was fast and packaging was solid. Rating: 5/5.,5,positive
"This office chair is terrible. It arrived damaged. However, some features are useful, others aren't.",2,negative
This wireless mouse is top notch.,5,positive
This smartwatch is responsive. Shipping was fast and packaging was solid.,3,positive
"Bought this running shoes a few weeks ago. Also, stopped working within a week. Rating: 4/5.",4,positive
This coffee maker is reasonable.,4,neutral
This vacuum cleaner is flimsy. The material feels cheap.,2,negative
Bought this blender a few weeks ago. Overall it's not as good as I hoped.,3,positive
Bought this wireless mouse a few weeks ago. The build quality is great.,4,negative
This bluetooth speaker is smooth. The build quality is great.,5,positive
"This blender is superb. Battery life is impressive. Also, it's fine for the price but I wouldn't rave about it.",4,positive
"This office chair is responsive. That said, it's fine for the price but I wouldn't rave about it.",4,positive
This bluetooth speaker is defective. I had to return it after two days. Rating: 1/5.,1,negative
Bought this yoga mat a few weeks ago. I had to return it after two days.,2,negative
This smartwatch is affordable.,4,positive
This smartwatch is sleek.,5,positive
This office chair is excellent. Setup took less than five minutes. Overall it's not bad.,3,positive
This bluetooth speaker is comfortable.,5,positive
"This smartwatch is shoddy. I regret this purchase. Also, it's fine for the price but I wouldn't rave about it.",2,negative
This air fryer is fast. My whole family loves it now. Overall it's not bad. Rating: 5/5.,5,positive
This desk lamp is wonderful. Customer service was very helpful.,5,positive
This air fryer is faulty.,3,negative
This backpack is subpar.,2,negative
"This smartwatch is nothing special. Works as described, no surprises. On the plus side, shipping was fast and packaging was solid.",3,neutral
"This phone case is superb. Works perfectly out of the box. That said, stopped working within a week.",4,positive
This wireless mouse is reasonable.,3,neutral
This bluetooth speaker is great. Customer service was very helpful.,5,positive
"This blender is impressive. Shipping was fast and packaging was solid. However, it's fine for the price but I wouldn't rave about it.",4,positive
Bought this bluetooth speaker a few weeks ago. I would definitely buy this again. Rating: 5/5.,5,positive
This smartwatch is impressive. Shipping was fast and packaging was solid.,3,positive
"Bought this bluetooth speaker a few weeks ago. Setup took less than five minutes. Also, battery drains way too fast. Rating: 4/5.",4,positive
This office chair is solid.,4,positive
This bluetooth speaker is fine. It does the job but nothing more. Rating: 2/5.,2,neutral
This laptop is nothing special. Packaging was fine.,2,neutral
"This blender is great. Also, it arrived damaged.",5,positive
"This running shoes is clunky. The size runs way smaller than expected. That said, my whole family loves it now. Overall it's wouldn't reccomend.",1,negative
This bluetooth speaker is overpriced. Rating: 2/5.,2,positive
"Bought this blender a few weeks ago. Some features are useful, others aren't. Rating: 3/5.",3,neutral
"Bought this coffee maker a few weeks ago. Delivery took about a week. However, the instructions were confusing. Overall it's wouldn't recommend.",4,neutral
"This laptop is overpriced. I regret this purchase. However, I would definately buy this again.",2,negative
"This wireless mouse is comfortable. On the plus side, it does the job but nothing more.",4,positive
This office chair is durable.,4,positive
Bought this phone case a few weeks ago. Rating: 4/5.,4,positive
Bought this vacuum cleaner a few weeks ago. It arrived damaged.,3,negative
"This coffee maker is acceptable. It does the job but nothing more. However, the instructions were confusing. Rating: 3/5.",3,neutral
"This blender is durable. I would definately buy this again. However, customer support never responded. Rating: 4/5.",4,positive
This wireless mouse is reliable. I would definitely buy this again. Rating: 4/5.,4,positive
This headphones is sleek. It feels premium for the price.,3,positive
This bluetooth speaker is wonderful. Battery life is impressive. Rating: 5/5.,5,positive
This smartwatch is useless. I regret this purchase. Overall it's not great.,1,negative
This yoga mat is disappointing. Rating: 1/5.,1,negative
Bought this laptop a few weeks ago.,2,negative
Bought this desk lamp a few weeks ago. Rating: 2/5.,2,neutral
Bought this coffee maker a few weeks ago.,5,neutral
This air fryer is superb. Exceeded my expectations. Rating: 3/5.,3,positive
Bought this running shoes a few weeks ago.,5,positive
Bought this headphones a few weeks ago. Stopped working within a week. Rating: 1/5.,1,negative
This phone case is middle of the road. It does the job but nothing more.,3,neutral
This vacuum cleaner is slow. It arrived damaged.,3,negative
This office chair is impressive. The build quality is great.,5,positive
This smartwatch is subpar.,3,negative
This running shoes is standard.,2,neutral
This laptop is wonderful. Overall it's can't complain.,4,positive
"This backpack is top notch. Setup took less than five minutes. Also, it's fine for the price but I wouldn't rave about it. Rating: 5/5.",5,positive
This blender is smooth.,5,positive
"Bought this backpack a few weeks ago. Stopped working within a week. That said, the build qaulity is great.",2,negative
This phone case is solid.,5,positive
This smartwatch is worth every penny.,5,positive
"This desk lamp is awful. Stopped working within a week. Also, it does the job but nothing more. Rating: 3/5.",3,negative
This backpack is terrible. I had to return it after two days.,1,negative
This laptop is awful. I had to return it after two days.,2,negative
Bought this smartwatch a few weeks ago. The build quality is great.,4,positive
"This smartwatch is reliable. Battery life is impressive. That said, the size runs way smaller than expected.",5,positive
"This air fryer is responsive. My whole family loves it now. That said, battery drains way too fast.",5,positive
Bought this yoga mat a few weeks ago. My whole family loves it now. Rating: 4/5.,4,positive
Bought this blender a few weeks ago.,3,neutral
Bought this vacuum cleaner a few weeks ago. My whole family loves it now.,5,positive
This bluetooth speaker is superb. Exceeded my expectations.,5,positive
This headphones is not worth it. The size runs way smaller than expected.,1,negative
Bought this air fryer a few weeks ago. I had to return it after two days.,2,negative
"This wireless mouse is nothing special. Delivery took about a week. That said, exceeded my expectations.",3,neutral
This office chair is defective. It arrived damaged.,1,negative
This wireless mouse is so-so. It's fine for the price but i wouldn't rave about it. Rating: 3/5.,3,neutral
This yoga mat is decent.,3,neutral
This air fryer is fine. Delivery took about a week.,3,neutral
This desk lamp is amazing.,4,positive
This wireless mouse is amazing. Customer service was very helpful.,3,positive
This smartwatch is reliable. It feels premium for the price.,5,positive
"This backpack is acceptable. However, it's louder than advertised. Overall it's not as good as I hoped.",3,neutral
This vacuum cleaner is standard.,2,neutral
"This backpack is top notch. That said, stopped working within a week. Rating: 5/5.",5,positive
This backpack is responsive. My whole family loves it now.,3,positive
"This blender is top notch. On teh plus side, it does the job but nothing more.",5,negative
This running shoes is uncomfortable. Customer support never responded. Overall it's wouldn't recommend.,3,negative
"Bought this running shoes a few weeks ago. Some features are useful, others aren't. Rating: 2/5.",2,neutral
"This smartwatch is great. It feels premium for the price. On the downside, I had to return it after two days. Overall it's not great.",5,positive
"This coffee maker is comfortable. Exceeded my expectations. On the downside, the instructions were confusing. Rating: 4/5.",4,positive
This wireless mouse is affordable. Overall it's didn't disappoint.,4,positive
This smartwatch is frustrating.,1,negative
This wireless mouse is sleek. Works perfectly out of the box. Rating: 5/5.,5,positive
"This running shoes is defective. Battery drains way too fast. On the plus side, setup took less than five minutes. Overall it's not great. Rating: 3/5.",3,negative
This blender is clunky. Rating: 2/5.,2,negative
This phone case is wonderful. Shipping was fast and packaging was solid. Overall it's can't complain.,4,positive
"This blender is impressive. Battery life is impressive. That said, packaging was fine. Rating: 4/5.",4,positive
"Bought this laptop a few weeks ago. It's fine for the price but i wouldn't rave about it. On the downside, battery drains way too fast.",3,neutral
"This office chair is subpar. It's louder than advertised. However, works as described, no surprises.",1,negative
This wireless mouse is durable. Works perfectly out of the box. Rating: 3/5.,3,positive
This desk lamp is smooth.,4,positive
This bluetooth speaker is comfortable.,4,positive
This vacuum cleaner is fantastic. The build quality is great.,4,positive
Bought this yoga mat a few weeks ago. Shipping was fast and packaging was solid.,5,positive
This yoga mat is outstanding. The build quality is great. Overall it's can't complain.,4,positive
"Bought this bluetooth speaker a few weeks ago. Works as described, no surprises.",2,neutral
"This headphones is uncomfortable. The size runs way smaller than expected. That said, customer service was very helpful. Overall it's not as good as I hoped.",3,negative
This backpack is so-so. It's fine for the price but i wouldn't rave about it. Overall it's wouldn't recommend.,3,neutral
This desk lamp is clunky. Rating: 1/5.,1,negative
"This backpack is decent. On the plus side, exceeded my expectations.",3,neutral
This office chair is awful. It's louder than advertised.,2,negative
Bought this phone case a few weeks ago. My whole family loves it now. Rating: 5/5.,5,positive
"This blender is durable. It feels premium for the price. Also, packaging was fine.",5,positive
Bought this wireless mouse a few weeks ago. I regret this purchase.,2,negative
This running shoes is standard. Delivery took about a week.,3,neutral
"This blender is shoddy. It's louder than advertised. However, some features are useful, others aren't.",3,negative
"This phone case is smooth. Exceeded my expectations. That said, it's louder than advertised.",5,positive
"This coffee maker is terrible. On the plus side, it's fine for the price but I wouldn't rave about it.",2,negative
This phone case is cheap.,2,negative
"Bought this backpack a few weeks ago. However, works perfectly out of the box.",1,negative
This air fryer is sturdy. Shipping was fast and packaging was solid.,5,positive
This laptop is subpar. The instructions were confusing.,3,negative
This laptop is reasonable. It does the job but nothing more.,3,neutral
"Bought this desk lamp a few weeks ago. Delivery took about a week. Also, my whole family loves it now.",3,neutral
"This office chair is awful. It's louder than advertised. Also, it does the job but nothing more.",1,negative
This smartwatch is awful. Rating: 2/5.,2,negative
This coffee maker is fast. Exceeded my expectations. Overall it's didn't disappoint. Rating: 3/5.,3,positive
"This wireless mouse is superb. That said, the material feels cheap. Rating: 5/5.",5,positive
"This phone case is solid. Setup took less than five minutes. However, some features are useful, others aren't.",3,positive
Bought this phone case a few weeks ago. Battery drains way too fast. Overall it's didn't disappoint.,2,negative
"Bought this phone case a few weeks ago. It arrived damaged. On the plus side, delivery took about a week.",1,negative
This headphones is slow. It's louder than advertised. Rating: 2/5.,2,negative
"This headphones is poor. It's louder than advertised. However, my whole family loves it now. Overall it's could be better. Rating: 1/5.",1,negative
This yoga mat is middle of teh road. Delivery took about a week.,4,neutral
"This desk lamp is frustrating. Battery drains way too fast. On the plus side, exceeded my expectations.",1,negative
"This yoga mat is cheap. Battery drains way too fast. On the plus side, shipping was fast and packaging was solid.",1,negative
This headphones is reasonable. Delivery took about a week.,2,neutral
Bought this phone case a few weeks ago. I had to return it after two days.,1,negative
"This bluetooth speaker is broken. The material feels cheap. Also, exceeded my expectations. Rating: 3/5.",3,negative
"This smartwatch is sturdy. That said, some features are useful, others aren't.",5,positive
This coffee maker is wonderful. The build quality is great.,4,positive
This coffee maker is decent.,3,neutral
This phone case is cheap.,2,negative
This air fryer is poor. It's louder than advertised. Rating: 3/5.,3,negative
This coffee maker is amazing. It feels premium for the price.,4,positive
This office chair is sleek. Battery life is impressive. Overall it's didn't disappoint.,4,positive
This wireless mouse is terrible.,2,negative
"Bought this air fryer a few weeks ago. Also, I would definitely buy this again.",3,neutral
This headphones is amazing. Exceeded my expectations.,5,positive
This backpack is fast. Works perfectly out of the box.,5,positive
This blender is defective. The instructions were confusing.,3,negative
This office chair is great.,5,positive
"This backpack is clunky. I regret this purchase. On the plus side, works as described, no surprises. Rating: 1/5.",1,negative
Bought this air fryer a few weeks ago.,5,positive
This office chair is outstanding.,4,positive
Bought this laptop a few weeks ago. Customer support never responded.,1,neutral
Bought this office chair a few weeks ago.,3,positive
Bought this running shoes a few weeks ago. Rating: 1/5.,1,negative
Bought this desk lamp a few weeks ago. It does the job but nothing more. Overall it's not bad.,3,neutral
Bought this coffee maker a few weeks ago. Exceeded my expectations. Overall it's wouldn't recommend.,5,positive
This office chair is reliable. My whole family loves it now. Overall it's could be better.,4,positive
This laptop is frustrating. I had to return it after two days.,1,negative
This coffee maker is amazing.,4,positive
This headphones is sleek. Shipping was fast and packaging was solid. Rating: 4/5.,4,positive
"This air fryer is reasonable. Delivery took about a week. However, customer service was very helpful.",3,neutral
Bought this yoga mat a few weeks ago. Rating: 2/5.,2,negative
Bought this vacuum cleaner a few weeks ago. I would definitely buy this again. Overall it's wouldn't recommend.,4,positive
This vacuum cleaner is fast. The build quality is great.,4,positive
"This air fryer is awful. That said, battery life is impressive.",1,negative
"This bluetooth speaker is shoddy. Also, some features are useful, others aren't.",1,negative
Bought this office chair a few weeks ago.,1,negative
"This bluetooth speaker is so-so. Works as described, no surprises. Rating: 2/5.",2,neutral
"Bought this bluetooth speaker a few weeks ago. It arrived damaged. That said, it feels premium for the price. Rating: 1/5.",1,negative
"Bought this desk lamp a few weeks ago. Battery life is impressive. Also, packaging was fine.",5,positive
This office chair is well made. Customer service was very helpful.,4,positive
This wireless mouse is amazing. Exceeded my expectations. Rating: 3/5.,3,positive
"This office chair is middle of teh road. Some features are useful, others aren't.",3,neutral
This laptop is slow.,2,negative
This laptop is shoddy. The instructions were confusing. Rating: 1/5.,1,negative
This headphones is not worth it.,1,negative
This desk lamp is great. I would definitely buy this again. Overall it's not bad.,5,positive
This laptop is reliable. I would definitely buy this again. Rating: 4/5.,4,positive
"This headphones is frustrating. On teh plus side, it's fine for the price but I wouldn't rave about it.",1,negative
"This phone case is useless. It's louder than advertised. That said, it does the job but nothing more.",1,negative
This yoga mat is decent.,3,neutral
This blender is slow.,1,negative
"This smartwatch is okay. It does the job but nothing more. However, shipping was fast and packaging was solid.",3,neutral
"This air fryer is shoddy. I regret this purchase. However, the build quality is great. Rating: 1/5.",1,negative
"This vacuum cleaner is amazing. My whole family loves it now. On the downside, it's louder than advertised.",4,positive
This yoga mat is impressive. Customer service was very helpful. Rating: 5/5.,5,positive
This wireless mouse is affordable. Works perfectly out of teh box.,5,positive
This backpack is sleek.,5,positive
Bought this headphones a few weeks ago. Shipping was fast and packaging was solid. Rating: 5/5.,5,positive
Bought this laptop a few weeks ago. Customer service was very helpful.,4,positive
Bought this running shoes a few weeks ago. Overall it's not great.,3,positive
"This vacuum cleaner is reasonable. Some features are useful, others aren't.",2,neutral
This blender is excellent.,3,positive
Bought this office chair a few weeks ago. Battery life is impressive. Overall it's can't complain.,4,positive
This smartwatch is cheap. The material feels cheap.,1,negative
This coffee maker is smooth. Works perfectly out of the box. Overall it's didn't disappoint.,5,positive
This phone case is impressive. Works perfectly out of the box.,3,positive
This coffee maker is so-so.,3,negative
This wireless mouse is smooth. Customer service was very helpful.,5,positive
This headphones is fast. Rating: 4/5.,4,positive
This running shoes is average. It does the job but nothing more. Overall it's not bad.,3,neutral
This headphones is terrible. It's louder than advertised. Overall it's didn't disappoint. Rating: 2/5.,2,negative
This coffee maker is slow. The size runs way smaller than expected.,2,negative
"This vacuum cleaner is amazing. I would definitely buy this again. However, the size runs way smaller than expected.",3,positive
"This vacuum cleaner is fine. Some features are useful, others aren't.",4,neutral
This headphones is frustrating. Battery drains way too fast. Rating: 1/5.,1,negative
This office chair is subpar. Customer support never responded.,2,negative
This yoga mat is impressive. It feels premium for the price.,3,positive
This bluetooth speaker is useless.,2,negative
"This vacuum cleaner is frustrating. The size runs way smaller than expected. However, customer service was very helpful. Overall it's not bad.",1,negative
"This backpack is reasonable. Some features are useful, others aren't.",4,neutral
This desk lamp is subpar.,3,negative
This desk lamp is solid. Overall it's could be better.,5,positive
This office chair is decent. Packaging was fine.,3,neutral
This vacuum cleaner is comfortable. Shipping was fast and packaging was solid.,4,positive
This running shoes is faulty. Rating: 1/5.,1,negative
"This yoga mat is faulty. On the plus side, it's fine for the price but I wouldn't rave about it.",2,negative
This running shoes is unreliable.,3,negative
This smartwatch is uncomfortable.,3,negative
This office chair is subpar. The size runs way smaller than expected.,1,negative
This running shoes is amazing. My whole family loves it now. Overall it's can't complain.,4,positive
This coffee maker is smooth.,5,positive
"This vacuum cleaner is okay. It does the job but nothing more. However, shipping was fast and packaging was solid. Overall it's wouldn't recommend.",3,neutral
"This desk lamp is clunky. Also, some features are useful, others aren't.",1,negative
"Bought this desk lamp a few weeks ago. Delivery took about a week. However, I had to return it after two days. Rating: 3/5.",3,neutral
Bought this coffee maker a few weeks ago. Overall it's didn't disappoint.,2,neutral
"This vacuum cleaner is reasonable. However, I would definitely buy this again.",3,positive
"Bought this smartwatch a few weeks ago. Works as described, no surprises. On the downside, stopped working within a week.",2,neutral
"This yoga mat is terrible. On teh plus side, the build quality is great.",2,negative
This headphones is smooth. Works perfectly out of the box.,4,positive
"This wireless mouse is superb. Setup took less than five minutes. On teh downside, the size runs way smaller than expected. Rating: 5/5.",5,positive
This vacuum cleaner is poor.,2,negative
This running shoes is affordable. Rating: 5/5.,5,positive
This backpack is comfortable.,5,positive
This smartwatch is solid. Exceeded my expectations. Rating: 5/5.,5,positive
This vacuum cleaner is fantastic.,5,positive
This blender is poor. The instructions were confusing.,2,negative
"This phone case is badly made. Customer support never responded. That said, it's fine for teh price but I wouldn't rave about it.",1,negative
This coffee maker is useless. I regret this purchase.,1,negative
"Bought this phone case a few weeks ago. Also, it's fine for the price but I wouldn't rave about it. Rating: 4/5.",4,positive
This headphones is not worth it.,3,negative
This vacuum cleaner is worth every penny. Battery life is impressive.,5,positive
This smartwatch is well made.,4,positive
Bought this blender a few weeks ago. Exceeded my expectations. Rating: 5/5.,5,negative
This air fryer is superb. Works perfectly out of teh box.,4,positive
"Bought this running shoes a few weeks ago. The instructions were confusing. However, shipping was fast and packaging was solid.",2,negative
This desk lamp is decent.,3,neutral
"This air fryer is well made. Exceeded my expectations. On the plus side, works as described, no surprises.",5,neutral
Bought this office chair a few weeks ago. I would definitely buy this again. Rating: 4/5.,4,positive
"This bluetooth speaker is average. It does the job but nothing more. That said, the build quality is great. Overall it's wouldn't recommend.",3,neutral
This yoga mat is responsive.,4,positive
This running shoes is shoddy. I regret this purchase.,3,negative
"Bought this backpack a few weeks ago. Setup took less than five minutes. That said, works as described, no surprises.",5,positive
This yoga mat is faulty. The size runs way smaller than expected.,2,negative
Bought this vacuum cleaner a few weeks ago. Shipping was fast and packaging was solid.,5,positive
This vacuum cleaner is frustrating.,3,negative
"This air fryer is nothing special. Works as described, no surprises. Overall it's not great.",3,neutral
This air fryer is reasonable.,4,neutral
This smartwatch is sturdy. Customer service was very helpful. Rating: 5/5.,5,positive
"This office chair is standard. Some features are useful, others aren't.",3,neutral
This laptop is disappointing.,2,negative
"This yoga mat is sleek. However, delivery took about a week.",3,positive
Bought this wireless mouse a few weeks ago. The build quality is great. Rating: 4/5.,4,positive
"This desk lamp is outstanding. Setup took less than five minutes. However, some features are useful, others aren't.",3,positive
Bought this desk lamp a few weeks ago.,3,negative
This desk lamp is slow. The instructions were confusing.,1,negative
This backpack is subpar. Overall it's not as good as I hoped.,1,negative
"This coffee maker is broken. I regret this purchase. That said, shipping was fast and packaging was solid. Rating: 1/5.",1,negative
This office chair is shoddy.,2,negative
Bought this headphones a few weeks ago. It feels premium for the price. Overall it's didn't disappoint.,5,positive
This yoga mat is sturdy. Customer service was very helpful. Overall it's not great.,5,positive
This vacuum cleaner is well made. Battery life is impressive.,3,positive
Bought this air fryer a few weeks ago.,4,positive
This laptop is defective.,2,negative
"This headphones is not worth it. The size runs way smaller than expected. That said, it feels premium for the price. Overall it's could be better.",2,negative
"This smartwatch is awful. It arrived damaged. However, battery life is impressive.",1,negative
This backpack is clunky. Rating: 2/5.,2,negative
This coffee maker is subpar. The size runs way smaller than expected. Rating: 1/5.,1,negative
This running shoes is sleek. Shipping was fast and packaging was solid.,5,positive
Bought this air fryer a few weeks ago. The size runs way smaller than expected. Overall it's didn't disappoint.,1,negative
This blender is wonderful.,5,positive
Bought this smartwatch a few weeks ago. Stopped working within a week.,2,negative
Bought this laptop a few weeks ago.,3,neutral
This headphones is clunky.,1,negative
Bought this wireless mouse a few weeks ago.,4,positive
This running shoes is not worth it.,1,negative
Bought this vacuum cleaner a few weeks ago. The instructions were confusing. Rating: 1/5.,1,negative
This wireless mouse is fantastic. Exceeded my expectations.,4,positive
This blender is comfortable.,3,positive
Bought this bluetooth speaker a few weeks ago. The build quality is great. Overall it's not great.,5,positive
This desk lamp is reasonable.,3,neutral
This bluetooth speaker is average. It does teh job but nothing more. Rating: 2/5.,2,neutral
This vacuum cleaner is fast. Rating: 4/5.,4,positive
Bought this blender a few weeks ago.,5,positive
This laptop is clunky. The material feels cheap.,1,negative
"This phone case is great. It feels premium for the price. That said, customer support never responded. Rating: 5/5.",5,positive
This backpack is awful.,1,negative
This office chair is uncomfortable.,2,negative
This backpack is amazing.,5,positive
This coffee maker is smooth. Exceeded my expectations. Rating: 5/5.,5,positive
Bought this coffee maker a few weeks ago.,1,negative
This wireless mouse is poor. The material feels cheap.,1,negative
"This phone case is slow. The instructions were confusing. Also, packaging was fine.",3,negative
This yoga mat is badly made. I had to return it after two days.,1,negative
This vacuum cleaner is cheap. Overall it's not bad. Rating: 2/5.,2,negative
"This blender is average. On teh plus side, setup took less than five minutes. Rating: 3/5.",3,neutral
"This phone case is awful. That said, I would definitely buy this again.",3,negative
"This yoga mat is outstanding. Battery life is impressive. On the downside, customer support never responded. Overall it's wouldn't recommend.",5,positive
This vacuum cleaner is sleek. The build quality is great. Overall it's didn't disappoint.,5,positive
"This vacuum cleaner is acceptable. However, it's louder than advertised.",3,neutral
This blender is faulty. The instructions were confusing.,2,negative
This office chair is nothing special.,2,neutral
Bought this running shoes a few weeks ago. I had to return it after two days.,1,negative
"This phone case is impressive. I would definitely buy this again. On the downside, battery drains way too fast. Overall it's didn't disappoint.",3,positive
"Bought this running shoes a few weeks ago. Customer support never responded. However, delivery took about a week. Rating: 2/5.",2,negative
This coffee maker is flimsy. Customer support never responded.,1,negative
This headphones is well made. It feels premium for the price.,4,positive
This vacuum cleaner is superb. It feels premium for the price. Rating: 3/5.,3,positive
This bluetooth speaker is nothing special.,2,neutral
This smartwatch is badly made. Customer support never responded. Rating: 3/5.,3,negative
Bought this wireless mouse a few weeks ago.,4,positive
"This wireless mouse is superb. My whole family loves it now. On the plus side, some features are useful, others aren't. Rating: 3/5.",3,positive
This yoga mat is unreliable. Customer support never responded.,1,negative
This yoga mat is overpriced.,2,negative
"Bought this air fryer a few weeks ago. Some features are useful, others aren't.",4,neutral
This coffee maker is durable.,5,positive
This blender is amazing. Exceeded my expectations. Overall it's can't complain.,5,positive
"This air fryer is average. It's fine for the price but i wouldn't rave about it. Also, I had to return it after two days. Rating: 3/5.",3,neutral
"This wireless mouse is acceptable. Some features are useful, others aren't.",3,neutral
This yoga mat is terrible. Rating: 1/5.,1,negative
This phone case is standard. Overall it's can't complain.,3,neutral
This air fryer is okay.,3,neutral
Bought this yoga mat a few weeks ago. Rating: 3/5.,3,positive
"This desk lamp is top notch. It feels premium for the price. That said, delivery took about a week.",5,positive
"This phone case is cheap. On the plus side, delivery took about a week. Rating: 3/5.",3,negative
This desk lamp is fine. It does the job but nothing more.,4,neutral
Bought this laptop a few weeks ago.,2,negative
This smartwatch is middle of the road. Rating: 4/5.,4,neutral
This smartwatch is slow. The instructions were confusing.,2,negative
This phone case is comfortable. It feels premium for the price.,3,positive
This desk lamp is defective. It's louder than advertised.,3,negative
"This office chair is fine. On the plus side, setup took less than five minutes. Overall it's not as good as I hoped.",3,neutral
Bought this blender a few weeks ago. The build quality is great.,4,positive
This coffee maker is superb. Battery life is impressive.,3,positive
This smartwatch is unreliable. It arrived damaged.,2,negative
This yoga mat is slow.,1,negative
"This backpack is top notch. The build quality is great. That said, battery drains way too fast.",4,positive
This backpack is broken.,3,negative
Bought this office chair a few weeks ago. I would definitely buy this again. Rating: 4/5.,4,positive
This smartwatch is awful. Rating: 3/5.,3,negative
"This coffee maker is top notch. Customer service was very helpful. However, I had to return it after two days. Rating: 4/5.",4,positive
Bought this phone case a few weeks ago. Rating: 4/5.,4,positive
This air fryer is unreliable.,1,negative
"Bought this headphones a few weeks ago. Stopped working within a week. Also, setup took less than five minutes.",3,negative
This coffee maker is faulty. The size runs way smaller than expected.,2,negative
"This laptop is wonderful. It feels premium for the price. Also, it's fine for the price but I wouldn't rave about it. Overall it's not bad.",4,positive
This running shoes is terrible. It's louder than advertised. Rating: 2/5.,2,negative
This wireless mouse is badly made. The size runs way smaller than expected. Rating: 3/5.,3,negative
This backpack is worth every penny.,4,negative
This coffee maker is amazing. The build quality is great.,3,positive
Bought this backpack a few weeks ago. It arrived damaged.,2,negative
This air fryer is comfortable.,5,positive
This bluetooth speaker is broken. The instructions were confusing.,2,negative
This smartwatch is shoddy. Battery drains way too fast.,1,negative
"This smartwatch is poor. Customer support never responded. That said, it's fine for the price but I wouldn't rave about it. Rating: 3/5.",3,negative
This blender is top notch. Shipping was fast and packaging was solid.,5,positive
This backpack is excellent. Rating: 4/5.,4,positive
This running shoes is overpriced.,3,negative
This running shoes is faulty.,1,negative
"This desk lamp is okay. Also, works perfectly out of the box. Overall it's didn't disappoint. Rating: 2/5.",2,neutral
"This vacuum cleaner is uncomfortable. Stopped working within a week. That said, it does the job but nothing more.",1,negative
"Bought this phone case a few weeks ago. Exceeded my expectations. However, delivery took about a week. Rating: 5/5.",5,positive
This phone case is sturdy.,3,positive
This office chair is solid.,5,positive
This bluetooth speaker is poor.,2,negative
Bought this wireless mouse a few weeks ago. The material feels cheap.,3,negative
This running shoes is responsive. Setup took less than five minutes. Rating: 3/5.,3,positive
This wireless mouse is unreliable. I regret this purchase. Overall it's didn't disappoint.,2,negative
This wireless mouse is shoddy.,2,negative
This desk lamp is top notch. Setup took less than five minutes. Overall it's not bad.,4,positive
"Bought this backpack a few weeks ago. Some features are useful, others aren't.",4,neutral
This blender is excellent. Works perfectly out of the box.,3,positive
This office chair is not worth it. It's louder than advertised. Rating: 3/5.,3,negative
"This running shoes is middle of teh road. Delivery took about a week. Also, I would definitely buy this again.",2,neutral
This backpack is average.,2,neutral
This smartwatch is wonderful. Customer service was vary helpful.,5,positive
This laptop is slow.,1,negative
This vacuum cleaner is well made. Customer service was very helpful. Rating: 3/5.,3,positive
"This vacuum cleaner is middle of the road. Packaging was fine. Also, I regret this purchase. Overall it's not great.",4,neutral
"This coffee maker is fast. The build quality is great. Also, works as described, no surprises. Rating: 5/5.",5,positive
This yoga mat is affordable. The build quality is great.,4,positive
This desk lamp is top notch. My whole family loves it now.,4,positive
This desk lamp is shoddy.,3,negative
This phone case is responsive. The build quality is great.,5,positive
This wireless mouse is poor.,2,negative
This desk lamp is terrible. The instructions were confusing.,2,negative
"This running shoes is durable. It feels premium for the price. However, delivery took about a week.",4,positive
This backpack is frustrating.,1,negative
This backpack is smooth.,4,positive
"This smartwatch is shoddy. Customer support never responded. Also, works as described, no surprises. Rating: 3/5.",3,negative
This laptop is durable. The build quality is great.,5,positive
This headphones is responsive. Battery life is impressive. Rating: 4/5.,4,positive
This wireless mouse is superb. Rating: 4/5.,4,positive
This laptop is great. Works perfectly out of the box.,4,positive
"This yoga mat is shoddy. Battery drains way too fast. On the plus side, packaging was fine.",2,negative
This laptop is flimsy. Rating: 3/5.,3,negative
"This bluetooth speaker is fine. Works as described, no surprises.",3,neutral
This headphones is sleek. Shipping was fast and packaging was solid.,5,positive
This wireless mouse is nothing special.,2,neutral
"This backpack is fantastic. That said, it arrived damaged.",4,positive
"This wireless mouse is wonderful. Works perfectly out of the box. Also, works as described, no surprises.",4,positive
This backpack is well made. The build quality is great. Rating: 5/5.,5,positive
This headphones is defective. It's louder than advertised.,3,positive
This vacuum cleaner is overpriced.,2,negative
This laptop is slow. I regret this purchase.,2,negative
"This yoga mat is acceptable. Some features are useful, others aren't. Overall it's didn't disappoint.",2,neutral
Bought this yoga mat a few weeks ago. Stopped working within a week.,1,negative
This air fryer is flimsy. The instructions were confusing.,1,positive
Bought this desk lamp a few weeks ago.,1,negative
"Bought this running shoes a few weeks ago. Also, setup took less than five minutes.",2,negative
This coffee maker is not worth it.,1,negative
"This vacuum cleaner is shoddy. Stopped working within a week. However, the build quality is great. Rating: 2/5.",2,negative
This air fryer is great. The build quality is great.,4,positive
Bought this yoga mat a few weeks ago. It's louder than advertised. Overall it's could be better. Rating: 2/5.,2,negative
This yoga mat is great. My whole family loves it now. Overall it's didn't disappoint.,4,positive
Bought this headphones a few weeks ago. Shipping was fast and packaging was solid.,4,positive
This phone case is wonderful. The build quality is great. Rating: 3/5.,3,positive
This coffee maker is not worth it. Overall it's not bad.,1,negative
This phone case is solid. Exceeded my expectations.,3,positive
This smartwatch is outstanding. Battery life is impressive.,4,positive
This laptop is impressive. Shipping was fast and packaging was solid.,5,positive
"This wireless mouse is outstanding. On teh plus side, it does the job but nothing more. Rating: 3/5.",3,positive
This blender is wonderful.,5,positive
This wireless mouse is disappointing.,3,negative
"This running shoes is broken. I regret this purchase. However, some features are useful, others aren't.",2,negative
This air fryer is sleek. The build quality is great.,4,positive
This phone case is flimsy.,2,negative
This laptop is outstanding. Exceeded my expectations. Rating: 3/5.,3,positive
This air fryer is fine. It does the job but nothing more.,4,neutral
This running shoes is cheap. I had to return it after two days. Rating: 2/5.,2,negative
This backpack is sturdy. Customer service was very helpful. Rating: 5/5.,5,positive
"This headphones is awful. The material feels cheap. That said, works as described, no surprises.",1,positive
"This office chair is responsive. The build quality is great. Also, some features are useful, others aren't. Rating: 3/5.",3,positive
This laptop is so-so.,3,negative
This blender is outstanding. Works perfectly out of the box.,4,positive
This coffee maker is faulty. Rating: 1/5.,1,negative
"This running shoes is outstanding. However, teh size runs way smaller than expected. Rating: 4/5.",4,positive
"This bluetooth speaker is average. Some features are useful, others aren't. Overall it's wouldn't recommend.",2,neutral
This backpack is fast. Works perfectly out of the box.,4,positive
"This running shoes is terrible. It's louder than advertised. On the plus side, it does the job but nothing more. Overall it's wouldn't recommend. Rating: 2/5.",2,negative
This coffee maker is solid.,5,positive
This vacuum cleaner is durable. Customer service was very helpful.,4,positive
This running shoes is impressive. Exceeded my expectations. Rating: 4/5.,4,positive
This office chair is sleek. Rating: 4/5.,4,positive
This wireless mouse is middle of the road. Packaging was fine.,4,neutral
Bought this smartwatch a few weeks ago. Battery drains way too fast.,3,negative
This yoga mat is average. It's fine for the price but i wouldn't rave about it.,3,neutral
"This desk lamp is well made. Setup took less than five minutes. On the downside, customer support never responded.",4,positive
This smartwatch is superb. I would definitely buy this again.,4,positive
This phone case is slow.,1,negative
This headphones is average. Rating: 3/5.,3,neutral
This air fryer is overpriced. The instructions were confusing. Rating: 1/5.,1,negative
"This bluetooth speaker is poor. I regret this purchase. Also, exceeded my expectations.",3,negative
This laptop is shoddy.,1,negative
Bought this air fryer a few weeks ago. Rating: 1/5.,1,negative
"This blender is great. Battery life is impressive. That said, packaging was fine. Overall it's not great.",3,positive
This wireless mouse is decent.,3,neutral
Bought this office chair a few weeks ago.,3,negative
This yoga mat is broken. Stopped working within a week.,1,negative
This laptop is frustrating.,3,negative
This blender is subpar.,1,negative
This phone case is decent. It does the job but nothing more. Rating: 2/5.,2,neutral
This backpack is worth every penny. Shipping was fast and packaging was solid.,4,positive
This smartwatch is useless. It's louder than advertised.,2,negative
This backpack is top notch. Exceeded my expectations.,5,positive
Bought this running shoes a few weeks ago. Overall it's wouldn't recommend.,1,negative
This bluetooth speaker is badly made.,2,negative
This bluetooth speaker is shoddy. Stopped working within a week.,2,negative
Bought this headphones a few weeks ago. It does the job but nothing more.,2,neutral
This yoga mat is reasonable. It does the job but nothing more.,2,neutral
"This wireless mouse is standard. Packaging was fine. That said, it feels premium for the price.",2,neutral
Bought this blender a few weeks ago.,4,positive
This backpack is impressive. Shipping was fast and packaging was solid.,4,positive
This headphones is nothing special. It does the job but nothing more. Rating: 3/5.,3,neutral
This blender is top notch. I would definitely buy this again.,5,positive
This vacuum cleaner is well made. My whole family loves it now.,4,positive
"This coffee maker is standard. It does the job but nothing more. However, exceeded my expectations.",3,neutral
This yoga mat is overpriced. I regret this purchase.,1,negative
This wireless mouse is average.,3,neutral
Bought this wireless mouse a few weeks ago.,4,positive
Bought this bluetooth speaker a few weeks ago.,2,negative
This wireless mouse is impressive. My whole family loves it now. Overall it's not bad.,5,positive
This air fryer is solid. Battery life is impressive.,3,positive
This vacuum cleaner is impressive. I would definitely buy this again. Overall it's wouldn't recommend. Rating: 5/5.,5,positive
"This air fryer is fast. Exceeded my expectations. On the plus side, delivery took about a week. Rating: 3/5.",3,positive
This desk lamp is uncomfortable. Customer support never responded.,3,negative
This wireless mouse is shoddy.,3,negative
This wireless mouse is fast.,3,positive
This headphones is faulty. Stopped working within a week.,3,negative
This phone case is durable. Shipping was fast and packaging was solid.,5,positive
"This blender is nothing special. Some features are useful, others aren't. On the downside, teh instructions were confusing. Overall it's didn't disappoint.",2,neutral
"This headphones is slow. Also, it's fine for the price but I wouldn't rave about it. Overall it's wouldn't recommend.",2,negative
"Bought this bluetooth speaker a few weeks ago. Works as described, no surprises. Overall it's can't complain.",4,neutral
This laptop is flimsy. The instructions were confusing.,2,negative
"This blender is impressive. It feels premium for the price. However, I regret this purchase. Rating: 3/5.",3,positive
Bought this vacuum cleaner a few weeks ago. It's fine for the price but i wouldn't rave about it. Rating: 3/5.,3,neutral
"Bought this blender a few weeks ago. Works as described, no surprises.",3,neutral
This desk lamp is responsive.,3,positive
"This office chair is acceptable. Some features are useful, others aren't.",3,neutral
This coffee maker is middle of the road. Rating: 4/5.,4,neutral
"This running shoes is sturdy. My whole family loves it now. On the plus side, some features are useful, others aren't.",5,positive
"This phone case is frustrating. The size runs way smaller than expected. On the plus side, works perfectly out of the box. Rating: 2/5.",2,negative
This coffee maker is wonderful. Shipping was fast and packaging was solid.,3,positive
This coffee maker is fast.,4,positive
"This smartwatch is amazing. It feels premium for the price. On the plus side, it does the job but nothing more.",4,positive
This bluetooth speaker is useless. The material feels cheap.,2,negative
This desk lamp is outstanding. Works perfectly out of teh box.,4,positive
"This yoga mat is acceptable. Some features are useful, others aren't. Rating: 2/5.",2,neutral
This blender is uncomfortable.,1,neutral
This laptop is great. I would definitely buy this again.,5,positive
Bought this air fryer a few weeks ago.,2,negative
This headphones is amazing. The build quality is great. Overall it's wouldn't recommend.,3,positive
This vacuum cleaner is shoddy. The material feels cheap.,2,negative
Bought this coffee maker a few weeks ago.,2,neutral
This running shoes is sleek.,5,positive
This blender is slow. Customer support never responded.,1,negative
Bought this smartwatch a few weeks ago.,4,neutral
This laptop is flimsy. Battery drains way too fast. Rating: 3/5.,3,negative
"Bought this laptop a few weeks ago. Works as described, no surprises.",4,neutral
Bought this running shoes a few weeks ago. I regret this purchase.,3,negative
This air fryer is smooth.,4,positive
This air fryer is okay. Packaging was fine. Rating: 3/5.,3,neutral
Bought this desk lamp a few weeks ago. The material feels cheap.,2,negative
This smartwatch is sleek.,5,positive
This coffee maker is reliable. Customer service was very helpful.,4,positive
Bought this smartwatch a few weeks ago. Packaging was fine. Rating: 3/5.,3,neutral
This coffee maker is slow. The size runs way smaller than expected. Rating: 1/5.,1,negative
This coffee maker is cheap. I regret this purchase. Overall it's wouldn't recommend.,2,negative
This coffee maker is outstanding. Battery life is impressive. Overall it's could be better.,5,positive
"This headphones is unreliable. That said, some features are useful, others aren't. Overall it's could be better.",2,negative
This phone case is terrible. I had to return it after two days.,3,negative
This yoga mat is reliable. It feels premium for the price. Rating: 5/5.,5,positive
This vacuum cleaner is flimsy.,2,negative
This office chair is solid.,4,positive
"Bought this blender a few weeks ago. The instructions were confusing. Also, it's fine for the price but I wouldn't rave about it.",2,negative
This phone case is worth every penny. Works perfectly out of the box.,5,positive
This vacuum cleaner is comfortable. Battery life is impressive.,5,positive
This smartwatch is durable. Battery life is impressive. Rating: 4/5.,4,positive
This running shoes is flimsy. It's louder than advertised.,1,negative
"This office chair is fine. Works as described, no surprises. Rating: 4/5.",4,neutral
"Bought this smartwatch a few weeks ago. Works as described, no surprises. Rating: 4/5.",4,neutral
This bluetooth speaker is amazing. Works perfectly out of the box. Rating: 4/5.,4,positive
This wireless mouse is middle of the road.,4,neutral
"This wireless mouse is responsive. Setup took less than five minutes. On the downside, customer support never responded.",5,positive
"This headphones is frustrating. Stopped working within a week. Also, packaging was fine.",2,negative
This air fryer is top notch. Battery life is impressive.,4,positive
This vacuum cleaner is well made. Exceeded my expectations. Rating: 5/5.,5,positive
"This yoga mat is standard. Some features are useful, others aren't.",3,neutral
"Bought this vacuum cleaner a few weeks ago. The material feels cheap. Also, it does teh job but nothing more. Rating: 1/5.",1,negative
Bought this yoga mat a few weeks ago.,1,negative
This smartwatch is wonderful.,4,positive
This vacuum cleaner is cheap.,3,negative
Bought this laptop a few weeks ago. Battery drains way too fast.,1,negative
This wireless mouse is decent. Delivery took about a week. Rating: 3/5.,3,neutral
This vacuum cleaner is fine.,4,neutral
Bought this coffee maker a few weeks ago.,3,positive
This running shoes is defective.,2,negative
"This wireless mouse is clunky. The instructions were confusing. Also, packaging was fine. Rating: 2/5.",2,negative
"This wireless mouse is fine. Some features are useful, others aren't. Rating: 3/5.",3,neutral
Bought this bluetooth speaker a few weeks ago.,2,neutral
This running shoes is standard. Packaging was fine.,3,neutral
This laptop is affordable. Customer service was very helpful. Rating: 5/5.,5,positive
Bought this headphones a few weeks ago. My whole family loves it now.,4,positive
Bought this bluetooth speaker a few weeks ago. Rating: 1/5.,1,negative
"This backpack is flimsy. That said, the build quality is great.",2,negative
This vacuum cleaner is top notch. The build quality is great. Rating: 3/5.,3,positive
"Bought this office chair a few weeks ago. Battery life is impressive. However, works as described, no surprises. Rating: 3/5.",3,positive
This backpack is frustrating. It's louder than advertised.,1,negative
This desk lamp is amazing. Setup took less than five minutes.,5,positive
This desk lamp is awful. The instructions were confusing.,3,negative
"This yoga mat is so-so. Some features are useful, others aren't. On the downside, battery drains way too fast.",4,neutral
"This yoga mat is excellent. It feels premium for the price. Also, it does the job but nothing more.",5,positive
This backpack is reliable. I would definitely buy this again.,5,positive
Bought this vacuum cleaner a few weeks ago. It's fine for the price but i wouldn't rave about it.,3,neutral
"This coffee maker is fine. It's fine for the price but i wouldn't rave about it. However, customer service was very helpful. Rating: 4/5.",4,neutral
This coffee maker is broken. It's louder than advertised.,1,negative
This backpack is useless.,2,negative
"This air fryer is average. Works as described, no surprises. Overall it's wouldn't recommend.",4,neutral
"This running shoes is fantastic. Shipping was fast and packaging was solid. However, battery drains way too fast. Overall it's not great. Rating: 5/5.",5,positive
"Bought this vacuum cleaner a few weeks ago. However, packaging was fine. Rating: 4/5.",4,positive
This air fryer is broken. Customer support never responded. Rating: 1/5.,1,negative
This bluetooth speaker is wonderful. Shipping was fast and packaging was solid. Rating: 4/5.,4,positive
This desk lamp is shoddy. The instructions were confusing.,3,negative
"Bought this vacuum cleaner a few weeks ago. Also, setup took less than five minutes.",2,negative
"This office chair is well made. Customer service was very helpful. Also, works as described, no surprises.",5,positive
This office chair is smooth. Exceeded my expectations. Overall it's wouldn't recommend.,5,positive
This smartwatch is shoddy. Stopped working within a week.,1,negative
"Bought this laptop a few weeks ago. I had to return it after two days. However, works as described, no surprises. Overall it's not great.",2,negative
This backpack is amazing. It feels premium for the price. Overall it's not great.,3,positive
This headphones is defective. I had to return it after two days. Overall it's can't complain.,2,neutral
This backpack is uncomfortable.,2,negative
This desk lamp is superb.,3,positive
"This laptop is worth every penny. It feels premium for the price. On teh plus side, works as described, no surprises.",5,positive
Bought this wireless mouse a few weeks ago. Stopped working within a week.,1,negative
This wireless mouse is smooth. Shipping was fast and packaging was solid.,5,positive
This office chair is useless. Rating: 3/5.,3,negative
This headphones is useless. Rating: 3/5.,3,negative
This smartwatch is worth every penny. The build quality is great. Rating: 5/5.,5,positive
This smartwatch is well made. Works perfectly out of the box. Rating: 3/5.,3,positive
This backpack is comfortable. The build quality is great.,5,positive
This coffee maker is terrible. The material feels cheap. Overall it's can't complain. Rating: 2/5.,2,negative
This bluetooth speaker is fine. Delivery took about a week. Overall it's could be better.,3,neutral
This wireless mouse is acceptable. It's fine for the price but i wouldn't rave about it.,3,neutral
"This blender is worth every penny. On the plus side, works as described, no surprises.",3,positive
"This vacuum cleaner is reasonable. It's fine for the price but i wouldn't rave about it. However, the size runs way smaller than expected. Rating: 3/5.",3,neutral
Bought this desk lamp a few weeks ago. Rating: 5/5.,5,positive
This yoga mat is not worth it. Rating: 1/5.,1,negative
"Bought this yoga mat a few weeks ago. Exceeded my expectations. That said, some features are useful, others aren't.",5,positive
"This running shoes is reliable. It feels premium for the price. However, it's louder than advertised.",4,positive
"This laptop is fine. That said, the size runs way smaller than expected.",2,neutral
This bluetooth speaker is outstanding. Works perfectly out of the box.,3,positive
"This yoga mat is useless. Customer support never responded. However, works as described, no surprises.",2,negative
"This laptop is frustrating. Customer support never responded. That said, works as described, no surprises. Rating: 1/5.",1,negative
"This coffee maker is reasonable. Works as described, no surprises.",2,neutral
This coffee maker is flimsy. It's louder than advertised. Rating: 1/5.,1,negative
"This backpack is superb. Also, the instructions were confusing.",5,positive
Bought this bluetooth speaker a few weeks ago. My whole family loves it now. Overall it's not great. Rating: 4/5.,4,neutral
This running shoes is sturdy.,5,positive
"This backpack is acceptable. Works as described, no surprises. Rating: 4/5.",4,neutral
"This blender is decent. Works as described, no surprises. Overall it's not great. Rating: 2/5.",2,neutral
This headphones is terrible. Rating: 2/5.,2,negative
This vacuum cleaner is well made. My whole family loves it now. Overall it's not great.,5,positive
Bought this blender a few weeks ago. Packaging was fine.,3,neutral
Bought this desk lamp a few weeks ago.,1,negative
Bought this headphones a few weeks ago. Stopped working within a week. Rating: 2/5.,2,negative
This vacuum cleaner is so-so. Rating: 2/5.,2,neutral
This running shoes is defective.,2,negative
"This blender is solid. Works perfectly out of the box. However, it's fine for teh price but I wouldn't rave about it.",5,positive
This blender is unreliable. Rating: 2/5.,2,negative
This office chair is shoddy. It's louder than advertised.,2,negative
This smartwatch is useless. I regret this purchase. Rating: 2/5.,2,neutral
"This bluetooth speaker is wonderful. I would definitely buy this again. Also, teh instructions were confusing.",5,positive
"This bluetooth speaker is overpriced. However, exceeded my expectations. Rating: 1/5.",1,negative
This headphones is fine. Delivery took about a week.,3,neutral
This air fryer is useless.,1,neutral
This wireless mouse is fantastic. It feels premium for teh price.,4,positive
This coffee maker is flimsy. Rating: 1/5.,1,negative
This backpack is affordable. Setup took less than five minutes. Rating: 5/5.,5,positive
This phone case is sleek.,5,positive
"This phone case is solid. Exceeded my expectations. Also, delivery took about a week.",4,positive
"Bought this office chair a few weeks ago. Setup took less than five minutes. However, it's louder than advertised. Rating: 3/5.",3,positive
This laptop is clunky. The material feels cheap.,2,negative
This office chair is disappointing. It's louder than advertised. Overall it's could be better.,2,negative
"This wireless mouse is comfortable. However, it's louder than advertised.",3,positive
This blender is subpar. The instructions were confusing.,2,negative
"This headphones is decent. However, the instructions were confusing. Rating: 3/5.",3,neutral
This air fryer is shoddy. Stopped working within a week.,2,negative
Bought this headphones a few weeks ago. Stopped working within a week.,3,negative
This smartwatch is faulty.,1,negative
This laptop is decent.,2,neutral
"This air fryer is terrible. Also, it's fine for the price but I wouldn't rave about it.",1,negative
This smartwatch is unreliable. Customer support never responded. Rating: 2/5.,2,negative
This bluetooth speaker is wonderful. Exceeded my expectations. Rating: 3/5.,3,positive
This phone case is frustrating. Customer support never responded. Rating: 2/5.,2,negative
Bought this backpack a few weeks ago. I would definitely buy this again. Rating: 5/5.,5,positive
This air fryer is fantastic. Exceeded my expectations.,4,positive
Bought this yoga mat a few weeks ago.,3,negative
This office chair is solid.,5,positive
This office chair is poor. It arrived damaged.,1,negative
This wireless mouse is responsive.,4,positive
"This backpack is poor. Stopped working within a week. On the plus side, my whole family loves it now. Rating: 3/5.",3,negative
This yoga mat is flimsy. It arrived damaged.,3,negative
"This smartwatch is great. That said, some features are useful, others aren't.",4,positive
This running shoes is badly made. Battery drains way too fast. Overall it's not great. Rating: 1/5.,1,negative
"This desk lamp is responsive. Works perfectly out of the box. Also, customer support never responded. Rating: 4/5.",4,positive
This backpack is uncomfortable.,1,negative
"This backpack is fantastic. I would definitely buy this again. Also, some features are useful, others aren't.",4,positive
This coffee maker is comfortable. I would definately buy this again.,3,positive
This running shoes is average. Rating: 2/5.,2,neutral
This phone case is smooth. Setup took less than five minutes.,4,positive
This air fryer is middle of the road. Delivery took about a week. Rating: 3/5.,3,neutral
Bought this smartwatch a few weeks ago. Rating: 3/5.,3,positive
Bought this office chair a few weeks ago.,4,positive
This vacuum cleaner is cheap.,3,negative
This coffee maker is badly made.,2,negative
"This office chair is okay. It does the job but nothing more. That said, it's louder than advertised. Rating: 3/5.",3,neutral
"This desk lamp is nothing special. Works as described, no surprises. However, I regret this purchase.",2,neutral
This wireless mouse is top notch.,5,positive
"This yoga mat is disappointing. Customer support never responded. Also, exceeded my expectations.",2,negative
"This headphones is awful. The instructions were confusing. That said, works as described, no surprises. Rating: 2/5.",2,negative
This air fryer is reliable.,3,positive
This smartwatch is smooth.,4,positive
This blender is flimsy. I had to return it after two days.,1,negative
This backpack is flimsy. The material feels cheap.,3,negative
Bought this blender a few weeks ago.,3,negative
This phone case is top notch. Battery life is impressive.,5,positive
This air fryer is decent. Delivery took about a week.,3,neutral
"This bluetooth speaker is wonderful. It feels premium for the price. That said, some features are useful, others aren't.",5,positive
This air fryer is not worth it.,2,negative
This smartwatch is disappointing. It arrived damaged.,1,negative
This backpack is worth every penny. Exceeded my expectations. Rating: 3/5.,3,positive
This headphones is overpriced. Stopped working within a week.,2,negative
This bluetooth speaker is badly made. Rating: 1/5.,1,negative
This desk lamp is superb. The build quality is great.,5,positive
"This desk lamp is outstanding. However, it's fine for the price but I wouldn't rave about it. Rating: 3/5.",3,positive
This air fryer is nothing special. Packaging was fine. Rating: 4/5.,4,neutral
This headphones is cheap.,1,negative
This phone case is frustrating. It's louder than advertised.,3,negative
Bought this yoga mat a few weeks ago. It's louder than advertised.,1,negative
This desk lamp is outstanding.,4,positive
Bought this vacuum cleaner a few weeks ago. I had to return it after two days.,2,negative
This laptop is faulty. The material feels cheap.,1,positive
Bought this air fryer a few weeks ago. Delivery took about a week. Rating: 3/5.,3,neutral
This headphones is superb. Overall it's didn't disappoint.,4,positive
Bought this air fryer a few weeks ago. Setup took less than five minutes.,4,positive
This phone case is so-so. Rating: 2/5.,2,neutral
"This air fryer is standard. Packaging was fine. On the downside, the size runs way smaller than expected.",4,neutral
This smartwatch is middle of the road. Packaging was fine.,2,neutral
"Bought this yoga mat a few weeks ago. My whole family loves it now. That said, battery drains way too fast. Rating: 5/5.",5,positive
This blender is reasonable.,3,neutral
"This yoga mat is fine. Some features are useful, others aren't. Rating: 3/5.",3,neutral
"This wireless mouse is cheap. However, it's fine for the price but I wouldn't rave about it. Overall it's not as good as I hoped.",2,negative
This office chair is nothing special. Packaging was fine. Overall it's can't complain.,3,neutral
This wireless mouse is cheap.,2,negative
Bought this desk lamp a few weeks ago. Delivery took about a week.,4,neutral
"Bought this headphones a few weeks ago. I regret this purchase. However, it's fine for the price but I wouldn't rave about it. Rating: 2/5.",2,negative
This vacuum cleaner is slow. The material feels cheap.,2,negative
"Bought this smartwatch a few weeks ago. My whole family loves it now. That said, it's louder than advertised.",4,positive
This running shoes is top notch. Setup took less than five minutes.,4,positive
This office chair is worth every penny. Setup took less than five minutes.,4,positive
This office chair is awful. The size runs way smaller than expected.,1,negative
This air fryer is sleek. Works perfectly out of the box.,4,positive
Bought this laptop a few weeks ago. The instructions were confusing. Rating: 2/5.,2,negative
Bought this backpack a few weeks ago. It's louder than advertised. Overall it's not as good as I hoped.,2,negative
This headphones is acceptable. Delivery took about a week.,2,neutral
This headphones is sturdy.,3,positive
Bought this phone case a few weeks ago. Customer support never responded.,1,negative
This vacuum cleaner is top notch. I would definitely buy this again.,4,positive
"This headphones is middle of the road. Some features are useful, others aren't.",4,neutral
Bought this wireless mouse a few weeks ago.,3,neutral
This smartwatch is frustrating. The material feels cheap. Overall it's wouldn't recommend. Rating: 3/5.,3,negative
This wireless mouse is excellent. Customer service was very helpful. Rating: 3/5.,3,positive
This vacuum cleaner is overpriced. Customer support never responded.,3,negative
This wireless mouse is clunky. I regret this purchase.,2,negative
This laptop is excellent. The build quality is great.,4,positive
Bought this headphones a few weeks ago. I would definitely buy this again. Overall it's not great.,3,positive
"Bought this bluetooth speaker a few weeks ago. Stopped working within a week. Also, it does the job but nothing more.",3,negative
"This blender is impressive. Works perfectly out of the box. Also, battery drains way too fast.",5,positive
This blender is top notch. It feels premium for the price. Rating: 5/5.,5,positive
This bluetooth speaker is fantastic. I would definately buy this again. Overall it's didn't disappoint.,5,positive
This running shoes is frustrating.,1,negative
"This phone case is uncomfortable. On the plus side, packaging was fine. Overall it's not great.",2,negative
"This laptop is outstanding. Customer service was very helpful. Also, customer support never responded. Rating: 4/5.",4,positive
This yoga mat is durable. The build quality is great.,5,positive
"This headphones is disappointing. Stopped working within a week. That said, the build quality is great. Rating: 2/5.",2,negative
Bought this smartwatch a few weeks ago. It does the job but nothing more. Overall it's could be better.,4,neutral
This desk lamp is badly made. Rating: 1/5.,1,negative
This blender is terrible. The instructions were confusing. Rating: 2/5.,2,negative
"This backpack is cheap. I regret this purchase. Also, it's fine for the price but I wouldn't rave about it. Rating: 3/5.",3,negative
This yoga mat is sleek.,4,positive
This desk lamp is poor. Rating: 3/5.,3,negative
This office chair is middle of the road.,3,neutral
Bought this wireless mouse a few weeks ago. It feels premium for the price. Rating: 5/5.,5,positive
"Bought this running shoes a few weeks ago. The build quality is great. Also, works as described, no surprises.",4,positive
Bought this wireless mouse a few weeks ago. The build quality is great.,3,positive
"This blender is subpar. However, it does the job but nothing more. Overall it's could be better. Rating: 3/5.",3,negative
"This vacuum cleaner is sturdy. Customer service was very helpful. However, some features are useful, others aren't. Overall it's can't complain.",3,positive
This vacuum cleaner is standard. Packaging was fine.,2,neutral
This desk lamp is okay. It's fine for the price but i wouldn't rave about it.,3,neutral
"This headphones is impressive. Customer service was very helpful. That said, stopped working within a week.",5,positive
"This bluetooth speaker is decent. That said, customer service was very helpful.",4,neutral
Bought this air fryer a few weeks ago. Customer service was very helpful.,5,positive
This backpack is sturdy.,3,negative
This desk lamp is faulty. The instructions were confusing.,1,negative
This bluetooth speaker is badly made.,2,negative
This yoga mat is okay. Delivery took about a week. Overall it's not great.,3,neutral
"This desk lamp is overpriced. That said, I would definitely buy this again.",1,negative
This air fryer is awful.,1,negative
Bought this vacuum cleaner a few weeks ago. Packaging was fine.,2,neutral
This phone case is acceptable. It does the job but nothing more.,2,neutral
Bought this coffee maker a few weeks ago. Battery life is impressive.,5,positive
"Bought this vacuum cleaner a few weeks ago. Shipping was fast and packaging was solid. Also, it does the job but nothing more. Overall it's didn't disappoint.",4,positive
This yoga mat is fantastic.,5,positive
This blender is standard.,3,neutral
This air fryer is defective. Battery drains way too fast.,1,negative
"This vacuum cleaner is well made. Setup took less than five minutes. That said, the instructions were confusing. Rating: 4/5.",4,positive
This backpack is affordable.,5,positive
"This office chair is badly made. Also, my whole family loves it now.",2,negative
This smartwatch is top notch. I would definately buy this again. Overall it's could be better. Rating: 5/5.,5,positive
"Bought this air fryer a few weeks ago. That said, it does the job but nothing more.",5,positive
This yoga mat is faulty. The instructions were confusing. Overall it's not bad. Rating: 1/5.,1,negative
This vacuum cleaner is shoddy. The size runs way smaller than expected.,3,negative
"This phone case is reasonable. Works as described, no surprises. Rating: 3/5.",3,neutral
Bought this running shoes a few weeks ago.,4,positive
"Bought this office chair a few weeks ago. It's fine for the price but i wouldn't rave about it. However, it arrived damaged.",3,neutral
"Bought this yoga mat a few weeks ago. I had to return it after two days. However, setup took less than five minutes. Rating: 3/5.",3,positive
This desk lamp is cheap. It arrived damaged.,2,negative
This phone case is not worth it. Customer support never responded. Overall it's didn't disappoint.,2,negative
This bluetooth speaker is clunky. The material feels cheap.,1,negative
This running shoes is great. Setup took less than five minutes. Rating: 4/5.,4,positive
This coffee maker is fantastic.,4,positive
This wireless mouse is smooth. My whole family loves it now.,4,positive
Bought this yoga mat a few weeks ago.,5,positive
"This smartwatch is subpar. The size runs way smaller than expected. On the plus side, the build quality is great. Overall it's didn't disappoint. Rating: 1/5.",1,negative
This yoga mat is worth every penny. The build quality is great.,5,positive
This headphones is average.,3,neutral
This desk lamp is disappointing.,2,negative
This blender is reliable. Rating: 5/5.,5,positive
"This phone case is okay. However, customer service was very helpful. Rating: 2/5.",2,neutral
This wireless mouse is responsive. Rating: 5/5.,5,positive
This laptop is average. Packaging was fine.,4,neutral
Bought this yoga mat a few weeks ago.,5,neutral
This blender is sturdy. I would definitely buy this again. Rating: 4/5.,4,positive
This blender is sturdy. Setup took less than five minutes. Rating: 5/5.,5,positive
Bought this bluetooth speaker a few weeks ago. Customer service was very helpful. Overall it's didn't disappoint. Rating: 4/5.,4,positive
Bought this headphones a few weeks ago.,5,positive
This running shoes is top notch. My whole family loves it now.,4,positive
Bought this laptop a few weeks ago. The instructions were confusing.,3,negative
This coffee maker is impressive. Exceeded my expectations.,5,positive
This phone case is top notch. Customer service was very helpful.,5,positive
This blender is smooth. The build quality is great.,5,positive
This laptop is disappointing. Battery drains way too fast.,2,negative
"This blender is cheap. Customer support never responded. Also, packaging was fine.",2,negative
This desk lamp is affordable.,5,positive
Bought this wireless mouse a few weeks ago. Rating: 2/5.,2,negative
This vacuum cleaner is awful. The instructions were confusing. Rating: 2/5.,2,negative
This office chair is sleek. The build quality is great. Overall it's not as good as I hoped. Rating: 5/5.,5,positive
This air fryer is sturdy. The build quality is great. Rating: 5/5.,5,positive
Bought this laptop a few weeks ago. Works perfectly out of the box.,5,neutral
"This phone case is solid. Battery life is impressive. On the plus side, it's fine for the price but I wouldn't rave about it. Rating: 4/5.",4,positive
Bought this vacuum cleaner a few weeks ago. Customer service was very helpful.,5,positive
"This headphones is subpar. It arrived damaged. However, packaging was fine.",3,negative
"This smartwatch is outstanding. I would definitely buy this again. However, packaging was fine.",5,positive
This headphones is smooth.,3,positive
This office chair is excellent. Works perfectly out of teh box. Rating: 5/5.,5,positive
This laptop is fast. Customer service was very helpful.,4,positive
This headphones is uncomfortable. Stopped working within a week. Rating: 1/5.,1,negative
This backpack is disappointing.,2,negative
"Bought this blender a few weeks ago. Some features are useful, others aren't. Overall it's didn't disappoint.",2,neutral
Bought this smartwatch a few weeks ago.,3,positive
This yoga mat is great.,5,positive
This phone case is amazing. My whole family loves it now.,5,positive
This wireless mouse is disappointing. The material feels cheap.,2,negative
"This blender is not worth it. The material feels cheap. That said, it does the job but nothing more. Overall it's not great.",1,negative
Bought this phone case a few weeks ago. Rating: 1/5.,1,negative
This desk lamp is defective.,2,negative
This wireless mouse is average.,3,neutral
"This phone case is fantastic. That said, it does the job but nothing more.",3,positive
This coffee maker is unreliable. Customer support never responded. Overall it's not bad.,1,negative
This wireless mouse is smooth.,5,positive
"Bought this smartwatch a few weeks ago. It feels premium for the price. Also, the size runs way smaller than expected. Rating: 4/5.",4,negative
This desk lamp is excellent. Overall it's not great. Rating: 3/5.,3,positive
This running shoes is reasonable.,4,neutral
Bought this backpack a few weeks ago. Rating: 3/5.,3,positive
This bluetooth speaker is slow.,2,negative
"Bought this blender a few weeks ago. On teh plus side, works as described, no surprises.",4,positive
This office chair is impressive. Setup took less than five minutes. Overall it's not great.,4,positive
"This backpack is acceptable. However, it arrived damaged.",2,neutral
Bought this backpack a few weeks ago.,3,negative
This laptop is durable.,4,positive
This vacuum cleaner is wonderful. It feels premium for the price. Overall it's could be better. Rating: 3/5.,3,positive
This phone case is reliable. Setup took less than five minutes.,5,positive
This yoga mat is durable. Setup took less than five minutes. Rating: 5/5.,5,positive
This laptop is flimsy. Customer support never responded.,3,negative
Bought this air fryer a few weeks ago.,4,positive
"This phone case is well made. Exceeded my expectations. That said, customer support never responded. Rating: 3/5.",3,positive
This office chair is solid. I would definitely buy this again. Rating: 4/5.,4,positive
Bought this office chair a few weeks ago. The material feels cheap. Rating: 2/5.,2,negative
This coffee maker is excellent. Setup took less than five minutes.,5,positive
"This headphones is okay. Delivery took about a week. However, customer support never responded. Overall it's wouldn't recommend.",3,neutral
"Bought this coffee maker a few weeks ago. I would definitely buy this again. Also, it's fine for the price but I wouldn't rave about it.",4,positive
This backpack is decent. Delivery took about a week.,2,neutral
"This bluetooth speaker is okay. Some features are useful, others aren't.",3,neutral
This yoga mat is broken. I had to return it after two days.,2,negative
This bluetooth speaker is terrible.,1,negative
This vacuum cleaner is disappointing. Stopped working within a week.,2,negative
Bought this vacuum cleaner a few weeks ago. Shipping was fast and packaging was solid. Rating: 4/5.,4,positive
"This air fryer is acceptable. It's fine for the price but i wouldn't rave about it. However, the instructions were confusing.",3,neutral
"This air fryer is decent. Works as described, no surprises. Rating: 3/5.",3,neutral
Bought this yoga mat a few weeks ago.,4,negative
Bought this office chair a few weeks ago. Battery life is impressive. Overall it's not great.,5,positive
Bought this vacuum cleaner a few weeks ago. Works perfectly out of the box.,3,positive
This desk lamp is great. Customer service was very helpful.,4,positive
This phone case is faulty. It's louder than advertised. Overall it's wouldn't recommend. Rating: 1/5.,1,negative
This air fryer is awful. Overall it's not bad.,2,negative
This air fryer is cheap.,1,negative
This backpack is wonderful. I would definitely buy this again.,5,positive
This bluetooth speaker is sturdy.,5,positive
"This bluetooth speaker is middle of the road. Delivery took about a week. However, the build quality is great. Rating: 3/5.",3,neutral
This blender is defective. It's louder than advertised. Rating: 2/5.,2,negative
"This backpack is useless. The size runs way smaller than expected. However, my whole family loves it now. Overall it's can't complain.",2,negative
This running shoes is terrible. Rating: 2/5.,2,negative
This blender is slow. The material feels cheap. Overall it's not as good as I hoped. Rating: 1/5.,1,negative
"This laptop is subpar. Battery drains way too fast. Also, delivery took about a week.",2,negative
This headphones is impressive. Customer service was very helpful.,4,positive
Bought this office chair a few weeks ago.,4,positive
This yoga mat is solid. Shipping was fast and packaging was solid. Rating: 3/5.,3,neutral
This air fryer is solid. Shipping was fast and packaging was solid. Overall it's could be better. Rating: 3/5.,3,positive
"This phone case is solid. I would definitely buy this again. Also, delivery took about a week.",5,positive
This desk lamp is disappointing. Customer support never responded. Overall it's can't complain.,2,negative
This phone case is responsive. Exceeded my expectations.,4,positive
This coffee maker is sleek.,4,positive
This bluetooth speaker is frustrating. I had to return it after two days.,2,negative
This backpack is top notch. Exceeded my expectations. Overall it's wouldn't recommend. Rating: 4/5.,4,positive
This phone case is great. Works perfectly out of the box.,4,positive
This coffee maker is affordable. Battery life is impressive.,5,positive
Bought this desk lamp a few weeks ago. Overall it's could be better.,4,positive
This headphones is responsive. My whole family loves it now. Rating: 4/5.,4,positive
This desk lamp is slow.,1,negative
This backpack is fast. Works perfectly out of the box.,4,positive
This headphones is useless. I had to return it after two days.,1,negative
"This blender is so-so. Works as described, no surprises. Rating: 3/5.",3,neutral
Bought this yoga mat a few weeks ago.,1,negative
"This vacuum cleaner is excellent. Exceeded my expectations. However, works as described, no surprises. Rating: 4/5.",4,positive
This desk lamp is impressive. My whole family loves it now.,5,positive
This blender is fantastic.,4,neutral
This bluetooth speaker is affordable. It feels premium for the price.,4,positive
This office chair is disappointing.,3,negative
"This office chair is great. Also, stopped working within a week.",5,negative
This air fryer is defective. Rating: 3/5.,3,negative
This yoga mat is well made.,5,positive
"This smartwatch is top notch. That said, some features are useful, others aren't.",4,positive
"This air fryer is overpriced. Battery drains way too fast. However, exceeded my expectations.",2,negative
This office chair is clunky. The size runs way smaller than expected. Rating: 1/5.,1,negative
This bluetooth speaker is comfortable.,4,positive
Bought this backpack a few weeks ago.,3,negative
Bought this desk lamp a few weeks ago.,2,negative
This headphones is great. Setup took less than five minutes. Rating: 5/5.,5,positive
This office chair is faulty. I had to return it after two days. Rating: 2/5.,2,negative
Bought this bluetooth speaker a few weeks ago.,5,positive
Bought this smartwatch a few weeks ago. The instructions were confusing. Overall it's wouldn't recommend. Rating: 1/5.,1,negative
"This headphones is impressive. Works perfectly out of the box. That said, customer support never responded. Overall it's didn't disappoint.",4,positive
"This desk lamp is well made. On the downside, stopped working within a week.",4,positive
"Bought this running shoes a few weeks ago. Also, some features are useful, others aren't.",3,positive
This wireless mouse is smooth. It feels premium for the price. Rating: 4/5.,4,positive
This blender is decent. Rating: 3/5.,3,neutral
"This vacuum cleaner is slow. The size runs way smaller than expected. However, delivery took about a week.",1,negative
This backpack is so-so. Packaging was fine.,3,neutral
Bought this smartwatch a few weeks ago.,3,positive
This bluetooth speaker is standard. Packaging was fine.,3,neutral
This headphones is overpriced. I regret this purchase.,1,negative
"This yoga mat is solid. Also, delivery took about a week. Overall it's can't complain. Rating: 5/5.",5,positive
This yoga mat is responsive.,3,positive
This bluetooth speaker is poor. Stopped working within a week. Rating: 1/5.,1,negative
This wireless mouse is so-so.,3,neutral
"This bluetooth speaker is not worth it. Customer support never responded. However, customer service was very helpful.",3,negative
"This office chair is standard. On the downside, the instructions were confusing.",4,neutral
This bluetooth speaker is nothing special. Packaging was fine. Rating: 3/5.,3,neutral
This bluetooth speaker is solid. Shipping was fast and packaging was solid. Rating: 5/5.,5,positive
This smartwatch is reasonable. It does the job but nothing more.,3,neutral
This coffee maker is frustrating. Rating: 1/5.,1,negative
This office chair is badly made. The instructions were confusing. Rating: 3/5.,3,negative
This laptop is nothing special.,3,neutral
This blender is defective. Stopped working within a week.,2,negative
"This bluetooth speaker is amazing. Shipping was fast and packaging was solid. On the plus side, packaging was fine.",5,positive
Bought this bluetooth speaker a few weeks ago.,3,neutral
Bought this yoga mat a few weeks ago.,2,negative
This desk lamp is faulty. The material feels cheap.,1,negative
"This headphones is middle of the road. Works as described, no surprises. That said, the material feels cheap. Rating: 3/5.",3,neutral
This headphones is decent. It does the job but nothing more.,3,neutral
Bought this laptop a few weeks ago. Delivery took about a week.,3,neutral
This phone case is worth every penny. Works perfectly out of the box.,3,positive
Bought this backpack a few weeks ago.,2,negative
"This bluetooth speaker is decent. However, it feels premium for the price.",3,neutral
This wireless mouse is disappointing. It's louder than advertised.,3,negative
This laptop is cheap.,2,negative
This headphones is sleek. Battery life is impressive.,4,positive
"This bluetooth speaker is responsive. Also, some features are useful, others aren't.",4,positive
This desk lamp is fine. It's fine for the price but i wouldn't rave about it. Overall it's could be better. Rating: 3/5.,3,neutral
This backpack is solid. Battery life is impressive.,5,positive
Bought this headphones a few weeks ago.,5,positive
This blender is outstanding. Battery life is impressive.,5,positive
This bluetooth speaker is fantastic. Rating: 5/5.,5,positive
This laptop is unreliable. I had to return it after two days.,2,negative
"This smartwatch is average. Packaging was fine. On the plus side, customer service was very helpful.",3,neutral
Bought this desk lamp a few weeks ago. Packaging was fine. Rating: 3/5.,3,neutral
"This laptop is standard. Works as described, no surprises.",3,neutral
This wireless mouse is well made.,3,positive
This smartwatch is responsive.,3,positive
This headphones is badly made. The material feels cheap.,1,negative
This backpack is decent. It does the job but nothing more.,3,neutral
This phone case is sturdy. Works perfectly out of the box.,5,positive
Bought this laptop a few weeks ago. I had to return it after two days. Rating: 1/5.,1,negative
"This laptop is faulty. Battery drains way too fast. Also, works as described, no surprises.",3,negative
"This office chair is okay. It does the job but nothing more. On the plus side, the build quality is great.",3,neutral
"This phone case is so-so. Works as described, no surprises.",2,neutral
Bought this phone case a few weeks ago. I would definitely buy this again. Rating: 5/5.,5,positive
"Bought this air fryer a few weeks ago. Some features are useful, others aren't. Rating: 2/5.",2,neutral
This office chair is acceptable. It's fine for the price but i wouldn't rave about it.,2,neutral
This running shoes is sleek. Works perfectly out of the box. Rating: 5/5.,5,positive
This bluetooth speaker is superb. I would definitely buy this again.,4,positive
"This yoga mat is standard. That said, battery life is impressive.",4,neutral
This yoga mat is outstanding. The build qaulity is great.,5,positive
This coffee maker is broken.,1,negative
Bought this coffee maker a few weeks ago.,4,neutral
Bought this backpack a few weeks ago. Overall it's wouldn't recommend.,3,neutral
Bought this backpack a few weeks ago. I would definitely buy this again. Overall it's can't complain.,4,positive
"This phone case is superb. Shipping was fast and packaging was solid. However, I had to return it after two days.",4,positive
Bought this air fryer a few weeks ago.,4,positive
Bought this office chair a few weeks ago. Customer service was very helpful.,3,neutral
This phone case is faulty.,1,negative
This vacuum cleaner is comfortable. It feels premium for the price. Overall it's didn't disappoint.,4,positive
This yoga mat is impressive. Shipping was fast and packaging was solid. Rating: 5/5.,5,positive
This yoga mat is unreliable. Customer support never responded. Rating: 1/5.,1,negative
"This backpack is superb. Shipping was fast and packaging was solid. Also, customer support never responded.",5,positive
This coffee maker is slow. It arrived damaged.,1,negative
This vacuum cleaner is decent. It's fine for teh price but i wouldn't rave about it.,2,neutral
"This wireless mouse is not worth it. Stopped working within a week. On the plus side, delivery took about a week. Rating: 1/5.",1,negative
This coffee maker is outstanding. Customer service was very helpful.,4,positive
"This headphones is poor. I regret this purchase. Also, exceeded my expectations. Overall it's didn't disappoint.",1,negative
"This phone case is reliable. My whole family loves it now. However, it's louder than advertised.",4,positive
"This bluetooth speaker is acceptable. Some features are useful, others aren't. Overall it's can't complain.",4,neutral
This headphones is nothing special. It does the job but nothing more. Rating: 3/5.,3,neutral
"This phone case is fantastic. Battery life is impressive. Also, teh size runs way smaller than expected. Overall it's can't complain.",4,positive
This office chair is durable. Shipping was fast and packaging was solid.,5,positive
This wireless mouse is amazing. Shipping was fast and packaging was solid.,5,positive
This yoga mat is faulty.,1,negative
Bought this wireless mouse a few weeks ago. Rating: 4/5.,4,positive
"This running shoes is badly made. I regret this purchase. That said, customer service was very helpful.",3,negative
This laptop is worth every penny. It feels premium for teh price. Rating: 4/5.,4,positive
Bought this backpack a few weeks ago.,2,neutral
"This yoga mat is overpriced. Stopped working within a week. On the plus side, it's fine for the price but I wouldn't rave about it.",1,negative
This headphones is fine.,3,neutral
This desk lamp is affordable. Exceeded my expectations.,3,positive
This laptop is reliable.,4,positive
"This blender is standard. Some features are useful, others aren't.",3,neutral
This vacuum cleaner is outstanding. I would definitely buy this again. Rating: 5/5.,5,positive
This yoga mat is responsive.,4,positive
This phone case is overpriced. Customer support never responded.,2,negative
Bought this bluetooth speaker a few weeks ago. The size runs way smaller than expected.,1,negative
Bought this bluetooth speaker a few weeks ago. Delivery took about a week.,3,neutral
Bought this coffee maker a few weeks ago.,1,negative
This smartwatch is defective. The instructions were confusing.,2,negative
"This coffee maker is wonderful. On the downside, teh material feels cheap.",4,positive
Bought this wireless mouse a few weeks ago. The build quality is great. Rating: 4/5.,4,positive
This bluetooth speaker is decent.,3,neutral
This vacuum cleaner is great.,4,positive
"This yoga mat is great. However, some features are useful, others aren't.",5,positive
"This yoga mat is not worth it. Also, some features are useful, others aren't. Rating: 2/5.",2,negative
This phone case is comfortable. Setup took less than five minutes. Rating: 4/5.,4,positive
This bluetooth speaker is broken. It arrived damaged.,2,negative
This coffee maker is well made. Battery life is impressive.,4,positive
This desk lamp is durable. The build quality is great.,3,positive
This headphones is excellent.,4,positive
Bought this coffee maker a few weeks ago. Works perfectly out of the box. Overall it's not bad. Rating: 5/5.,5,positive
This bluetooth speaker is terrible. I regret this purchase. Overall it's can't complain.,2,negative
This smartwatch is excellent. Battery life is impressive.,5,positive
This vacuum cleaner is terrible. I had to return it after two days.,1,negative
"This vacuum cleaner is smooth. On the plus side, it does the job but nothing more.",4,positive
This wireless mouse is excelent. Battery life is impressive.,4,positive
"This phone case is durable. Customer service was very helpful. Also, battery drains way too fast. Rating: 4/5.",4,positive
"This phone case is excellent. Shipping was fast and packaging was solid. Also, teh size runs way smaller than expected.",5,positive
This smartwatch is badly made.,1,negative
This bluetooth speaker is smooth.,5,positive
This headphones is wonderful. Shipping was fast and packaging was solid.,4,positive
This headphones is overpriced. Overall it's can't complain.,1,negative
"This yoga mat is sleek. Works perfectly out of the box. Also, it's louder than advertised.",5,positive
Bought this running shoes a few weeks ago. It's louder than advertised. Overall it's could be better.,1,negative
This blender is middle of the road. Rating: 3/5.,3,neutral
"This yoga mat is okay. Works as described, no surprises. Rating: 4/5.",4,neutral
This coffee maker is slow.,1,negative
Bought this yoga mat a few weeks ago. Rating: 5/5.,5,positive
"This blender is reasonable. However, I regret this purchase. Rating: 3/5.",3,neutral
This blender is disappointing.,2,negative
"This laptop is reasonable. Some features are useful, others aren't.",3,neutral
This running shoes is outstanding.,4,positive
Bought this laptop a few weeks ago. It feels premium for teh price. Overall it's didn't disappoint.,4,positive
This blender is reasonable. It does the job but nothing more. Overall it's not bad.,2,neutral
This blender is wonderful. My whole family loves it now. Rating: 4/5.,4,positive
This coffee maker is awful. Rating: 1/5.,1,positive
This coffee maker is amazing.,4,positive
This headphones is shoddy.,1,negative
This backpack is sleek. Works perfectly out of the box.,4,positive
This laptop is so-so.,3,neutral
Bought this yoga mat a few weeks ago. Shipping was fast and packaging was solid. Rating: 4/5.,4,positive
This vacuum cleaner is comfortable. Setup took less than five minutes.,3,positive
Bought this wireless mouse a few weeks ago. Battery drains way too fast. Overall it's can't complain. Rating: 1/5.,1,negative
"This desk lamp is middle of the road. Works as described, no surprises. Rating: 2/5.",2,neutral
"This laptop is standard. Some features are useful, others aren't. Rating: 3/5.",3,neutral
"Bought this air fryer a few weeks ago. Delivery took about a week. Also, battery drains way too fast. Rating: 4/5.",4,neutral
This wireless mouse is defective.,1,negative
This office chair is sturdy. Battery life is impressive. Rating: 4/5.,4,positive
"This office chair is shoddy. It arrived damaged. Also, I would definitely buy this again. Rating: 2/5.",2,negative
This laptop is reliable. Battery life is impressive.,4,positive
"Bought this phone case a few weeks ago. Packaging was fine. That said, my whole family loves it now.",3,neutral
"This yoga mat is middle of the road. Works as described, no surprises. Overall it's wouldn't recommend.",3,neutral
"This desk lamp is reasonable. However, exceeded my expectations. Rating: 2/5.",2,neutral
Bought this air fryer a few weeks ago.,5,positive
"Bought this phone case a few weeks ago. On the downside, customer support never responded.",3,neutral
"This air fryer is acceptable. It does the job but nothing more. However, the instructions were confusing. Rating: 2/5.",2,neutral
"This phone case is well made. My whole family loves it now. Also, the material feels cheap. Rating: 4/5.",4,positive
This coffee maker is worth every penny. Setup took less than five minutes. Overall it's not great. Rating: 4/5.,4,positive
This headphones is frustrating. It arrived damaged.,2,negative
This smartwatch is useless. Battery drains way too fast. Overall it's not bad.,1,negative
This air fryer is responsive.,5,positive
This air fryer is clunky. The material feels cheap.,2,negative
This phone case is frustrating. Stopped working within a week.,2,negative
This blender is useless.,2,negative
This running shoes is affordable. Rating: 5/5.,5,positive
This phone case is sturdy. Works perfectly out of the box.,4,positive
This yoga mat is poor.,1,negative
This coffee maker is subpar. The material feels cheap.,1,negative
This running shoes is flimsy. Overall it's can't complain.,2,negative
Bought this bluetooth speaker a few weeks ago. Exceeded my expectations.,4,positive
This vacuum cleaner is poor. I regret this purchase. Rating: 1/5.,1,negative
Bought this bluetooth speaker a few weeks ago. Customer service was vary helpful.,4,positive
Bought this vacuum cleaner a few weeks ago. Rating: 5/5.,5,positive
This bluetooth speaker is top notch. Setup took less than five minutes. Overall it's wouldn't recommend.,4,positive
Bought this wireless mouse a few weeks ago. Setup took less than five minutes.,3,positive
"This running shoes is average. It does the job but nothing more. On the downside, the size runs way smaller than expected. Rating: 3/5.",3,neutral
Bought this phone case a few weeks ago.,5,positive
This wireless mouse is defective. Overall it's wouldn't recommend. Rating: 3/5.,3,negative
Bought this vacuum cleaner a few weeks ago.,3,negative
This vacuum cleaner is slow. The instructions were confusing. Overall it's wouldn't recommend.,3,negative
This coffee maker is smooth.,5,positive
"This vacuum cleaner is excellent. My whole family loves it now. However, it does the job but nothing more. Rating: 4/5.",4,positive
Bought this backpack a few weeks ago.,4,positive
This yoga mat is solid. Setup took less than five minutes. Rating: 5/5.,5,positive
This vacuum cleaner is awful.,2,negative
This vacuum cleaner is top notch. Shipping was fast and packaging was solid.,4,positive
Bought this coffee maker a few weeks ago. It feels premium for the price. Rating: 4/5.,4,positive
This wireless mouse is uncomfortable. The instructions were confusing. Rating: 3/5.,3,negative
"This air fryer is faulty. I had to return it after two days. Also, I would definitely buy this again.",1,negative
Bought this desk lamp a few weeks ago. Customer support never responded. Rating: 1/5.,1,negative
This backpack is impressive.,4,positive
This desk lamp is fine. Packaging was fine.,3,neutral
Bought this running shoes a few weeks ago. Overall it's not as good as I hoped.,4,positive
This office chair is not worth it. The instructions were confusing.,1,negative
This coffee maker is solid. Rating: 5/5.,5,positive
This laptop is so-so. It's fine for the price but i wouldn't rave about it.,3,neutral
This smartwatch is durable.,4,positive
This running shoes is shoddy. I regret this purchase. Rating: 3/5.,3,negative
Bought this laptop a few weeks ago. I would definitely buy this again.,3,positive
This running shoes is responsive.,5,positive
Bought this blender a few weeks ago. Packaging was fine.,2,neutral
This running shoes is not worth it. Battery drains way too fast. Overall it's not as good as I hoped. Rating: 3/5.,3,negative
This office chair is disappointing.,1,negative
This headphones is shoddy. Battery drains way too fast. Overall it's could be better.,1,negative
This blender is responsive.,4,positive
This air fryer is average.,3,neutral
This laptop is wonderful. Battery life is impressive. Rating: 5/5.,5,positive
"Bought this backpack a few weeks ago. Customer service was vary helpful. On the downside, the material feels cheap. Overall it's not great. Rating: 3/5.",3,positive
This coffee maker is affordable.,4,positive
Bought this backpack a few weeks ago. The material feels cheap.,2,negative
"This yoga mat is unreliable. Battery drains way too fast. However, it's fine for the price but I wouldn't rave about it. Overall it's not great.",1,neutral
This running shoes is decent. Rating: 4/5.,4,neutral
This wireless mouse is top notch. My whole family loves it now. Overall it's could be better.,4,positive
This yoga mat is so-so.,2,neutral
This coffee maker is overpriced. I regret this purchase. Rating: 2/5.,2,negative
This phone case is nothing special.,3,neutral
Bought this smartwatch a few weeks ago.,2,negative
Bought this smartwatch a few weeks ago. Works perfectly out of the box. Overall it's can't complain.,4,positive
This yoga mat is broken. The instructions were confusing.,2,negative
"This air fryer is worth every penny. My whole family loves it now. On the downside, it's louder than advertised. Rating: 4/5.",4,positive
"This phone case is poor. The instructions were confusing. That said, delivery took about a week.",1,negative
This coffee maker is top notch. Shipping was fast and packaging was solid. Rating: 3/5.,3,positive
Bought this office chair a few weeks ago. I had to return it after two days.,3,negative
"This backpack is average. Some features are useful, others aren't. Overall it's not as good as I hoped.",3,neutral
"This air fryer is responsive. It feels premium for the price. That said, the instructions were confusing. Rating: 4/5.",4,positive
"This running shoes is okay. It does the job but nothing more. Also, customer support never responded. Rating: 3/5.",3,neutral
This backpack is poor. It's louder than advertised.,2,negative
This wireless mouse is cheap. It's louder than advertised.,1,negative
Bought this headphones a few weeks ago. Overall it's wouldn't recommend.,3,negative
This blender is well made. My whole family loves it now. Overall it's can't complain.,5,positive
This backpack is amazing. It feels premium for the price. Rating: 5/5.,5,positive
"This bluetooth speaker is nothing special. Works as described, no surprises. Rating: 4/5.",4,neutral
This phone case is nothing special. Packaging was fine. Rating: 3/5.,3,neutral
This air fryer is defective.,3,negative
This blender is excellent.,5,positive
This backpack is sleek. I would definitely buy this again.,5,positive
This smartwatch is smooth. It feels premium for the price.,5,positive
This desk lamp is comfortable. Customer service was vary helpful. Rating: 5/5.,5,positive
Bought this headphones a few weeks ago.,5,positive
"This vacuum cleaner is faulty. It arrived damaged. On teh plus side, shipping was fast and packaging was solid.",2,negative
This yoga mat is acceptable. It's fine for the price but i wouldn't rave about it.,3,neutral
This desk lamp is useless.,2,negative
This phone case is uncomfortable.,1,negative
This blender is subpar. I had to return it after two days. Rating: 2/5.,2,negative
This headphones is great. It feels premium for the price.,4,positive
This air fryer is clunky.,1,negative
"This smartwatch is subpar. The instructions were confusing. However, setup took less than five minutes. Rating: 1/5.",1,negative
This air fryer is poor.,3,negative
"This bluetooth speaker is reasonable. Some features are useful, others aren't. Rating: 3/5.",3,neutral
"This phone case is okay. That said, customer support never responded. Rating: 3/5.",3,neutral
Bought this headphones a few weeks ago. The material feels cheap. Rating: 2/5.,2,negative
"This air fryer is broken. I had to return it after two days. That said, I would definitely buy this again.",2,negative
This smartwatch is subpar. It arrived damaged.,3,negative
"This running shoes is middle of the road. Some features are useful, others aren't. That said, it feels premium for the price.",4,neutral
This yoga mat is solid. Battery life is impressive.,3,positive
This vacuum cleaner is defective. Rating: 1/5.,1,negative
This yoga mat is clunky. Rating: 2/5.,2,negative
"This desk lamp is middle of the road. Some features are useful, others aren't. Rating: 3/5.",3,neutral
This running shoes is worth every penny. It feels premium for the price. Rating: 4/5.,4,positive
This bluetooth speaker is badly made. It arrived damaged.,3,negative
This office chair is badly made. The size runs way smaller than expected.,1,negative
This desk lamp is superb. Customer service was very helpful.,4,positive
This desk lamp is affordable. Battery life is impressive. Overall it's not as good as I hoped.,3,positive
This vacuum cleaner is comfortable.,4,positive
This wireless mouse is solid.,4,positive
"This coffee maker is great. It feels premium for the price. That said, packaging was fine. Overall it's could be better.",4,positive
This bluetooth speaker is durable. The build quality is great. Rating: 4/5.,4,positive
This air fryer is subpar. It arrived damaged.,1,negative
This vacuum cleaner is solid. It feels premium for the price.,4,positive
This bluetooth speaker is comfortable.,4,positive
This vacuum cleaner is disappointing. The size runs way smaller than expected. Rating: 1/5.,1,negative
This phone case is worth every penny. Rating: 5/5.,5,positive
Bought this coffee maker a few weeks ago. I regret this purchase. Overall it's not as good as I hoped.,3,negative
This air fryer is superb. Customer service was very helpful.,4,positive
"Bought this smartwatch a few weeks ago. Some features are useful, others aren't. However, my whole family loves it now.",3,neutral
This blender is average. Delivery took about a week.,2,neutral
This coffee maker is reliable.,5,positive
This headphones is impressive. Customer service was very helpful. Rating: 5/5.,5,positive
This wireless mouse is faulty. The size runs way smaller than expected.,2,negative
"This blender is amazing. Battery life is impressive. That said, the size runs way smaller than expected. Rating: 5/5.",5,positive
This headphones is subpar. The size runs way smaller than expected. Rating: 2/5.,2,negative
This laptop is excellent. Setup took less than five minutes.,4,positive
This backpack is responsive.,5,positive
This yoga mat is responsive. The build quality is great.,3,positive
This phone case is awful.,1,negative
Bought this air fryer a few weeks ago. It feels premium for the price.,4,positive
This smartwatch is slow.,1,negative
"This wireless mouse is middle of the road. That said, customer support never responded.",3,neutral
This blender is acceptable.,3,neutral
This office chair is standard. Rating: 2/5.,2,neutral
"This vacuum cleaner is acceptable. It does the job but nothing more. On the downside, the material feels cheap.",4,neutral
"Bought this running shoes a few weeks ago. Works as described, no surprises. However, customer service was vary helpful. Overall it's didn't disappoint.",3,neutral
This air fryer is superb. Works perfectly out of the box. Rating: 5/5.,5,positive
Bought this office chair a few weeks ago.,2,negative
This laptop is sturdy. My whole family loves it now.,4,positive
This headphones is outstanding. Works perfectly out of the box.,5,positive
This coffee maker is standard. It does the job but nothing more. Rating: 2/5.,2,neutral
This desk lamp is okay. Delivery took about a week.,3,neutral
Bought this coffee maker a few weeks ago. Shipping was fast and packaging was solid.,4,positive
"This laptop is fast. That said, packaging was fine.",5,positive
"This air fryer is awful. It arrived damaged. Also, it's fine for the price but I wouldn't rave about it.",1,negative
This vacuum cleaner is frustrating. I regret this purchase.,1,negative
"This bluetooth speaker is so-so. Works as described, no surprises. Also, stopped working within a week. Overall it's not bad.",4,neutral
This yoga mat is top notch. Rating: 4/5.,4,positive
This phone case is top notch. Shipping was fast and packaging was solid.,3,positive
This office chair is solid.,5,positive
This wireless mouse is clunky. The material feels cheap. Overall it's not great.,1,negative
Bought this backpack a few weeks ago.,3,positive
"This phone case is decent. Some features are useful, others aren't. That said, exceeded my expectations.",4,neutral
"This phone case is flimsy. I regret this purchase. That said, some features are useful, others aren't. Rating: 2/5.",2,negative
This running shoes is terrible. The size runs way smaller than expected.,2,negative
This running shoes is unreliable. It arrived damaged.,1,negative
This backpack is disappointing.,2,negative
"This vacuum cleaner is outstanding. My whole family loves it now. Also, it arrived damaged.",5,positive
This coffee maker is broken. The instructions were confusing.,3,negative
Bought this running shoes a few weeks ago. Exceeded my expectations.,5,positive
This blender is slow. Battery drains way too fast. Overall it's not as good as I hoped.,3,negative
This vacuum cleaner is impressive.,4,positive
This air fryer is useless.,2,negative
"This phone case is well made. Also, some features are useful, others aren't. Overall it's not bad.",5,positive
"This coffee maker is affordable. Works perfectly out of the box. That said, packaging was fine. Overall it's not as good as I hoped. Rating: 5/5.",5,positive
Bought this office chair a few weeks ago. My whole family loves it now.,3,positive
This coffee maker is broken. Battery drains way too fast.,1,negative
This desk lamp is slow.,1,negative
This phone case is reliable. Setup took less than five minutes. Rating: 4/5.,4,positive
This office chair is slow. It's louder than advertised.,1,negative
This bluetooth speaker is acceptable. Rating: 3/5.,3,neutral
This desk lamp is nothing special. Delivery took about a week. Overall it's not great.,3,neutral
Bought this vacuum cleaner a few weeks ago.,3,positive
Bought this coffee maker a few weeks ago. It arrived damaged.,2,negative
"This desk lamp is okay. Works as described, no surprises. Rating: 3/5.",3,neutral
This air fryer is slow. Battery drains way too fast. Overall it's not bad.,1,negative
This yoga mat is reasonable. It does the job but nothing more. Rating: 3/5.,3,neutral
This coffee maker is sleek. Exceeded my expectations. Overall it's could be better.,3,positive
This phone case is disappointing.,1,negative
Bought this air fryer a few weeks ago.,2,neutral
This coffee maker is awful.,1,negative
This wireless mouse is well made.,5,positive
This wireless mouse is not worth it. It's louder than advertised.,2,negative
Bought this backpack a few weeks ago. The material feels cheap. Rating: 2/5.,2,negative
This running shoes is shoddy.,2,negative
This wireless mouse is uncomfortable.,1,negative
"This smartwatch is so-so. It's fine for the price but i wouldn't rave about it. On the downside, I regret this purchase.",4,neutral
This running shoes is fantastic.,4,neutral
Bought this running shoes a few weeks ago. It arrived damaged.,2,negative
This air fryer is cheap. I regret this purchase. Rating: 3/5.,3,negative
Bought this bluetooth speaker a few weeks ago. The material feels cheap. Rating: 3/5.,3,negative
"This laptop is impressive. Battery life is impressive. However, the instructions were confusing. Overall it's could be better.",4,positive
"Bought this running shoes a few weeks ago. However, some features are useful, others aren't. Overall it's can't complain.",5,positive
This desk lamp is okay. It's fine for the price but i wouldn't rave about it.,3,neutral
This blender is useless. I had to return it after two days. Rating: 1/5.,1,negative
This vacuum cleaner is uncomfortable. It's louder than advertised.,2,negative
Bought this air fryer a few weeks ago. Setup took less than five minutes. Overall it's can't complain.,5,positive
This office chair is broken.,2,negative
"This headphones is average. That said, setup took less than five minutes. Rating: 3/5.",3,neutral
This bluetooth speaker is broken. Stopped working within a week. Rating: 2/5.,2,negative
This phone case is reasonable. It's fine for the price but i wouldn't rave about it. Overall it's could be better.,4,neutral
"This phone case is not worth it. The instructions were confusing. On the plus side, packaging was fine.",1,negative
This blender is responsive. My whole family loves it now. Rating: 5/5.,5,positive
This headphones is worth every penny. I would definitely buy this again. Overall it's could be better.,5,positive
Bought this wireless mouse a few weeks ago. It's louder than advertised.,2,negative
Bought this running shoes a few weeks ago. I would definitely buy this again.,3,positive
This blender is badly made. The material feels cheap.,1,neutral
This bluetooth speaker is reasonable.,4,neutral
"This yoga mat is reasonable. It does the job but nothing more. However, exceeded my expectations. Overall it's can't complain. Rating: 4/5.",4,neutral
"This phone case is worth every penny. Exceeded my expectations. That said, customer support never responded. Overall it's not great. Rating: 3/5.",3,positive
This vacuum cleaner is great. Works perfectly out of the box.,4,positive
This smartwatch is sturdy. The build quality is great.,4,positive
Bought this backpack a few weeks ago. It's fine for the price but i wouldn't rave about it.,3,neutral
This office chair is middle of teh road. Delivery took about a week. Rating: 3/5.,3,neutral
"This backpack is decent. It's fine for the price but i wouldn't rave about it. Also, I regret this purchase. Rating: 4/5.",4,neutral
This air fryer is subpar. It arrived damaged.,2,negative
This phone case is durable. Works perfectly out of the box. Rating: 5/5.,5,positive
This desk lamp is affordable.,3,positive
"This bluetooth speaker is so-so. Delivery took about a week. Also, it's louder than advertised.",3,neutral
This wireless mouse is faulty. I regret this purchase.,1,negative
This backpack is sleek. Exceeded my expectations.,4,positive
This phone case is solid. The build quality is great.,3,positive
"This wireless mouse is frustrating. The instructions were confusing. Also, it does the job but nothing more. Overall it's wouldn't recommend. Rating: 3/5.",3,negative
This office chair is worth every penny. Battery life is impressive. Rating: 5/5.,5,positive
"This vacuum cleaner is overpriced. Battery drains way too fast. That said, exceeded my expectations.",3,negative
This blender is fantastic. Customer service was very helpful.,5,positive
"Bought this desk lamp a few weeks ago. Battery life is impressive. However, customer support never responded. Rating: 4/5.",4,positive
"This desk lamp is standard. That said, shipping was fast and packaging was solid.",3,neutral
"This coffee maker is broken. That said, works perfectly out of the box.",2,negative
"This wireless mouse is sleek. It feels premium for the price. However, works as described, no surprises.",3,positive
This phone case is wonderful. Setup took less than five minutes.,5,positive
This headphones is durable. Rating: 4/5.,4,positive
"This smartwatch is worth every penny. Setup took less than five minutes. Also, works as described, no surprises.",4,positive
"This running shoes is frustrating. I had to return it after two days. Also, teh build qaulity is great.",1,negative
This running shoes is terrible. Battery drains way too fast. Rating: 3/5.,3,negative
This laptop is subpar.,1,negative
This running shoes is affordable. Exceeded my expectations.,4,positive
"This wireless mouse is wonderful. Works perfectly out of the box. That said, some features are useful, others aren't. Rating: 4/5.",4,positive
This wireless mouse is badly made. The size runs way smaller than expected. Rating: 2/5.,2,negative
"This air fryer is outstanding. Works perfectly out of the box. Also, it does the job but nothing more.",5,positive
This blender is awful. The instructions were confusing.,1,negative
This smartwatch is smooth. Setup took less than five minutes. Rating: 4/5.,4,negative
This laptop is responsive.,4,positive
This laptop is uncomfortable. It's louder than advertised.,1,negative
Bought this bluetooth speaker a few weeks ago. Setup took less than five minutes.,5,positive
This desk lamp is nothing special. Delivery took about a week.,2,neutral
This smartwatch is sturdy. Battery life is impressive.,5,positive
This smartwatch is uncomfortable. It arrived damaged.,1,negative
This phone case is cheap. It's louder than advertised.,1,negative
This smartwatch is durable. Overall it's could be better.,5,positive
"Bought this desk lamp a few weeks ago. However, the build quality is great.",2,neutral
This smartwatch is so-so. It does the job but nothing more.,2,neutral
"This yoga mat is fine. Some features are useful, others aren't.",2,neutral
This laptop is standard.,4,neutral
Bought this vacuum cleaner a few weeks ago. The instructions were confusing.,2,negative
Bought this phone case a few weeks ago.,5,positive
This headphones is so-so. It's fine for the price but i wouldn't rave about it.,2,neutral
This headphones is wonderful.,3,positive
This desk lamp is great. Setup took less than five minutes.,5,positive
This phone case is unreliable. The instructions were confusing.,1,negative
This running shoes is fast. Shipping was fast and packaging was solid.,3,positive
"This coffee maker is acceptable. Works as described, no surprises.",4,neutral
This wireless mouse is acceptable.,2,neutral
This bluetooth speaker is broken.,3,negative
This phone case is wonderful. Setup took less than five minutes.,3,positive
Bought this laptop a few weeks ago. Battery drains way too fast.,1,negative
This laptop is excellent.,3,positive
"Bought this backpack a few weeks ago. Stopped working within a week. However, it does teh job but nothing more. Rating: 2/5.",2,negative
Bought this coffee maker a few weeks ago. Packaging was fine.,3,neutral
This laptop is disappointing.,1,negative
Bought this running shoes a few weeks ago. The instructions were confusing.,1,negative
Bought this wireless mouse a few weeks ago. My whole family loves it now.,5,positive
"This bluetooth speaker is nothing special. Some features are useful, others aren't.",4,neutral
This phone case is great.,5,positive
"This bluetooth speaker is standard. Some features are useful, others aren't. Rating: 3/5.",3,neutral
This blender is middle of the road. Rating: 2/5.,2,neutral
This running shoes is disappointing.,3,negative
"Bought this backpack a few weeks ago. That said, teh material feels cheap. Overall it's not great.",4,positive
This vacuum cleaner is top notch.,4,positive
This yoga mat is superb. Setup took less than five minutes.,3,positive
Bought this phone case a few weeks ago.,4,negative
"This yoga mat is impressive. Also, it arrived damaged.",5,positive
"This vacuum cleaner is comfortable. However, it arrived damaged. Overall it's not bad.",5,positive
This air fryer is decent.,2,neutral
"This headphones is shoddy. Also, it does the job but nothing more.",2,negative
This smartwatch is amazing. Works perfectly out of the box. Rating: 4/5.,4,positive
This office chair is smooth. Works perfectly out of the box.,4,positive
This coffee maker is durable. Shipping was fast and packaging was solid.,3,positive
This laptop is average. Rating: 3/5.,3,neutral
Bought this backpack a few weeks ago.,2,neutral
Bought this desk lamp a few weeks ago.,3,positive
This wireless mouse is impressive. Customer service was very helpful. Overall it's not as good as I hoped.,4,positive
This bluetooth speaker is cheap. Customer support never responded.,1,negative
Bought this vacuum cleaner a few weeks ago. Setup took less than five minutes.,4,positive
This wireless mouse is defective. I regret this purchase.,2,negative
"This coffee maker is average. It's fine for the price but i wouldn't rave about it. However, customer service was very helpful. Rating: 2/5.",2,neutral
This smartwatch is fine. Rating: 3/5.,3,neutral
This yoga mat is outstanding. Shipping was fast and packaging was solid. Overall it's not as good as I hoped. Rating: 5/5.,5,positive
This desk lamp is reasonable.,3,neutral
This bluetooth speaker is fantastic.,4,positive
This desk lamp is poor. Battery drains way too fast.,3,negative
"This smartwatch is shoddy. It arrived damaged. On the plus side, exceeded my expectations.",3,negative
This smartwatch is flimsy. I had to return it after two days.,1,negative
This laptop is cheap.,3,negative
"This headphones is faulty. The instructions were confusing. Also, setup took less than five minutes. Rating: 3/5.",3,negative
"This headphones is well made. The build quality is great. On the plus side, it's fine for the price but I wouldn't rave about it.",4,positive
This smartwatch is shoddy. Overall it's wouldn't recommend.,1,negative
Bought this vacuum cleaner a few weeks ago.,2,neutral
This bluetooth speaker is badly made.,2,negative
This office chair is overpriced. Stopped working within a week.,1,negative
This laptop is smooth.,3,positive
Bought this office chair a few weeks ago. I would definitely buy this again. Rating: 5/5.,5,positive
This blender is great. Setup took less than five minutes.,5,positive
This wireless mouse is flimsy. It's louder than advertised.,1,negative
This headphones is top notch. Exceeded my expectations. Rating: 5/5.,5,positive
"Bought this yoga mat a few weeks ago. On the plus side, it's fine for the price but I wouldn't rave about it.",3,negative
"This air fryer is poor. It arrived damaged. That said, battery life is impressive. Overall it's not as good as I hoped. Rating: 1/5.",1,negative
"This running shoes is acceptable. Some features are useful, others aren't. Rating: 3/5.",3,neutral
This running shoes is broken. The size runs way smaller than expected.,1,negative
Bought this yoga mat a few weeks ago. The size runs way smaller than expected.,2,neutral
Bought this wireless mouse a few weeks ago.,5,positive
This smartwatch is subpar.,1,negative
This air fryer is uncomfortable. Battery drains way too fast.,2,negative
This air fryer is slow. The material feels cheap.,1,negative
This coffee maker is standard. It's fine for the price but i wouldn't rave about it.,3,neutral
"This phone case is decent. Works as described, no surprises.",4,neutral
This bluetooth speaker is well made. Shipping was fast and packaging was solid.,4,positive
This bluetooth speaker is defective.,1,negative
"This headphones is badly made. It's louder than advertised. However, works as described, no surprises.",2,negative
Bought this air fryer a few weeks ago. Battery life is impressive. Rating: 5/5.,5,positive
This air fryer is slow. I regret this purchase.,2,negative
This wireless mouse is awful. The instructions were confusing. Overall it's wouldn't recommend. Rating: 2/5.,2,negative
This bluetooth speaker is broken. Battery drains way too fast.,1,negative
This running shoes is reliable. Battery life is impressive. Rating: 4/5.,4,positive
"This backpack is impressive. However, stopped working within a week.",5,positive
This headphones is clunky. The instructions were confusing.,1,negative
This yoga mat is impressive.,5,positive
Bought this vacuum cleaner a few weeks ago.,4,neutral
This running shoes is impressive. Shipping was fast and packaging was solid.,4,positive
This coffee maker is sleek. Works perfectly out of the box.,4,negative
"Bought this backpack a few weeks ago. Delivery took about a week. However, the build quality is great. Rating: 3/5.",3,neutral
"Bought this office chair a few weeks ago. Battery life is impressive. Also, customer support never responded. Rating: 4/5.",4,positive
This smartwatch is outstanding. Exceeded my expectations.,4,positive
"Bought this bluetooth speaker a few weeks ago. The build quality is great. That said, it arrived damaged. Overall it's can't complain.",3,positive
Bought this running shoes a few weeks ago. It does the job but nothing more.,4,neutral
This bluetooth speaker is broken. Stopped working within a week.,3,positive
"Bought this office chair a few weeks ago. It feels premium for the price. Also, customer support never responded. Rating: 3/5.",3,positive
This wireless mouse is responsive. Shipping was fast and packaging was solid. Overall it's not bad. Rating: 4/5.,4,positive
This bluetooth speaker is sleek. Setup took less than five minutes. Overall it's not great.,5,positive
Bought this desk lamp a few weeks ago. Overall it's not great. Rating: 4/5.,4,neutral
This coffee maker is subpar.,2,negative
This wireless mouse is sleek. Battery life is impressive. Rating: 5/5.,5,positive
This bluetooth speaker is not worth it. The material feels cheap. Rating: 2/5.,2,negative
Bought this headphones a few weeks ago. Customer support never responded.,2,negative
This wireless mouse is top notch. Rating: 5/5.,5,positive
Bought this desk lamp a few weeks ago.,2,negative
"Bought this laptop a few weeks ago. It feels premium for the price. On the downside, it's louder than advertised.",4,positive
This laptop is badly made. Overall it's not as good as I hoped.,3,negative
Bought this blender a few weeks ago.,5,positive
This office chair is superb.,5,positive
This phone case is sturdy. Customer service was very helpful. Rating: 3/5.,3,positive
"This yoga mat is useless. The size runs way smaller than expected. On the plus side, delivery took about a week. Rating: 1/5.",1,negative
This office chair is wonderful. My whole family loves it now.,4,positive
This blender is okay. Delivery took about a week. Overall it's not bad. Rating: 3/5.,3,neutral
This bluetooth speaker is smooth. It feels premium for the price.,5,positive
Bought this smartwatch a few weeks ago. The instructions were confusing. Overall it's didn't disappoint.,2,negative
Bought this vacuum cleaner a few weeks ago.,3,negative
This headphones is fine.,3,neutral
Bought this air fryer a few weeks ago. The build quality is great. Rating: 4/5.,4,positive
This phone case is shoddy. The size runs way smaller than expected. Rating: 2/5.,2,negative
This running shoes is reliable. I would definitely buy this again. Rating: 4/5.,4,neutral
This phone case is comfortable. Setup took less than five minutes.,4,positive
Bought this laptop a few weeks ago.,4,positive
This phone case is subpar. Rating: 2/5.,2,negative
"This headphones is fine. Some features are useful, others aren't. Rating: 3/5.",3,neutral
This yoga mat is reliable. Shipping was fast and packaging was solid. Overall it's wouldn't recommend. Rating: 5/5.,5,positive
"This desk lamp is uncomfortable. That said, packaging was fine. Rating: 2/5.",2,negative
This smartwatch is poor. The instructions were confusing.,2,negative
This office chair is outstanding.,3,positive
This bluetooth speaker is average. Delivery took about a week.,2,neutral
This wireless mouse is unreliable. Battery drains way too fast. Rating: 1/5.,1,negative
This bluetooth speaker is impressive. Battery life is impressive. Rating: 4/5.,4,positive
This vacuum cleaner is fine.,3,neutral
This laptop is outstanding. Shipping was fast and packaging was solid. Overall it's can't complain. Rating: 4/5.,4,positive
This backpack is affordable. My whole family loves it now.,5,positive
Bought this phone case a few weeks ago. Rating: 2/5.,2,neutral
This blender is slow. I had to return it after two days.,3,negative
This office chair is acceptable.,4,neutral
"Bought this smartwatch a few weeks ago. Some features are useful, others aren't. Overall it's not great. Rating: 3/5.",3,neutral
"This vacuum cleaner is well made. That said, it arrived damaged. Overall it's not bad.",4,positive
"This vacuum cleaner is top notch. The build quality is great. Also, some features are useful, others aren't.",3,positive
This coffee maker is fine. Delivery took about a week.,2,neutral
Bought this wireless mouse a few weeks ago. The size runs way smaller than expected. Overall it's not as good as I hoped.,1,negative
"This yoga mat is reasonable. Packaging was fine. On the downside, the material feels cheap.",2,neutral
"This laptop is superb. However, packaging was fine.",4,positive
This desk lamp is broken.,2,negative
This backpack is top notch. The build quality is great.,4,positive
This vacuum cleaner is fast.,4,positive
This yoga mat is terrible.,1,negative
"This backpack is uncomfortable. It arrived damaged. However, I would definately buy this again. Overall it's not great.",1,negative
"This coffee maker is superb. My whole family loves it now. However, some features are useful, others aren't.",3,positive
"This smartwatch is amazing. On the plus side, it does the job but nothing more.",5,positive
This backpack is unreliable. Rating: 1/5.,1,negative
This phone case is clunky. The material feels cheap. Overall it's not great.,1,negative
This phone case is solid. My whole family loves it now.,5,positive
This running shoes is slow. Stopped working within a week. Overall it's wouldn't recommend.,2,negative
This running shoes is average. It's fine for the price but i wouldn't rave about it.,3,neutral
"This running shoes is not worth it. Battery drains way too fast. However, packaging was fine.",1,negative
This vacuum cleaner is durable.,3,positive
This smartwatch is terrible. Battery drains way too fast.,2,negative
Bought this blender a few weeks ago. It arrived damaged. Overall it's wouldn't recommend.,1,neutral
This backpack is amazing. My whole family loves it now. Overall it's not as good as I hoped.,5,positive
This laptop is faulty. Overall it's could be better.,2,negative
Bought this headphones a few weeks ago. It does the job but nothing more.,3,neutral
This backpack is poor. It arrived damaged. Rating: 1/5.,1,negative
Bought this smartwatch a few weeks ago.,1,negative
Bought this blender a few weeks ago. Delivery took about a week. Overall it's not bad. Rating: 3/5.,3,neutral
This coffee maker is poor. Stopped working within a week. Overall it's can't complain.,2,negative
"Bought this headphones a few weeks ago. I would definitely buy this again. That said, it does teh job but nothing more.",4,positive
This coffee maker is comfortable. I would definitely buy this again.,4,positive
This bluetooth speaker is superb.,4,positive
"This laptop is amazing. However, packaging was fine. Overall it's wouldn't recommend.",4,positive
"This phone case is affordable. Customer service was very helpful. That said, delivery took about a week. Rating: 4/5.",4,positive
Bought this phone case a few weeks ago. Customer service was very helpful.,3,positive
This headphones is impressive. My whole family loves it now. Rating: 5/5.,5,positive
This vacuum cleaner is impressive.,5,positive
This vacuum cleaner is durable.,3,positive
This smartwatch is durable. It feels premium for the price.,4,neutral
"This phone case is sturdy. That said, packaging was fine.",4,positive
This smartwatch is excellent. Exceeded my expectations. Overall it's not as good as I hoped. Rating: 5/5.,5,positive
This vacuum cleaner is affordable.,3,positive
This headphones is flimsy.,3,negative
This bluetooth speaker is shoddy. The material feels cheap. Rating: 1/5.,1,negative
This running shoes is impressive. The build qaulity is great. Overall it's not as good as I hoped.,5,positive
This office chair is top notch. Shipping was fast and packaging was solid.,4,positive
This backpack is badly made. I regret this purchase. Rating: 2/5.,2,negative
This wireless mouse is sturdy. Works perfectly out of the box.,5,positive
"This wireless mouse is flimsy. It's louder than advertised. Also, it's fine for the price but I wouldn't rave about it.",1,negative
This wireless mouse is sleek. Rating: 4/5.,4,positive
This backpack is disappointing. I regret this purchase.,1,negative
This bluetooth speaker is middle of the road.,3,neutral
Bought this yoga mat a few weeks ago. I had to return it after two days.,2,negative
This laptop is standard. Rating: 4/5.,4,neutral
"This coffee maker is terrible. It's louder than advertised. That said, it's fine for the price but I wouldn't rave about it.",3,negative
Bought this smartwatch a few weeks ago.,1,negative
"This blender is average. Packaging was fine. Also, setup took less than five minutes.",2,neutral
Bought this wireless mouse a few weeks ago. Setup took less than five minutes. Rating: 5/5.,5,positive
This running shoes is excellent.,5,positive
This blender is worth every penny. Overall it's not bad.,3,positive
"This smartwatch is faulty. Also, setup took less than five minutes.",3,negative
"This bluetooth speaker is nothing special. Some features are useful, others aren't. However, works perfectly out of the box.",2,neutral
"This laptop is not worth it. The material feels cheap. On the plus side, shipping was fast and packaging was solid.",1,negative
This phone case is superb. My whole family loves it now.,5,positive
"This blender is smooth. Works perfectly out of the box. That said, delivery took about a week. Overall it's didn't disappoint.",3,positive
"This bluetooth speaker is standard. Works as described, no surprises.",2,neutral
"This desk lamp is great. My whole family loves it now. On the downside, battery drains way too fast.",5,positive
Bought this phone case a few weeks ago. Battery life is impressive. Rating: 5/5.,5,positive
Bought this vacuum cleaner a few weeks ago. It's fine for teh price but i wouldn't rave about it.,3,neutral
This wireless mouse is sleek. Setup took less than five minutes. Rating: 4/5.,4,positive
This smartwatch is responsive. Shipping was fast and packaging was solid. Overall it's not great. Rating: 4/5.,4,positive
This running shoes is well made.,4,positive
"This running shoes is middle of the road. Works as described, no surprises. Rating: 3/5.",3,neutral
"This headphones is not worth it. On the plus side, battery life is impressive.",3,negative
"Bought this desk lamp a few weeks ago. Shipping was fast and packaging was solid. However, it does the job but nothing more.",5,positive
This coffee maker is clunky. It arrived damaged.,1,negative
Bought this blender a few weeks ago. It arrived damaged.,2,negative
"This bluetooth speaker is clunky. The material feels cheap. Also, some features are useful, others aren't.",1,negative
Bought this yoga mat a few weeks ago. Setup took less than five minutes.,5,positive
This blender is impressive. Customer service was very helpful.,5,positive
"This smartwatch is excellent. Battery life is impressive. However, customer support never responded.",4,positive
Bought this running shoes a few weeks ago.,3,neutral
This vacuum cleaner is solid.,4,positive
Bought this air fryer a few weeks ago.,3,positive
This bluetooth speaker is terrible. Customer support never responded. Overall it's can't complain. Rating: 2/5.,2,negative
"This running shoes is solid. The build quality is great. However, battery drains way too fast. Rating: 5/5.",5,positive
This vacuum cleaner is clunky. Rating: 1/5.,1,negative
Bought this smartwatch a few weeks ago.,5,positive
"This air fryer is middle of the road. It does the job but nothing more. On the plus side, battery life is impressive.",3,neutral
This phone case is fast. I would definitely buy this again. Rating: 4/5.,4,positive
"This smartwatch is defective. The size runs way smaller than expected. Also, it's fine for the price but I wouldn't rave about it. Rating: 1/5.",1,negative
This desk lamp is responsive. It feels premium for teh price.,5,positive
This blender is standard.,3,neutral
"This smartwatch is poor. Also, I would definitely buy this again. Rating: 1/5.",1,negative
"This blender is acceptable. Works as described, no surprises. Overall it's not great.",3,neutral
"Bought this phone case a few weeks ago. Also, I regret this purchase. Rating: 5/5.",5,positive
Bought this office chair a few weeks ago. My whole family loves it now.,4,positive
Bought this yoga mat a few weeks ago. Customer service was very helpful. Rating: 5/5.,5,positive
"This yoga mat is slow. It's louder than advertised. That said, I would definitely buy this again. Rating: 3/5.",3,negative
Bought this blender a few weeks ago. Works perfectly out of the box. Overall it's not bad.,3,positive
"Bought this air fryer a few weeks ago. The build quality is great. On the downside, I had to return it after two days.",3,positive
This running shoes is top notch. Battery life is impressive.,5,positive
This phone case is awful.,3,negative
This laptop is faulty. Customer support never responded. Rating: 1/5.,1,negative
"This desk lamp is poor. Customer support never responded. That said, works as described, no surprises.",1,negative
"This phone case is fast. On the plus side, packaging was fine. Overall it's not great.",5,positive
"This phone case is so-so. Works as described, no surprises. Rating: 3/5.",3,neutral
This smartwatch is nothing special. Rating: 4/5.,4,neutral
This backpack is affordable. My whole family loves it now. Rating: 5/5.,5,positive
This blender is badly made.,2,negative
Bought this office chair a few weeks ago. It does the job but nothing more.,3,neutral
This smartwatch is defective. The instructions were confusing. Overall it's didn't disappoint.,2,negative
"This desk lamp is fine. Some features are useful, others aren't. However, exceeded my expectations.",3,neutral
This bluetooth speaker is superb. Shipping was fast and packaging was solid.,5,positive
This vacuum cleaner is comfortable.,3,positive
This office chair is flimsy.,1,negative
This bluetooth speaker is amazing. Battery life is impressive.,4,positive
"Bought this headphones a few weeks ago. However, it's fine for the price but I wouldn't rave about it.",3,positive
This air fryer is sturdy. The build quality is great.,5,positive
This air fryer is outstanding. I would definitely buy this again.,5,positive
Bought this running shoes a few weeks ago.,4,positive
"Bought this running shoes a few weeks ago. It's louder than advertised. That said, some features are useful, others aren't.",1,negative
This laptop is clunky. Overall it's wouldn't recommend.,1,negative
"This blender is fantastic. Exceeded my expectations. However, the material feels cheap. Rating: 5/5.",5,positive
This wireless mouse is nothing special.,3,neutral
This wireless mouse is unreliable. It arrived damaged. Rating: 3/5.,3,negative
Bought this headphones a few weeks ago.,2,negative
Bought this backpack a few weeks ago.,4,neutral
This office chair is solid. Rating: 3/5.,3,positive
This smartwatch is so-so.,3,neutral
This phone case is well made. Battery life is impressive.,5,positive
This wireless mouse is poor. Stopped working within a week. Rating: 3/5.,3,negative
This office chair is so-so. Delivery took about a week.,3,neutral
Bought this running shoes a few weeks ago. Rating: 3/5.,3,neutral
"This laptop is standard. Works as described, no surprises. However, setup took less than five minutes.",3,neutral
This backpack is subpar. The material feels cheap. Rating: 1/5.,1,negative
This running shoes is well made.,4,positive
This vacuum cleaner is fast. Customer service was very helpful. Rating: 5/5.,5,positive
"This coffee maker is impressive. Setup took less than five minutes. Also, the size runs way smaller than expected.",3,positive
Bought this headphones a few weeks ago. Packaging was fine. Rating: 3/5.,3,neutral
"This running shoes is cheap. It's louder than advertised. That said, delivery took about a week.",2,negative
"Bought this blender a few weeks ago. Battery drains way too fast. That said, delivery took about a week.",1,positive
This phone case is acceptable.,3,neutral
Bought this wireless mouse a few weeks ago. The build quality is great. Rating: 5/5.,5,positive
This coffee maker is fast. Shipping was fast and packaging was solid.,4,positive
This headphones is durable. My whole family loves it now.,5,positive
This headphones is top notch.,5,positive
This phone case is sturdy. It feels premium for the price. Overall it's can't complain.,4,positive
Bought this laptop a few weeks ago. Setup took less than five minutes.,5,positive
Bought this bluetooth speaker a few weeks ago.,2,negative
This headphones is decent.,3,neutral
Bought this blender a few weeks ago. The build quality is great.,4,positive
This desk lamp is wonderful. Battery life is impressive. Overall it's not bad.,3,positive
"This air fryer is reasonable. That said, the material feels cheap. Rating: 3/5.",3,negative
This laptop is clunky. I regret this purchase. Rating: 2/5.,2,negative
This running shoes is poor. Overall it's not great. Rating: 2/5.,2,negative
This backpack is worth every penny. Customer service was very helpful.,5,positive
This vacuum cleaner is durable.,4,positive
This yoga mat is poor.,1,negative
This headphones is sturdy. Battery life is impressive.,4,positive
This laptop is flimsy. Overall it's could be better.,1,negative
This phone case is great. The build quality is great. Overall it's not great.,5,positive
This bluetooth speaker is uncomfortable. Rating: 1/5.,1,negative
This smartwatch is shoddy.,2,negative
"This office chair is fantastic. Battery life is impressive. On the plus side, it's fine for the price but I wouldn't rave about it.",5,positive
This backpack is standard. Packaging was fine. Overall it's didn't disappoint.,3,neutral
"This smartwatch is standard. Works as described, no surprises. On the plus side, works perfectly out of the box. Rating: 3/5.",3,neutral
This blender is shoddy. Rating: 3/5.,3,negative
This vacuum cleaner is not worth it. The material feels cheap. Rating: 3/5.,3,negative
"This bluetooth speaker is reasonable. Packaging was fine. On the plus side, customer service was very helpful. Rating: 4/5.",4,neutral
This coffee maker is worth every penny. Customer service was very helpful. Overall it's not bad.,3,positive
This smartwatch is sleek. It feels premium for the price.,4,positive
This blender is awful. Battery drains way too fast.,3,negative
This desk lamp is reliable.,3,positive
"This bluetooth speaker is decent. Works as described, no surprises. Rating: 3/5.",3,neutral
"This yoga mat is worth every penny. I would definitely buy this again. On the downside, I regret this purchase.",3,positive
"This yoga mat is fine. Some features are useful, others aren't. On the downside, I regret this purchase.",3,neutral
This coffee maker is overpriced. I had to return it after two days. Overall it's not as good as I hoped.,3,negative
Bought this coffee maker a few weeks ago. Customer service was very helpful. Overall it's not bad. Rating: 4/5.,4,positive
This wireless mouse is excellent.,4,neutral
Bought this laptop a few weeks ago.,1,negative
This blender is so-so.,2,neutral
This wireless mouse is middle of the road.,2,neutral
This air fryer is smooth.,5,positive
"This office chair is cheap. I regret this purchase. Also, customer service was very helpful.",1,negative
This vacuum cleaner is poor. Stopped working within a week.,1,negative
Bought this bluetooth speaker a few weeks ago.,2,neutral
"This bluetooth speaker is awful. On the plus side, works as described, no surprises. Overall it's can't complain.",1,negative
This smartwatch is standard. Rating: 3/5.,3,neutral
This phone case is sleek. The build quality is great. Rating: 4/5.,4,positive
This blender is not worth it. It's louder than advertised.,2,negative
This office chair is sturdy. Exceeded my expectations.,4,positive
This smartwatch is subpar. Stopped working within a week.,2,negative
This desk lamp is slow. Battery drains way too fast.,3,negative
This wireless mouse is faulty.,1,negative
"This wireless mouse is reasonable. Some features are useful, others aren't. Also, shipping was fast and packaging was solid.",3,neutral
This bluetooth speaker is average. It does the job but nothing more.,3,neutral
This running shoes is standard.,3,neutral
This backpack is fantastic.,4,positive
This bluetooth speaker is fast.,5,positive
"Bought this coffee maker a few weeks ago. It's louder than advertised. Also, shipping was fast and packaging was solid. Rating: 2/5.",2,negative
This office chair is not worth it. The instructions were confusing. Rating: 3/5.,3,negative
"This running shoes is okay. It does teh job but nothing more. However, setup took less than five minutes.",3,neutral
This vacuum cleaner is flimsy.,3,negative
"This headphones is cheap. It arrived damaged. However, delivery took about a week. Rating: 1/5.",1,negative
"Bought this running shoes a few weeks ago. On teh plus side, delivery took about a week. Rating: 4/5.",4,positive
This office chair is sturdy. I would definitely buy this again.,3,positive
This wireless mouse is disappointing. Customer support never responded. Overall it's not bad.,1,negative
This headphones is reasonable.,3,neutral
"Bought this air fryer a few weeks ago. It feels premium for the price. However, some features are useful, others aren't.",5,positive
This vacuum cleaner is worth every penny. I would definitely buy this again. Overall it's can't complain. Rating: 5/5.,5,positive
"This bluetooth speaker is durable. That said, it's fine for the price but I wouldn't rave about it.",4,positive
This coffee maker is durable. Customer service was very helpful.,5,positive
This yoga mat is affordable.,5,positive
Bought this running shoes a few weeks ago. Packaging was fine.,3,neutral
This smartwatch is superb. Overall it's didn't disappoint.,4,positive
Bought this running shoes a few weeks ago. Overall it's didn't disappoint.,5,neutral
This backpack is subpar. Overall it's not bad. Rating: 1/5.,1,negative
This smartwatch is worth every penny.,5,positive
"This bluetooth speaker is so-so. Some features are useful, others aren't.",4,neutral
Bought this blender a few weeks ago. Setup took less than five minutes.,5,positive
"This phone case is affordable. It feels premium for the price. On the plus side, delivery took about a week. Overall it's not as good as I hoped.",5,positive
"This smartwatch is so-so. Packaging was fine. On the downside, it's louder than advertised. Rating: 4/5.",4,neutral
Bought this air fryer a few weeks ago. It's louder than advertised.,1,negative
This vacuum cleaner is well made. Works perfectly out of the box.,3,positive
This phone case is responsive.,4,positive
This blender is well made.,5,positive
This bluetooth speaker is comfortable. I would definitely buy this again.,5,positive
Bought this wireless mouse a few weeks ago.,1,negative
This bluetooth speaker is middle of the road. It's fine for the price but i wouldn't rave about it.,3,neutral
"This wireless mouse is superb. Also, I regret this purchase.",4,positive
This coffee maker is subpar.,3,negative
This air fryer is badly made. The material feels cheap.,1,negative
"Bought this office chair a few weeks ago. Stopped working within a week. That said, my whole family loves it now. Overall it's not bad.",1,negative
Bought this smartwatch a few weeks ago. Overall it's not bad. Rating: 3/5.,3,neutral
"This running shoes is uncomfortable. The material feels cheap. However, works as described, no surprises.",1,negative
"This vacuum cleaner is defective. Stopped working within a week. However, it does the job but nothing more. Rating: 3/5.",3,negative
This backpack is superb.,4,positive
"Bought this blender a few weeks ago. Setup took less than five minutes. On the plus side, works as described, no surprises.",4,positive
This wireless mouse is uncomfortable.,1,negative
"This yoga mat is smooth. My whole family loves it now. On teh downside, the material feels cheap. Rating: 3/5.",3,positive
This vacuum cleaner is outstanding.,5,positive
Bought this laptop a few weeks ago.,4,positive
This coffee maker is outstanding. Works perfectly out of the box. Rating: 4/5.,4,positive
This phone case is overpriced. The instructions were confusing.,2,negative
"This coffee maker is unreliable. It arrived damaged. On the plus side, my whole family loves it now.",1,negative
This laptop is so-so. Overall it's not bad. Rating: 4/5.,4,neutral
"This bluetooth speaker is useless. It's louder than advertised. On the plus side, customer service was vary helpful.",1,negative
Bought this phone case a few weeks ago.,1,negative
"This coffee maker is responsive. Shipping was fast and packaging was solid. That said, it does the job but nothing more.",5,positive
"This laptop is affordable. However, it's louder than advertised. Overall it's not as good as I hoped.",4,positive
This headphones is excellent. Rating: 4/5.,4,positive
"Bought this backpack a few weeks ago. Works as described, no surprises. Rating: 4/5.",4,neutral
This bluetooth speaker is solid.,3,positive
Bought this phone case a few weeks ago.,5,positive
This office chair is solid. Battery life is impressive. Rating: 4/5.,4,positive
This wireless mouse is standard.,2,neutral
This yoga mat is frustrating. The size runs way smaller than expected. Rating: 1/5.,1,negative
This office chair is top notch. The build quality is great. Rating: 3/5.,3,positive
This desk lamp is flimsy.,1,negative
This coffee maker is middle of the road.,2,neutral
Bought this yoga mat a few weeks ago.,4,positive
This coffee maker is outstanding.,5,positive
This air fryer is excellent. Rating: 4/5.,4,positive
"This office chair is badly made. The instructions were confusing. That said, the build quality is great.",3,negative
Bought this wireless mouse a few weeks ago. My whole family loves it now.,5,positive
This blender is poor. Stopped working within a week. Rating: 2/5.,2,negative
"This yoga mat is affordable. Battery life is impressive. On the plus side, packaging was fine.",4,positive
This running shoes is frustrating.,3,negative
"This running shoes is clunky. Stopped working within a week. On the plus side, customer service was very helpful. Overall it's not great.",3,negative
"Bought this laptop a few weeks ago. Also, delivery took about a week. Rating: 2/5.",2,negative
"This blender is standard. It does the job but nothing more. That said, battery drains way too fast.",3,neutral
"This wireless mouse is awful. The size runs way smaller than expected. Also, it does the job but nothing more.",2,negative
This air fryer is so-so. Delivery took about a week. Rating: 2/5.,2,neutral
This smartwatch is subpar. Customer support never responded. Overall it's didn't disappoint.,1,negative
This phone case is solid. Customer service was very helpful.,5,positive
"This air fryer is excellent. The build quality is great. However, customer support never responded.",5,positive
"Bought this office chair a few weeks ago. I had to return it after two days. On the plus side, packaging was fine.",1,positive
This backpack is solid. My whole family loves it now.,5,positive
This backpack is useless. The material feels cheap.,1,negative
"This headphones is decent. It does the job but nothing more. Also, the build quality is great.",4,neutral
"This blender is standard. Works as described, no surprises.",3,neutral
"Bought this yoga mat a few weeks ago. On the plus side, packaging was fine.",4,positive
This blender is acceptable. It's fine for the price but i wouldn't rave about it.,3,neutral
"Bought this backpack a few weeks ago. Works as described, no surprises.",4,neutral
"This desk lamp is fine. Works as described, no surprises. Rating: 3/5.",3,neutral
This office chair is shoddy.,3,negative
This running shoes is responsive. Shipping was fast and packaging was solid. Rating: 4/5.,4,positive
This running shoes is not worth it. Customer support never responded.,3,negative
"Bought this phone case a few weeks ago. However, packaging was fine.",4,positive
Bought this smartwatch a few weeks ago.,2,negative
Bought this blender a few weeks ago.,3,positive
Bought this vacuum cleaner a few weeks ago. Works perfectly out of the box.,5,positive
This phone case is worth every penny.,5,positive
Bought this yoga mat a few weeks ago. I had to return it after two days.,1,negative
This vacuum cleaner is solid. The build quality is great.,5,negative
This phone case is flimsy. I had to return it after two days. Overall it's not as good as I hoped.,2,negative
"This office chair is unreliable. The material feels cheap. That said, works as described, no surprises. Rating: 1/5.",1,negative
This bluetooth speaker is defective. I regret this purchase.,2,negative
Bought this backpack a few weeks ago. My whole family loves it now.,5,positive
This headphones is solid. Setup took less than five minutes.,3,positive
This bluetooth speaker is so-so. It does the job but nothing more.,3,neutral
This coffee maker is fine. Packaging was fine.,4,neutral
This vacuum cleaner is durable. Rating: 3/5.,3,positive
Bought this smartwatch a few weeks ago.,3,negative
This running shoes is well made.,4,positive
This laptop is badly made. Rating: 3/5.,3,negative
"Bought this coffee maker a few weeks ago. However, delivery took about a week.",5,positive
Bought this desk lamp a few weeks ago. My whole family loves it now.,4,positive
"This running shoes is frustrating. Customer support never responded. Also, it does the job but nothing more.",2,negative
This yoga mat is solid.,4,positive
Bought this blender a few weeks ago. It's louder than advertised. Rating: 1/5.,1,negative
This yoga mat is sturdy. Battery life is impressive.,3,positive
"Bought this vacuum cleaner a few weeks ago. On the downside, customer support never responded. Overall it's not as good as I hoped.",3,neutral
This desk lamp is wonderful. Shipping was fast and packaging was solid. Rating: 5/5.,5,positive
This office chair is shoddy. It arrived damaged.,1,negative
This headphones is amazing.,5,positive
"This phone case is standard. Some features are useful, others aren't. Rating: 4/5.",4,neutral
"Bought this vacuum cleaner a few weeks ago. Shipping was fast and packaging was solid. That said, delivery took about a week.",3,positive
This vacuum cleaner is impressive. Customer service was very helpful. Rating: 4/5.,4,positive
This running shoes is shoddy.,1,negative
This bluetooth speaker is fine.,4,negative
This laptop is durable. My whole family loves it now. Overall it's wouldn't recommend. Rating: 3/5.,3,positive
This office chair is standard.,4,positive
This running shoes is outstanding. Rating: 3/5.,3,positive
This yoga mat is so-so. Delivery took about a week.,2,neutral
This bluetooth speaker is defective.,2,negative
Bought this backpack a few weeks ago. Customer service was vary helpful. Rating: 4/5.,4,positive
"Bought this vacuum cleaner a few weeks ago. I would definitely buy this again. Also, the material feels cheap.",3,positive
This air fryer is cheap. The instructions were confusing.,2,negative
Bought this wireless mouse a few weeks ago. It's louder than advertised. Rating: 2/5.,2,negative
"This desk lamp is reasonable. It does teh job but nothing more. That said, I had to return it after two days. Rating: 2/5.",2,neutral
"Bought this backpack a few weeks ago. Works as described, no surprises.",4,neutral
This smartwatch is superb.,5,positive
This desk lamp is affordable. The build quality is great.,3,positive
This office chair is worth every penny.,4,positive
This wireless mouse is affordable.,5,positive
This headphones is well made. Overall it's could be better.,5,positive
Bought this wireless mouse a few weeks ago. Delivery took about a week.,3,neutral
"This air fryer is great. Exceeded my expectations. Also, delivery took about a week.",5,positive
"This vacuum cleaner is fast. I would definitely buy this again. On teh downside, I had to return it after two days. Rating: 4/5.",4,positive
This running shoes is responsive. My whole family loves it now. Rating: 4/5.,4,positive
This smartwatch is outstanding. I would definitely buy this again. Overall it's could be better.,4,positive
This headphones is so-so. Delivery took about a week. Overall it's not great.,3,neutral
This wireless mouse is worth every penny. Exceeded my expectations. Rating: 5/5.,5,positive
"Bought this office chair a few weeks ago. However, works as described, no surprises.",2,negative
"This running shoes is so-so. Some features are useful, others aren't.",3,neutral
"This desk lamp is awful. The size runs way smaller than expected. That said, delivery took about a week.",1,negative
Bought this vacuum cleaner a few weeks ago. It's louder than advertised.,1,negative
This running shoes is smooth. Setup took less than five minutes.,4,positive
This vacuum cleaner is solid.,5,positive
"This bluetooth speaker is wonderful. Customer service was very helpful. That said, I had to return it after two days.",5,positive
This wireless mouse is comfortable. I would definitely buy this again. Rating: 3/5.,3,positive
"Bought this bluetooth speaker a few weeks ago. Works perfectly out of the box. On the plus side, works as described, no surprises.",5,positive
"This blender is great. The build quality is great. Also, works as described, no surprises.",5,positive
"Bought this desk lamp a few weeks ago. On the plus side, packaging was fine.",4,positive
This desk lamp is reliable. Exceeded my expectations.,3,positive
This blender is not worth it.,2,negative
This bluetooth speaker is unreliable.,3,negative
This coffee maker is comfortable. Shipping was fast and packaging was solid.,5,positive
This smartwatch is disappointing. The size runs way smaller than expected. Rating: 1/5.,1,negative
This bluetooth speaker is poor.,2,negative
This phone case is so-so. Rating: 3/5.,3,neutral
This air fryer is well made. It feels premium for teh price.,5,positive
This vacuum cleaner is sleek.,3,positive
"This yoga mat is excellent. The build quality is great. However, it does the job but nothing more.",5,positive
This bluetooth speaker is amazing. Setup took less than five minutes.,4,positive
This bluetooth speaker is middle of the road. It does the job but nothing more.,4,neutral
Bought this desk lamp a few weeks ago. Shipping was fast and packaging was solid. Rating: 3/5.,3,positive
This blender is reasonable.,3,neutral
This desk lamp is comfortable. Battery life is impressive.,3,positive
This blender is disappointing. The size runs way smaller than expected. Overall it's not bad.,1,negative
This coffee maker is cheap. The size runs way smaller than expected.,1,negative
"Bought this vacuum cleaner a few weeks ago. Also, customer service was vary helpful.",3,neutral
Bought this vacuum cleaner a few weeks ago. The instructions were confusing.,2,negative
This blender is average.,3,neutral
"This air fryer is wonderful. Customer service was very helpful. However, the size runs way smaller than expected. Overall it's can't complain.",4,positive
Bought this smartwatch a few weeks ago.,3,negative
"This laptop is okay. On the downside, I regret this purchase.",4,neutral
This backpack is smooth. The build quality is great.,5,positive
"This office chair is standard. Some features are useful, others aren't. Rating: 4/5.",4,neutral
This smartwatch is amazing. Rating: 4/5.,4,positive
"This headphones is shoddy. Customer support never responded. Also, some features are useful, others aren't. Rating: 2/5.",2,negative
Bought this running shoes a few weeks ago. I regret this purchase.,2,negative
This vacuum cleaner is frustrating. I had to return it after two days.,1,negative
Bought this office chair a few weeks ago. The build quality is great. Rating: 5/5.,5,positive
This office chair is excellent. It feels premium for teh price.,5,positive
This laptop is flimsy.,3,negative
This laptop is shoddy. Stopped working within a week.,2,negative
This desk lamp is cheap.,3,negative
This vacuum cleaner is smooth. It feels premium for the price. Overall it's wouldn't recommend.,4,positive
This running shoes is uncomfortable. Battery drains way too fast. Overall it's not as good as I hoped. Rating: 1/5.,1,neutral
This office chair is terrible. The size runs way smaller than expected. Rating: 1/5.,1,negative
Bought this desk lamp a few weeks ago. It's fine for the price but i wouldn't rave about it. Rating: 3/5.,3,neutral
This headphones is reasonable. Delivery took about a week. Overall it's can't complain. Rating: 3/5.,3,neutral
This laptop is middle of the road.,4,neutral
This yoga mat is slow. Rating: 3/5.,3,negative
"This backpack is faulty. The size runs way smaller than expected. Also, works perfectly out of the box. Overall it's not great.",2,negative
This headphones is top notch. The build quality is great.,4,positive
"Bought this office chair a few weeks ago. However, customer support never responded.",3,positive
Bought this vacuum cleaner a few weeks ago.,3,positive
"This coffee maker is acceptable. It's fine for the price but i wouldn't rave about it. However, I would definitely buy this again.",4,neutral
This air fryer is amazing. Exceeded my expectations.,5,positive
Bought this running shoes a few weeks ago. Stopped working within a week.,3,negative
"This coffee maker is comfortable. The build quality is great. Also, it arrived damaged. Rating: 4/5.",4,positive
Bought this bluetooth speaker a few weeks ago.,4,positive
This headphones is outstanding.,4,positive
This laptop is frustrating. Rating: 3/5.,3,negative
This phone case is sleek.,4,positive
"This backpack is middle of the road. Some features are useful, others aren't. Also, shipping was fast and packaging was solid. Rating: 2/5.",2,neutral
This coffee maker is fantastic. Overall it's wouldn't recommend.,4,positive
Bought this smartwatch a few weeks ago. Battery drains way too fast.,3,negative
"This office chair is overpriced. However, works as described, no surprises. Rating: 1/5.",1,negative
This backpack is durable. It feels premium for the price.,3,positive
Bought this smartwatch a few weeks ago. Overall it's can't complain.,4,positive
Bought this air fryer a few weeks ago. It feels premium for teh price.,4,negative
"Bought this backpack a few weeks ago. Works as described, no surprises.",3,neutral
This desk lamp is flimsy. It arrived damaged. Rating: 1/5.,1,negative
Bought this coffee maker a few weeks ago. Packaging was fine.,4,neutral
This backpack is average. It's fine for the price but i wouldn't rave about it.,3,neutral
"This desk lamp is okay. Packaging was fine. That said, the instructions were confusing.",3,neutral
Bought this blender a few weeks ago. Rating: 3/5.,3,negative
This yoga mat is comfortable. Customer service was very helpful.,5,negative
This running shoes is smooth. Battery life is impressive. Rating: 4/5.,4,positive
This laptop is well made. Rating: 5/5.,5,positive
"This smartwatch is overpriced. That said, battery life is impressive.",3,negative
"This coffee maker is wonderful. That said, delivery took about a week.",4,positive
Bought this phone case a few weeks ago. Overall it's not great.,5,positive
This headphones is middle of the road. Delivery took about a week.,3,neutral
This smartwatch is so-so.,3,neutral
This desk lamp is slow.,1,negative
Bought this running shoes a few weeks ago.,4,positive
This phone case is affordable. Battery life is impressive. Overall it's can't complain. Rating: 4/5.,4,positive
This running shoes is sleek.,5,positive
This air fryer is comfortable.,4,positive
This vacuum cleaner is amazing. Overall it's wouldn't recommend.,4,positive
Bought this smartwatch a few weeks ago. Stopped working within a week.,1,negative
This backpack is reliable.,4,positive
Bought this backpack a few weeks ago. Rating: 4/5.,4,neutral
This desk lamp is solid. The build quality is great. Rating: 4/5.,4,positive
This office chair is slow. The instructions were confusing.,3,negative
This vacuum cleaner is so-so.,2,neutral
This backpack is cheap. The size runs way smaller than expected. Overall it's not as good as I hoped.,2,negative
"This blender is defective. That said, customer service was very helpful.",1,negative
This yoga mat is standard.,3,positive
This headphones is worth every penny. It feels premium for teh price. Rating: 5/5.,5,positive
This desk lamp is worth every penny. My whole family loves it now.,5,positive
This running shoes is unreliable. It arrived damaged.,2,negative
"This coffee maker is durable. I would definately buy this again. That said, the instructions were confusing. Rating: 4/5.",4,positive
"This office chair is affordable. That said, it's louder than advertised. Overall it's not bad. Rating: 4/5.",4,positive
This running shoes is durable.,5,positive
"This office chair is decent. However, customer service was very helpful. Rating: 2/5.",2,neutral
This yoga mat is impressive. Rating: 4/5.,4,positive
This desk lamp is smooth.,4,positive
This headphones is reliable.,3,positive
Bought this air fryer a few weeks ago.,2,neutral
"Bought this air fryer a few weeks ago. That said, stopped working within a week.",3,neutral
Bought this headphones a few weeks ago.,4,positive
This backpack is well made. It feels premium for the price. Overall it's not as good as I hoped.,5,positive
"This running shoes is flimsy. Also, customer service was very helpful. Overall it's not as good as I hoped.",2,negative
This coffee maker is disappointing. Battery drains way too fast.,1,negative
This laptop is frustrating. I had to return it after two days. Rating: 1/5.,1,negative
This backpack is top notch. Customer service was very helpful.,4,positive
This headphones is slow. It's louder than advertised.,2,negative
This air fryer is solid. Shipping was fast and packaging was solid. Overall it's not as good as I hoped.,5,positive
This smartwatch is faulty. Stopped working within a week. Overall it's not great. Rating: 2/5.,2,negative
This desk lamp is overpriced. I had to return it after two days.,3,negative
This phone case is poor. Customer support never responded.,1,negative
This phone case is frustrating. Battery drains way too fast.,2,negative
This headphones is wonderful. Exceeded my expectations. Rating: 5/5.,5,positive
"This office chair is reasonable. Some features are useful, others aren't. That said, it's louder than advertised.",3,neutral
This wireless mouse is fantastic. My whole family loves it now.,4,positive
Bought this office chair a few weeks ago. Exceeded my expectations. Rating: 5/5.,5,positive
This backpack is average.,4,neutral
Bought this vacuum cleaner a few weeks ago. It feels premium for the price. Rating: 4/5.,4,positive
"This coffee maker is average. Works as described, no surprises.",3,neutral
Bought this laptop a few weeks ago. The material feels cheap.,1,negative
This desk lamp is decent. Delivery took about a week.,2,neutral
This headphones is clunky. I regret this purchase.,2,negative
"Bought this headphones a few weeks ago. That said, my whole family loves it now. Overall it's not bad.",2,negative
Bought this air fryer a few weeks ago. My whole family loves it now. Overall it's not bad. Rating: 3/5.,3,positive
This laptop is flimsy.,1,negative
This vacuum cleaner is shoddy. The material feels cheap. Rating: 2/5.,2,negative
This yoga mat is reasonable.,3,neutral
This yoga mat is wonderful. Shipping was fast and packaging was solid. Rating: 5/5.,5,neutral
Bought this bluetooth speaker a few weeks ago. The build qaulity is great.,5,positive
This phone case is defective.,3,negative
This bluetooth speaker is superb. My whole family loves it now. Rating: 4/5.,4,positive
This wireless mouse is broken. It arrived damaged.,1,negative
Bought this backpack a few weeks ago.,3,negative
This blender is impressive. I would definitely buy this again.,5,positive
Bought this laptop a few weeks ago. Rating: 3/5.,3,positive
This blender is nothing special. Packaging was fine.,4,neutral
This desk lamp is shoddy.,2,negative
"Bought this wireless mouse a few weeks ago. However, it does the job but nothing more. Rating: 5/5.",5,positive
This blender is comfortable. Customer service was very helpful.,4,positive
Bought this backpack a few weeks ago. It does the job but nothing more. Rating: 3/5.,3,neutral
This vacuum cleaner is acceptable. It does the job but nothing more.,2,neutral
This smartwatch is cheap.,2,positive
Bought this wireless mouse a few weeks ago. It feels premium for the price.,4,positive
This yoga mat is terrible. Customer support never responded.,2,negative
"This vacuum cleaner is nothing special. Some features are useful, others aren't.",4,neutral
This laptop is durable.,5,positive
This air fryer is defective. The instructions were confusing.,1,negative
Bought this smartwatch a few weeks ago.,5,positive
"This air fryer is excellent. Exceeded my expectations. On the plus side, it's fine for the price but I wouldn't rave about it. Rating: 5/5.",5,positive
This yoga mat is shoddy. It's louder than advertised.,2,negative
This vacuum cleaner is responsive. Overall it's not great.,4,positive
Bought this coffee maker a few weeks ago. It's louder than advertised.,3,neutral
This running shoes is reliable.,4,positive
This coffee maker is okay.,3,neutral
"This yoga mat is broken. It arrived damaged. Also, I would definitely buy this again.",3,negative
"This backpack is unreliable. The size runs way smaller than expected. That said, customer service was very helpful.",2,positive
This laptop is fast. Exceeded my expectations.,5,positive
This smartwatch is worth every penny. My whole family loves it now. Rating: 5/5.,5,positive
Bought this yoga mat a few weeks ago. The size runs way smaller than expected.,2,negative
"Bought this yoga mat a few weeks ago. It's fine for the price but i wouldn't rave about it. However, customer support never responded.",3,neutral
This bluetooth speaker is durable.,3,positive
Bought this wireless mouse a few weeks ago. Customer support never responded.,2,negative
"Bought this yoga mat a few weeks ago. Customer support never responded. That said, it's fine for the price but I wouldn't rave about it. Rating: 2/5.",2,negative
Bought this office chair a few weeks ago.,2,neutral
This yoga mat is slow.,1,negative
This yoga mat is comfortable. Battery life is impressive.,5,positive
Bought this headphones a few weeks ago. Battery life is impressive. Rating: 4/5.,4,positive
Bought this headphones a few weeks ago.,1,negative
This headphones is acceptable. It's fine for the price but i wouldn't rave about it. Rating: 4/5.,4,neutral
"This wireless mouse is middle of the road. Some features are useful, others aren't. Also, the build quality is great.",3,neutral
This blender is impressive. It feels premium for the price.,5,positive
This phone case is subpar. Stopped working within a week. Rating: 3/5.,3,negative
This coffee maker is awful.,1,negative
"This smartwatch is so-so. Works as described, no surprises.",3,neutral
"This running shoes is badly made. Also, the build quality is great.",3,negative
This wireless mouse is average. Packaging was fine.,3,neutral
This phone case is worth every penny. Customer service was very helpful.,5,positive
This smartwatch is wonderful. My whole family loves it now. Rating: 4/5.,4,positive
This headphones is durable. It feels premium for the price.,4,positive
This wireless mouse is worth every penny.,3,positive
This running shoes is outstanding. It feels premium for teh price.,5,positive
This coffee maker is so-so. Delivery took about a week. Rating: 2/5.,2,neutral
This yoga mat is badly made. I regret this purchase.,2,negative
"This headphones is wonderful. Shipping was fast and packaging was solid. That said, it arrived damaged.",4,positive
"This bluetooth speaker is badly made. It's louder than advertised. Also, packaging was fine. Overall it's didn't disappoint.",2,negative
This running shoes is solid. I would definitely buy this again. Overall it's not great.,5,positive
"This wireless mouse is subpar. The size runs way smaller than expected. That said, exceeded my expectations.",2,negative
This bluetooth speaker is top notch. Works perfectly out of the box.,4,positive
"This yoga mat is outstanding. Exceeded my expectations. Also, the material feels cheap. Rating: 4/5.",4,positive
"This blender is sturdy. My whole family loves it now. However, delivery took about a week. Overall it's didn't disappoint.",5,positive
This office chair is so-so. Rating: 3/5.,3,neutral
This laptop is affordable. It feels premium for the price.,5,positive
Bought this smartwatch a few weeks ago. The material feels cheap.,2,negative
Bought this running shoes a few weeks ago. I had to return it after two days.,1,negative
"Bought this vacuum cleaner a few weeks ago. It feels premium for the price. On the downside, the instructions were confusing. Rating: 4/5.",4,positive
Bought this laptop a few weeks ago. The size runs way smaller than expected. Rating: 1/5.,1,negative
This blender is broken. The instructions were confusing.,2,negative
This laptop is outstanding.,5,positive
This vacuum cleaner is fine. Delivery took about a week.,4,neutral
This blender is affordable. Battery life is impressive. Rating: 4/5.,4,positive
"Bought this air fryer a few weeks ago. Some features are useful, others aren't.",3,neutral
"This smartwatch is acceptable. Some features are useful, others aren't.",3,neutral
This vacuum cleaner is top notch. The build quality is great.,5,positive
This running shoes is affordable. Battery life is impressive.,4,positive
This running shoes is uncomfortable.,2,negative
This laptop is fantastic. It feels premium for the price. Overall it's could be better.,5,positive
This laptop is sleek.,3,positive
Bought this phone case a few weeks ago. Customer service was very helpful.,5,neutral
This phone case is shoddy. Customer support never responded. Overall it's can't complain.,2,negative
"This laptop is broken. On the plus side, delivery took about a week.",1,negative
This phone case is so-so.,3,neutral
This bluetooth speaker is not worth it.,2,negative
This air fryer is overpriced. The material feels cheap.,1,negative
This headphones is outstanding. Shipping was fast and packaging was solid. Overall it's didn't disappoint. Rating: 4/5.,4,positive
This blender is flimsy. Customer support never responded.,2,negative
This desk lamp is amazing. Exceeded my expectations.,4,positive
"Bought this laptop a few weeks ago. Works as described, no surprises.",3,neutral
Bought this air fryer a few weeks ago. Battery drains way too fast.,2,negative
This blender is excelent. Setup took less than five minutes.,4,positive
This desk lamp is average.,2,neutral
This desk lamp is poor. Battery drains way too fast.,1,negative
This yoga mat is clunky. I had to return it after two days.,2,negative
"This backpack is top notch. I would definitely buy this again. That said, some features are useful, others aren't.",5,negative
This desk lamp is wonderful. Works perfectly out of the box.,4,positive
Bought this wireless mouse a few weeks ago. The build qaulity is great.,4,positive
This office chair is okay. Packaging was fine. Rating: 3/5.,3,neutral
This air fryer is excellent. It feels premium for the price.,4,negative
This wireless mouse is outstanding.,4,positive
This phone case is affordable. Battery life is impressive.,4,positive
Bought this air fryer a few weeks ago.,1,negative
"This coffee maker is not worth it. Customer support never responded. On the plus side, some features are useful, others aren't. Rating: 2/5.",2,negative
Bought this vacuum cleaner a few weeks ago.,3,positive
"This bluetooth speaker is slow. It's louder than advertised. However, customer service was very helpful.",2,negative
This vacuum cleaner is amazing. Shipping was fast and packaging was solid.,3,positive
"This coffee maker is clunky. Customer support never responded. That said, delivery took about a week. Overall it's not great.",2,negative
This blender is useless. The instructions were confusing.,2,negative
This bluetooth speaker is smooth. Works perfectly out of the box.,5,positive
Bought this yoga mat a few weeks ago. Setup took less than five minutes. Rating: 5/5.,5,positive
"This laptop is decent. Some features are useful, others aren't.",3,neutral
This blender is amazing.,4,positive
"Bought this running shoes a few weeks ago. Delivery took about a week. Also, battery life is impressive. Rating: 3/5.",3,neutral
This office chair is decent. It does the job but nothing more.,3,neutral
This air fryer is faulty.,2,negative
This phone case is standard.,4,neutral
Bought this headphones a few weeks ago.,3,negative
This desk lamp is smooth. It feels premium for the price. Rating: 5/5.,5,positive
This phone case is middle of the road.,3,neutral
This desk lamp is reliable. Customer service was very helpful.,4,neutral
Bought this vacuum cleaner a few weeks ago. Rating: 4/5.,4,neutral
Bought this wireless mouse a few weeks ago. Packaging was fine.,3,neutral
"This laptop is poor. I regret this purchase. That said, I would definitely buy this again. Rating: 1/5.",1,negative
"This yoga mat is comfortable. It feels premium for the price. That said, it's fine for the price but I wouldn't rave about it.",5,positive
Bought this running shoes a few weeks ago. It's louder than advertised. Overall it's didn't disappoint.,3,negative
This headphones is excellent. My whole family loves it now. Rating: 4/5.,4,positive
This office chair is cheap. Overall it's wouldn't recommend.,1,negative
"This office chair is acceptable. Packaging was fine. On the downside, I regret this purchase.",3,neutral
This smartwatch is shoddy. Battery drains way too fast. Overall it's not as good as I hoped.,1,negative
This headphones is impressive. Setup took less than five minutes. Rating: 4/5.,4,positive
This smartwatch is outstanding.,4,positive
This laptop is wonderful.,5,positive
This air fryer is acceptable.,3,neutral
This desk lamp is impressive.,3,positive
Bought this office chair a few weeks ago.,1,negative
This phone case is outstanding.,5,positive
This headphones is decent.,3,neutral
This office chair is not worth it. It's louder than advertised.,1,negative
This phone case is outstanding. Shipping was fast and packaging was solid. Overall it's not great. Rating: 3/5.,3,positive
This running shoes is poor. Customer support never responded. Rating: 3/5.,3,negative
This wireless mouse is comfortable. Battery life is impressive. Rating: 3/5.,3,positive
This backpack is fast. Works perfectly out of teh box. Overall it's didn't disappoint.,5,positive
This bluetooth speaker is reasonable. Rating: 3/5.,3,neutral
Bought this laptop a few weeks ago.,3,neutral
This running shoes is reasonable. Rating: 2/5.,2,neutral
This desk lamp is unreliable. The size runs way smaller than expected.,2,negative
Bought this backpack a few weeks ago. Rating: 2/5.,2,negative
This desk lamp is sturdy.,4,positive
"This yoga mat is not worth it. It arrived damaged. Also, it does the job but nothing more.",2,negative
"This bluetooth speaker is comfortable. However, works as described, no surprises.",5,positive
Bought this blender a few weeks ago. Rating: 4/5.,4,positive
"This air fryer is durable. Customer service was very helpful. However, packaging was fine.",3,positive
This wireless mouse is awful.,2,negative
"Bought this blender a few weeks ago. The material feels cheap. That said, exceeded my expectations.",3,negative
"This laptop is nothing special. Works as described, no surprises.",2,neutral
This coffee maker is great. The build quality is great. Overall it's didn't disappoint.,3,positive
This backpack is defective. Rating: 3/5.,3,negative
This smartwatch is middle of the road.,3,neutral
This yoga mat is wonderful.,3,positive
This office chair is fine.,4,neutral
"This running shoes is subpar. On the plus side, delivery took about a week.",3,negative
Bought this vacuum cleaner a few weeks ago. The material feels cheap.,3,negative
"Bought this vacuum cleaner a few weeks ago. The size runs way smaller than expected. On teh plus side, battery life is impressive. Overall it's not as good as I hoped.",1,negative
"This backpack is responsive. My whole family loves it now. On the downside, customer support never responded. Rating: 3/5.",3,positive
This bluetooth speaker is solid. Shipping was fast and packaging was solid.,5,positive
This bluetooth speaker is awful. I regret this purchase. Rating: 3/5.,3,negative
This coffee maker is shoddy. I had to return it after two days.,1,neutral
This headphones is faulty.,1,negative
This blender is slow. The material feels cheap.,3,negative
This coffee maker is unreliable. The material feels cheap. Rating: 1/5.,1,negative
This office chair is amazing. Setup took less than five minutes.,4,positive
"This laptop is terrible. I had to return it after two days. Also, it feels premium for the price. Rating: 2/5.",2,negative
Bought this running shoes a few weeks ago.,4,positive
This headphones is responsive. The build quality is great. Overall it's not great.,3,positive
This phone case is wonderful. I would definately buy this again.,4,positive
"This laptop is worth every penny. Setup took less than five minutes. However, it does the job but nothing more.",5,positive
"This running shoes is decent. Some features are useful, others aren't.",2,neutral
"This phone case is worth every penny. I would definitely buy this again. However, I regret this purchase. Rating: 4/5.",4,positive
"This air fryer is reliable. However, I had to return it after two days. Rating: 4/5.",4,positive
"Bought this vacuum cleaner a few weeks ago. Exceeded my expectations. That said, delivery took about a week.",5,positive
This bluetooth speaker is broken. I regret this purchase.,2,negative
"This yoga mat is excellent. On the plus side, packaging was fine.",4,negative
This vacuum cleaner is decent.,3,negative
This backpack is subpar. Battery drains way too fast.,2,negative
This phone case is uncomfortable. Stopped working within a week.,1,negative
This coffee maker is affordable. Setup took less than five minutes.,5,positive
Bought this air fryer a few weeks ago.,1,negative
This coffee maker is subpar. The size runs way smaller than expected. Rating: 1/5.,1,negative
This wireless mouse is sleek. Battery life is impressive.,4,positive
"This headphones is superb. My whole family loves it now. On the plus side, delivery took about a week.",3,positive
This wireless mouse is faulty. The instructions were confusing.,2,negative
"This coffee maker is overpriced. I regret this purchase. Also, some features are useful, others aren't.",1,negative
This smartwatch is broken.,1,negative
This yoga mat is reliable. The build quality is great. Rating: 4/5.,4,positive
"This smartwatch is defective. The instructions were confusing. That said, my whole family loves it now.",2,negative
This vacuum cleaner is excellent.,5,positive
"Bought this blender a few weeks ago. Works as described, no surprises.",2,neutral
Bought this office chair a few weeks ago. I had to return it after two days. Rating: 2/5.,2,negative
This laptop is top notch. Works perfectly out of the box. Rating: 4/5.,4,positive
This running shoes is sleek.,5,positive
Bought this vacuum cleaner a few weeks ago. It arrived damaged. Rating: 2/5.,2,negative
"This phone case is acceptable. Works as described, no surprises.",4,neutral
This blender is useless. The instructions were confusing. Rating: 3/5.,3,negative
"This blender is not worth it. It's louder than advertised. Also, some features are useful, others aren't. Overall it's can't complain.",1,negative
This smartwatch is unreliable.,2,negative
This office chair is sturdy. It feels premium for the price.,5,positive
This phone case is comfortable. Rating: 4/5.,4,positive
Bought this yoga mat a few weeks ago. I would definitely buy this again.,4,positive
This air fryer is standard. Rating: 4/5.,4,neutral
This wireless mouse is excellent.,5,positive
Bought this phone case a few weeks ago.,3,negative
This headphones is great. Rating: 4/5.,4,positive
This headphones is middle of the road. Rating: 4/5.,4,neutral
"This office chair is okay. Works as described, no surprises. Also, battery drains way too fast.",3,neutral
This yoga mat is comfortable. Battery life is impressive. Rating: 5/5.,5,positive
Bought this bluetooth speaker a few weeks ago. It arrived damaged.,1,negative
This wireless mouse is unreliable. The material feels cheap. Rating: 2/5.,2,negative
"Bought this running shoes a few weeks ago. However, delivery took about a week.",5,positive
This air fryer is impressive.,4,positive
"This coffee maker is defective. I regret this purchase. On the plus side, delivery took about a week.",2,neutral
This vacuum cleaner is worth every penny. Works perfectly out of the box.,4,positive
"This blender is decent. Also, it arrived damaged.",4,neutral
This phone case is unreliable.,1,negative
"This blender is great. The build quality is great. That said, it's louder than advertised.",5,positive
This office chair is excellent.,5,positive
Bought this office chair a few weeks ago. Setup took less than five minutes.,5,positive
Bought this office chair a few weeks ago. The size runs way smaller than expected. Overall it's wouldn't recommend.,2,negative
This laptop is fast. Rating: 4/5.,4,positive
This phone case is amazing. The build quality is great.,5,positive
This wireless mouse is cheap.,1,negative
This phone case is fantastic. I would definitely buy this again. Rating: 5/5.,5,positive
"Bought this laptop a few weeks ago. The size runs way smaller than expected. Also, customer service was very helpful. Rating: 1/5.",1,negative
This air fryer is unreliable. Overall it's not as good as I hoped.,3,negative
"This yoga mat is acceptable. It does teh job but nothing more. Also, customer support never responded.",3,neutral
This vacuum cleaner is superb. My whole family loves it now. Rating: 4/5.,4,positive
This headphones is clunky.,2,negative
This phone case is fast. Battery life is impressive.,3,positive
"This smartwatch is poor. It arrived damaged. Also, I would definitely buy this again.",3,negative
Bought this coffee maker a few weeks ago. My whole family loves it now.,3,positive
This blender is affordable.,3,positive
"This yoga mat is reasonable. Delivery took about a week. That said, it feels premium for the price. Overall it's not as good as I hoped.",4,neutral
"This blender is fast. That said, battery drains way too fast. Overall it's not bad. Rating: 4/5.",4,positive
This backpack is reliable. My whole family loves it now. Overall it's could be better.,5,positive
"This running shoes is flimsy. On the plus side, the build quality is great.",3,neutral
Bought this coffee maker a few weeks ago. Rating: 5/5.,5,positive
This yoga mat is subpar. I had to return it after two days.,1,negative
This yoga mat is comfortable. Exceeded my expectations. Rating: 5/5.,5,positive
"This vacuum cleaner is durable. Battery life is impressive. That said, it arrived damaged.",4,positive
This laptop is wonderful. Battery life is impressive. Overall it's can't complain.,3,positive
Bought this smartwatch a few weeks ago. The material feels cheap.,1,negative
Bought this vacuum cleaner a few weeks ago. The size runs way smaller than expected. Rating: 2/5.,2,negative
"This desk lamp is middle of the road. Some features are useful, others aren't. On the downside, customer support never responded. Rating: 3/5.",3,neutral
This office chair is flimsy.,2,negative
This desk lamp is uncomfortable.,2,negative
This smartwatch is excellent.,5,positive
This phone case is solid. Setup took less than five minutes.,4,positive
This yoga mat is comfortable. Exceeded my expectations.,5,positive
This laptop is comfortable. My whole family loves it now.,5,positive
"This bluetooth speaker is decent. Works as described, no surprises. Rating: 2/5.",2,neutral
"This phone case is superb. On teh downside, I had to return it after two days.",4,positive
"This office chair is awful. That said, delivery took about a week. Overall it's not bad.",1,negative
This laptop is subpar. I had to return it after two days. Rating: 1/5.,1,negative
Bought this headphones a few weeks ago. My whole family loves it now.,4,positive
"This smartwatch is decent. Some features are useful, others aren't. That said, the instructions were confusing.",4,neutral
This wireless mouse is reasonable. Packaging was fine.,3,neutral
"This desk lamp is badly made. Customer support never responded. Also, works as described, no surprises. Overall it's didn't disappoint. Rating: 3/5.",3,negative
This air fryer is responsive.,4,positive
"This office chair is clunky. That said, it does the job but nothing more. Rating: 2/5.",2,negative
This headphones is clunky.,3,negative
This headphones is not worth it. I regret this purchase. Overall it's not as good as I hoped. Rating: 1/5.,1,negative
"This phone case is frustrating. The material feels cheap. Also, it does the job but nothing more.",1,negative
This desk lamp is worth every penny. The build quality is great.,5,positive
Bought this desk lamp a few weeks ago. The material feels cheap. Rating: 2/5.,2,negative
Bought this air fryer a few weeks ago. It feels premium for the price. Rating: 3/5.,3,positive
This blender is overpriced.,1,negative
Bought this vacuum cleaner a few weeks ago. Battery life is impressive.,4,positive
Bought this running shoes a few weeks ago.,4,positive
This backpack is impressive.,5,positive
Bought this vacuum cleaner a few weeks ago. Works perfectly out of the box.,4,positive
This yoga mat is worth every penny. Customer service was very helpful.,4,positive
This running shoes is so-so.,2,neutral
Bought this air fryer a few weeks ago. Rating: 5/5.,5,positive
"This bluetooth speaker is excellent. The build quality is great. Also, some features are useful, others aren't.",5,positive
"This vacuum cleaner is fast. Works perfectly out of the box. Also, it does the job but nothing more.",5,positive
Bought this coffee maker a few weeks ago. It's louder than advertised. Rating: 1/5.,1,negative
This backpack is durable. Shipping was fast and packaging was solid.,5,positive
"This office chair is wonderful. It feels premium for the price. However, it arrived damaged.",5,positive
This blender is great. Overall it's not bad.,4,positive
"Bought this air fryer a few weeks ago. Setup took less than five minutes. Also, packaging was fine. Rating: 4/5.",4,positive
Bought this coffee maker a few weeks ago.,2,negative
This bluetooth speaker is fine.,3,neutral
"This smartwatch is nothing special. Delivery took about a week. However, battery life is impressive.",4,neutral
This office chair is broken. The size runs way smaller than expected. Overall it's not great.,2,negative
Bought this office chair a few weeks ago. Works perfectly out of the box.,4,neutral
"This desk lamp is unreliable. I had to return it after two days. However, the build quality is great.",1,negative
"This wireless mouse is average. Some features are useful, others aren't.",3,neutral
Bought this blender a few weeks ago. It's fine for the price but i wouldn't rave about it. Rating: 3/5.,3,neutral
This laptop is nothing special. Rating: 3/5.,3,neutral
"This bluetooth speaker is smooth. It feels premium for teh price. On the downside, stopped working within a week.",3,positive
This office chair is faulty. Battery drains way too fast.,3,negative
This laptop is acceptable.,3,neutral
This desk lamp is average. Packaging was fine.,3,neutral
This headphones is outstanding. Shipping was fast and packaging was solid. Rating: 4/5.,4,positive
"This headphones is fine. Delivery took about a week. On teh plus side, customer service was very helpful.",4,neutral
This office chair is fast.,5,positive
This yoga mat is average.,3,neutral
"Bought this bluetooth speaker a few weeks ago. That said, it does teh job but nothing more.",5,positive
Bought this desk lamp a few weeks ago. The instructions were confusing. Overall it's not bad.,1,negative
This laptop is outstanding. Exceeded my expectations. Rating: 5/5.,5,positive
"This running shoes is slow. On the plus side, battery life is impressive. Overall it's not as good as I hoped.",2,negative
This running shoes is durable. My whole family loves it now. Rating: 5/5.,5,positive
This blender is wonderful. I would definitely buy this again. Overall it's can't complain.,3,positive
Bought this wireless mouse a few weeks ago. The build qaulity is great. Rating: 3/5.,3,positive
"Bought this running shoes a few weeks ago. Works as described, no surprises. However, the instructions were confusing.",3,neutral
Bought this yoga mat a few weeks ago. It does the job but nothing more. Overall it's not bad.,3,neutral
This smartwatch is so-so. Delivery took about a week.,3,neutral
"This wireless mouse is fantastic. It feels premium for the price. Also, it's fine for the price but I wouldn't rave about it.",5,positive
This vacuum cleaner is superb. Rating: 3/5.,3,positive
This yoga mat is awful. I regret this purchase.,1,negative
This air fryer is superb. Exceeded my expectations. Rating: 4/5.,4,positive
This desk lamp is comfortable.,4,positive
This desk lamp is fantastic. Battery life is impressive.,4,positive
This desk lamp is wonderful. Overall it's not bad. Rating: 5/5.,5,positive
This running shoes is clunky. Stopped working within a week. Rating: 2/5.,2,negative
This backpack is defective. I had to return it after two days.,1,negative
This wireless mouse is impressive.,5,positive
This vacuum cleaner is defective.,1,negative
Bought this headphones a few weeks ago. Customer support never responded.,1,neutral
This air fryer is superb. I would definitely buy this again.,3,positive
This backpack is useless. Rating: 3/5.,3,negative
This backpack is subpar. I regret this purchase.,1,negative
This coffee maker is fast.,4,positive
This blender is decent. It's fine for the price but i wouldn't rave about it.,3,neutral
"This phone case is so-so. Works as described, no surprises. Rating: 4/5.",4,neutral
This smartwatch is shoddy. The material feels cheap. Rating: 2/5.,2,negative
Bought this yoga mat a few weeks ago.,4,positive
Bought this bluetooth speaker a few weeks ago. Overall it's not as good as I hoped.,3,neutral
"This smartwatch is solid. That said, customer support never responded.",5,positive
This phone case is cheap. Customer support never responded.,3,negative
"This wireless mouse is terrible. The material feels cheap. That said, exceeded my expectations.",1,negative
This coffee maker is sleek.,5,positive
"This wireless mouse is great. That said, teh size runs way smaller than expected.",4,positive
This wireless mouse is subpar.,2,negative
"This coffee maker is standard. Delivery took about a week. Also, the build quality is great. Rating: 3/5.",3,neutral
This yoga mat is amazing. Shipping was fast and packaging was solid.,5,positive
This laptop is overpriced. The material feels cheap.,2,negative
Bought this desk lamp a few weeks ago. My whole family loves it now.,4,positive
This headphones is slow. I regret this purchase. Rating: 2/5.,2,negative
"This blender is standard. It does the job but nothing more. Also, customer support never responded.",3,neutral
This yoga mat is reliable.,5,positive
This headphones is sleek.,4,positive
"Bought this phone case a few weeks ago. It's fine for the price but i wouldn't rave about it. On the plus side, it feels premium for the price. Overall it's didn't disappoint.",2,neutral
This office chair is superb. The build quality is great. Overall it's didn't disappoint.,5,positive
Bought this vacuum cleaner a few weeks ago.,3,neutral
Bought this desk lamp a few weeks ago. The instructions were confusing.,1,negative
"This yoga mat is comfortable. Exceeded my expectations. That said, some features are useful, others aren't. Overall it's wouldn't recommend.",4,positive
Bought this office chair a few weeks ago.,2,neutral
This phone case is standard. Packaging was fine.,4,neutral
This smartwatch is average.,3,neutral
"This desk lamp is nothing special. Works as described, no surprises.",4,neutral
This office chair is fantastic.,3,positive
"This headphones is worth every penny. Customer service was vary helpful. On the downside, it arrived damaged.",4,positive
This air fryer is impressive. The build quality is great.,4,positive
"This phone case is standard. On the plus side, battery life is impressive.",3,neutral
This headphones is disappointing. I regret this purchase. Overall it's wouldn't recommend.,2,negative
This desk lamp is durable. Rating: 5/5.,5,positive
Bought this blender a few weeks ago.,5,positive
Bought this vacuum cleaner a few weeks ago. It does teh job but nothing more.,3,neutral
This office chair is unreliable. It's louder than advertised.,2,negative
This smartwatch is amazing. Battery life is impressive. Rating: 3/5.,3,positive
Bought this running shoes a few weeks ago. My whole family loves it now. Overall it's didn't disappoint.,4,positive
Bought this blender a few weeks ago. Battery life is impressive. Overall it's not bad.,5,positive
This air fryer is defective.,2,positive
"This phone case is so-so. It does teh job but nothing more. Also, the build quality is great.",3,neutral
This office chair is disappointing. The instructions were confusing. Overall it's can't complain. Rating: 1/5.,1,negative
This coffee maker is impressive. The build quality is great. Rating: 5/5.,5,positive
"Bought this laptop a few weeks ago. Packaging was fine. However, I had to return it after two days.",2,neutral
This wireless mouse is durable. It feels premium for teh price. Rating: 5/5.,5,positive
This yoga mat is frustrating. Stopped working within a week.,1,negative
This vacuum cleaner is awful.,3,negative
Bought this office chair a few weeks ago.,1,negative
"This desk lamp is comfortable. That said, the material feels cheap. Rating: 4/5.",4,positive
"This coffee maker is outstanding. I would definitely buy this again. On the downside, it arrived damaged. Rating: 3/5.",3,positive
"This backpack is not worth it. It arrived damaged. That said, works as described, no surprises.",2,negative
"This smartwatch is comfortable. Exceeded my expectations. On teh downside, the instructions were confusing.",4,positive
Bought this bluetooth speaker a few weeks ago. The material feels cheap.,2,negative
This office chair is poor.,2,negative
This backpack is frustrating. I regret this purchase. Overall it's can't complain.,3,negative
This vacuum cleaner is poor. I regret this purchase. Rating: 2/5.,2,negative
This wireless mouse is well made. Rating: 5/5.,5,positive
This coffee maker is wonderful. Exceeded my expectations.,4,positive
This vacuum cleaner is responsive.,4,positive
"Bought this laptop a few weeks ago. Some features are useful, others aren't. Rating: 3/5.",3,neutral
Bought this smartwatch a few weeks ago.,3,negative
Bought this vacuum cleaner a few weeks ago. The build quality is great.,5,positive
This phone case is not worth it.,1,negative
"This headphones is uncomfortable. On the plus side, setup took less than five minutes.",2,negative
This coffee maker is fantastic. I would definitely buy this again.,4,positive
This running shoes is sturdy.,4,positive
Bought this bluetooth speaker a few weeks ago. Setup took less than five minutes.,5,positive
This bluetooth speaker is fantastic. Customer service was very helpful. Overall it's not great.,4,positive
Bought this bluetooth speaker a few weeks ago. My whole family loves it now.,4,positive
This coffee maker is outstanding.,5,positive
This blender is impressive. Overall it's can't complain. Rating: 4/5.,4,positive
This coffee maker is well made. The build quality is great.,4,positive
Bought this laptop a few weeks ago.,4,positive
Bought this air fryer a few weeks ago. Exceeded my expectations. Rating: 4/5.,4,positive
"This blender is superb. Works perfectly out of the box. However, it does the job but nothing more. Rating: 4/5.",4,positive
This coffee maker is disappointing.,1,negative
This office chair is so-so.,2,neutral
"This phone case is nothing special. Some features are useful, others aren't. Also, works perfectly out of the box. Overall it's not bad.",4,neutral
"This office chair is standard. However, battery drains way too fast.",4,neutral
This headphones is okay. It does the job but nothing more.,4,neutral
Bought this vacuum cleaner a few weeks ago. The build quality is great.,3,positive
This headphones is worth every penny. Works perfectly out of the box. Rating: 5/5.,5,positive
Bought this blender a few weeks ago. It does the job but nothing more.,3,neutral
"This backpack is top notch. On the downside, the size runs way smaller than expected.",5,positive
This phone case is superb. Rating: 5/5.,5,positive
Bought this smartwatch a few weeks ago. Setup took less than five minutes.,5,positive
This air fryer is acceptable.,3,neutral
This coffee maker is so-so. Delivery took about a week.,4,neutral
Bought this blender a few weeks ago.,4,neutral
"Bought this office chair a few weeks ago. It's fine for the price but i wouldn't rave about it. That said, works perfectly out of the box.",3,neutral
Bought this headphones a few weeks ago.,5,positive
Bought this office chair a few weeks ago. The size runs way smaller than expected.,2,negative
"This phone case is excellent. Battery life is impressive. On the downside, stopped working within a week.",4,positive
Bought this wireless mouse a few weeks ago. I had to return it after two days.,1,negative
This bluetooth speaker is shoddy.,2,negative
Bought this bluetooth speaker a few weeks ago. It does the job but nothing more.,3,neutral
This yoga mat is wonderful. Exceeded my expectations.,5,positive
This backpack is fantastic. Setup took less than five minutes.,3,positive
Bought this wireless mouse a few weeks ago.,3,neutral
This yoga mat is acceptable.,3,neutral
"This coffee maker is terrible. The material feels cheap. Also, it's fine for teh price but I wouldn't rave about it.",1,negative
This desk lamp is worth every penny.,5,positive
"Bought this backpack a few weeks ago. However, packaging was fine.",4,positive
This phone case is great. Overall it's not bad.,5,positive
"This yoga mat is fast. However, it does the job but nothing more. Rating: 5/5.",5,positive
Bought this phone case a few weeks ago.,2,negative
Bought this coffee maker a few weeks ago. The build quality is great. Overall it's not as good as I hoped.,4,positive
This smartwatch is sleek.,3,positive
This headphones is broken. Rating: 2/5.,2,negative
This yoga mat is frustrating.,3,negative
"Bought this smartwatch a few weeks ago. It does the job but nothing more. That said, setup took less than five minutes. Rating: 2/5.",2,neutral
Bought this blender a few weeks ago. It's fine for teh price but i wouldn't rave about it. Rating: 4/5.,4,neutral
This smartwatch is okay. It's fine for the price but i wouldn't rave about it.,2,neutral
This yoga mat is cheap. I had to return it after two days.,3,negative
"This air fryer is terrible. I regret this purchase. However, it does the job but nothing more. Rating: 3/5.",3,negative
This air fryer is sturdy.,4,positive
"This running shoes is shoddy. The instructions were confusing. That said, teh build quality is great.",1,negative
This office chair is subpar.,2,negative
Bought this running shoes a few weeks ago.,1,negative
This laptop is standard. Overall it's not as good as I hoped.,3,neutral
This laptop is so-so.,3,neutral
"This backpack is awful. The material feels cheap. On the plus side, works perfectly out of the box.",1,negative
Bought this vacuum cleaner a few weeks ago.,5,negative
This bluetooth speaker is average.,3,neutral
This air fryer is excellent.,4,positive
Bought this headphones a few weeks ago. Shipping was fast and packaging was solid.,4,positive
"This office chair is decent. It's fine for the price but i wouldn't rave about it. Also, battery drains way too fast.",4,neutral
This phone case is frustrating. Battery drains way too fast.,2,negative
Bought this wireless mouse a few weeks ago. It arrived damaged. Rating: 2/5.,2,negative
Bought this smartwatch a few weeks ago. Setup took less than five minutes.,4,positive
Bought this phone case a few weeks ago.,3,negative
This smartwatch is badly made.,1,negative
This smartwatch is nothing special. It's fine for the price but i wouldn't rave about it.,4,neutral
This coffee maker is frustrating. Rating: 3/5.,3,negative
This smartwatch is subpar.,1,negative
This air fryer is responsive. Setup took less than five minutes.,3,positive
Bought this blender a few weeks ago.,4,positive
This wireless mouse is impressive.,5,positive
This yoga mat is responsive. Customer service was very helpful. Overall it's could be better. Rating: 5/5.,5,positive
"Bought this vacuum cleaner a few weeks ago. Battery life is impressive. Also, customer support never responded.",5,positive
"Bought this bluetooth speaker a few weeks ago. Works perfectly out of the box. That said, the instructions were confusing.",5,positive
This backpack is comfortable.,5,positive
"This vacuum cleaner is frustrating. The material feels cheap. However, battery life is impressive.",2,negative
This bluetooth speaker is standard. Rating: 2/5.,2,neutral
This wireless mouse is cheap.,1,negative
This coffee maker is comfortable. Shipping was fast and packaging was solid. Rating: 4/5.,4,positive
This backpack is smooth.,4,positive
Bought this phone case a few weeks ago. Battery life is impressive. Rating: 4/5.,4,positive
This yoga mat is useless.,1,negative
"Bought this phone case a few weeks ago. Some features are useful, others aren't.",2,neutral
This blender is uncomfortable. Customer support never responded. Overall it's could be better.,1,negative
This bluetooth speaker is nothing special. Packaging was fine.,2,neutral
This wireless mouse is worth every penny.,4,positive
This air fryer is decent. It's fine for the price but i wouldn't rave about it.,3,neutral
"Bought this air fryer a few weeks ago. The build quality is great. Also, packaging was fine. Rating: 5/5.",5,positive
"This air fryer is fantastic. I would definitely buy this again. On the downside, stopped working within a week.",5,positive
This coffee maker is so-so.,3,neutral
This blender is broken. I regret this purchase. Rating: 2/5.,2,negative
This laptop is responsive.,5,positive
"This wireless mouse is responsive. Customer service was very helpful. Also, works as described, no surprises. Rating: 4/5.",4,positive
This coffee maker is fast.,3,positive
Bought this running shoes a few weeks ago. Shipping was fast and packaging was solid. Rating: 4/5.,4,positive
This yoga mat is responsive.,4,positive
This laptop is uncomfortable.,1,negative
This headphones is useless.,2,negative
Bought this office chair a few weeks ago. Stopped working within a week.,1,negative
"Bought this office chair a few weeks ago. Also, battery life is impressive. Overall it's wouldn't recommend.",2,negative
This yoga mat is defective. I had to return it after two days.,1,negative
Bought this coffee maker a few weeks ago. Setup took less than five minutes.,3,positive
"Bought this vacuum cleaner a few weeks ago. I had to return it after two days. That said, some features are useful, others aren't.",2,negative
This office chair is solid. Shipping was fast and packaging was solid.,4,positive
This desk lamp is shoddy. Rating: 1/5.,1,negative
This running shoes is cheap. The instructions were confusing.,1,negative
This office chair is durable.,5,positive
Bought this smartwatch a few weeks ago.,3,negative
This yoga mat is slow.,3,negative
"This blender is decent. Some features are useful, others aren't. Overall it's not great. Rating: 4/5.",4,neutral
This smartwatch is affordable.,3,positive
This yoga mat is sturdy. Rating: 3/5.,3,positive
"This vacuum cleaner is flimsy. I had to return it after two days. Also, it's fine for the price but I wouldn't rave about it.",2,negative
This backpack is acceptable. It does teh job but nothing more. Rating: 2/5.,2,neutral
This office chair is responsive. The build quality is great. Overall it's wouldn't recommend.,3,positive
This running shoes is smooth. It feels premium for the price.,5,positive
This wireless mouse is superb.,4,positive
"This laptop is clunky. It arrived damaged. However, the build qaulity is great.",3,negative
This smartwatch is affordable.,3,positive
This running shoes is superb.,5,positive
This laptop is not worth it.,2,negative
"Bought this air fryer a few weeks ago. Setup took less than five minutes. On teh plus side, it does the job but nothing more.",4,positive
This smartwatch is sturdy.,5,positive
This backpack is terrible. I regret this purchase. Rating: 2/5.,2,negative
This wireless mouse is responsive. It feels premium for the price. Rating: 5/5.,5,positive
This smartwatch is reliable. Rating: 4/5.,4,positive
This office chair is awful. It arrived damaged. Rating: 1/5.,1,negative
This office chair is unreliable. It's louder than advertised. Rating: 1/5.,1,negative
Bought this coffee maker a few weeks ago. It's louder than advertised.,1,negative
This bluetooth speaker is standard. Packaging was fine.,2,neutral
Bought this blender a few weeks ago. Setup took less than five minutes.,5,negative
Bought this smartwatch a few weeks ago. Stopped working within a week. Overall it's could be better.,2,negative
This vacuum cleaner is broken. Stopped working within a week. Rating: 2/5.,2,negative
Bought this laptop a few weeks ago. It does the job but nothing more. Rating: 2/5.,2,neutral
"This smartwatch is well made. However, the material feels cheap. Overall it's didn't disappoint.",4,positive
This blender is frustrating. It arrived damaged.,2,negative
This wireless mouse is shoddy. Customer support never responded.,1,negative
This office chair is clunky. Battery drains way too fast. Rating: 1/5.,1,negative
"This running shoes is decent. It's fine for the price but i wouldn't rave about it. That said, battery life is impressive. Overall it's didn't disappoint.",2,neutral
This blender is responsive. Battery life is impressive. Overall it's could be better. Rating: 3/5.,3,positive
This wireless mouse is subpar. I had to return it after two days.,2,negative
This backpack is useless. The instructions were confusing.,1,negative
This phone case is reliable.,4,positive
Bought this office chair a few weeks ago. The material feels cheap. Overall it's didn't disappoint.,1,negative
This office chair is defective.,2,negative
"This blender is flimsy. The size runs way smaller than expected. However, it's fine for the price but I wouldn't rave about it. Rating: 1/5.",1,negative
"This office chair is smooth. Works perfectly out of the box. However, packaging was fine.",4,positive
This desk lamp is impressive.,4,positive
"This headphones is uncomfortable. The size runs way smaller than expected. However, some features are useful, others aren't.",2,negative
Bought this smartwatch a few weeks ago. Overall it's could be better.,4,positive
This wireless mouse is superb. Exceeded my expectations.,4,positive
"Bought this office chair a few weeks ago. Customer service was very helpful. On teh plus side, delivery took about a week.",3,positive
This phone case is cheap.,1,negative
Bought this vacuum cleaner a few weeks ago. Works perfectly out of teh box. Rating: 4/5.,4,positive
This backpack is defective. The instructions were confusing. Overall it's can't complain.,2,negative
This wireless mouse is sleek. Rating: 4/5.,4,positive
"This bluetooth speaker is slow. However, customer service was very helpful.",2,negative
This coffee maker is disappointing.,1,negative
This air fryer is top notch. Battery life is impressive.,5,positive
"This yoga mat is so-so. However, I had to return it after two days. Rating: 2/5.",2,neutral
This coffee maker is top notch. Battery life is impressive. Rating: 4/5.,4,positive
"This running shoes is great. I would definitely buy this again. That said, works as described, no surprises.",5,positive
This yoga mat is fantastic.,5,positive
"This office chair is standard. Works as described, no surprises. However, it arrived damaged. Overall it's could be better.",2,neutral
This laptop is useless.,2,negative
This backpack is acceptable.,3,neutral
Bought this vacuum cleaner a few weeks ago. Delivery took about a week.,4,neutral
This coffee maker is great.,4,positive
"Bought this bluetooth speaker a few weeks ago. I would definitely buy this again. That said, the size runs way smaller than expected.",3,positive
This office chair is cheap.,3,negative
This phone case is worth every penny. Rating: 5/5.,5,positive
Bought this vacuum cleaner a few weeks ago. I regret this purchase. Rating: 1/5.,1,negative
This laptop is sturdy.,4,positive
Bought this running shoes a few weeks ago. The size runs way smaller than expected. Rating: 3/5.,3,negative
This vacuum cleaner is disappointing.,2,negative
"This headphones is worth every penny. That said, it's louder than advertised.",4,positive
This headphones is wonderful. Exceeded my expectations. Overall it's not bad.,5,positive
This blender is useless. The material feels cheap. Overall it's didn't disappoint.,1,negative
This smartwatch is wonderful. Battery life is impressive.,3,positive
This laptop is middle of the road. Packaging was fine. Rating: 3/5.,3,neutral
Bought this desk lamp a few weeks ago. I would definitely buy this again. Rating: 5/5.,5,positive
Bought this office chair a few weeks ago. Exceeded my expectations.,3,positive
This coffee maker is sturdy.,5,positive
This running shoes is amazing. Battery life is impressive.,3,negative
This phone case is well made.,4,positive
This office chair is outstanding.,5,positive
This smartwatch is responsive.,5,positive
"This office chair is wonderful. Shipping was fast and packaging was solid. Also, it does the job but nothing more.",5,positive
This smartwatch is solid. Battery life is impressive. Rating: 3/5.,3,positive
Bought this desk lamp a few weeks ago. Rating: 4/5.,4,positive
This wireless mouse is defective. Customer support never responded. Overall it's not as good as I hoped.,1,negative
This backpack is okay. Delivery took about a week. Overall it's not great.,3,neutral
This backpack is comfortable. Setup took less than five minutes. Overall it's not great.,5,positive
This blender is responsive. Exceeded my expectations. Overall it's can't complain. Rating: 4/5.,4,positive
"This vacuum cleaner is subpar. Also, my whole family loves it now. Rating: 2/5.",2,negative
Bought this phone case a few weeks ago. The build quality is great. Rating: 5/5.,5,positive
This air fryer is well made. Exceeded my expectations.,5,positive
Bought this vacuum cleaner a few weeks ago. Stopped working within a week.,1,negative
This coffee maker is fast. The build quality is great.,3,positive
"This phone case is so-so. On the downside, it arrived damaged.",4,neutral
This yoga mat is great. Setup took less than five minutes. Rating: 5/5.,5,positive
Bought this desk lamp a few weeks ago. It's louder than advertised.,2,negative
This desk lamp is so-so. Delivery took about a week.,3,neutral
Bought this vacuum cleaner a few weeks ago. It feels premium for the price.,5,positive
"This smartwatch is defective. I regret this purchase. Also, delivery took about a week. Overall it's not as good as I hoped.",1,negative
This vacuum cleaner is subpar. Rating: 3/5.,3,negative
"This air fryer is responsive. However, stopped working within a week.",5,positive
This bluetooth speaker is badly made. The size runs way smaller than expected. Rating: 3/5.,3,negative
This phone case is sturdy. I would definitely buy this again. Rating: 4/5.,4,positive
"This laptop is middle of the road. Some features are useful, others aren't. Also, I had to return it after two days. Overall it's not great. Rating: 4/5.",4,neutral
Bought this desk lamp a few weeks ago. The instructions were confusing.,1,negative
This running shoes is not worth it.,1,negative
This blender is unreliable.,3,negative
This desk lamp is top notch.,3,positive
This air fryer is smooth. It feels premium for teh price. Rating: 5/5.,5,positive
This running shoes is fantastic. Works perfectly out of the box.,5,positive
Bought this smartwatch a few weeks ago. Battery drains way too fast. Rating: 2/5.,2,negative
"This headphones is fine. Some features are useful, others aren't.",3,neutral
This desk lamp is sleek. The build quality is great. Rating: 4/5.,4,positive
This headphones is defective.,1,negative
This blender is awful.,1,negative
This air fryer is cheap. Customer support never responded.,1,negative
This bluetooth speaker is well made. Exceeded my expectations. Rating: 4/5.,4,positive
Bought this bluetooth speaker a few weeks ago.,2,neutral
Bought this backpack a few weeks ago.,2,negative
"This desk lamp is fast. Customer service was very helpful. However, battery drains way too fast.",3,positive
This vacuum cleaner is cheap.,2,negative
This blender is durable. The build quality is great. Rating: 5/5.,5,positive
This air fryer is great. Exceeded my expectations.,5,positive
This wireless mouse is worth every penny. Battery life is impressive.,4,positive
Bought this running shoes a few weeks ago. Setup took less than five minutes.,4,negative
"Bought this wireless mouse a few weeks ago. Exceeded my expectations. Also, customer support never responded. Overall it's could be better. Rating: 4/5.",4,positive
This vacuum cleaner is decent.,4,neutral
Bought this coffee maker a few weeks ago. Works perfectly out of the box. Rating: 3/5.,3,positive
This smartwatch is fantastic. My whole family loves it now.,4,positive
This desk lamp is shoddy.,1,negative
This backpack is cheap. I had to return it after two days. Overall it's could be better.,1,negative
Bought this backpack a few weeks ago. It feels premium for the price.,3,positive
This headphones is decent. It's fine for the price but i wouldn't rave about it.,2,neutral
This running shoes is fine. Packaging was fine.,4,neutral
This bluetooth speaker is excellent. Battery life is impressive.,5,positive
This headphones is affordable. The build quality is great.,4,positive
This running shoes is decent. It's fine for the price but i wouldn't rave about it.,2,neutral
This blender is broken. The material feels cheap. Overall it's can't complain. Rating: 1/5.,1,negative
Bought this backpack a few weeks ago.,2,negative
Bought this smartwatch a few weeks ago.,1,negative
Bought this headphones a few weeks ago. Rating: 3/5.,3,positive
"This phone case is responsive. Exceeded my expectations. That said, it's fine for the price but I wouldn't rave about it. Rating: 4/5.",4,positive
This coffee maker is not worth it. Customer support never responded.,3,negative
This headphones is well made. Battery life is impressive.,5,positive
This phone case is useless. The instructions were confusing. Rating: 1/5.,1,negative
"This running shoes is middle of the road. Packaging was fine. Also, I would definitely buy this again. Overall it's wouldn't recommend.",3,neutral
"This vacuum cleaner is responsive. That said, delivery took about a week.",3,positive
Bought this headphones a few weeks ago. My whole family loves it now. Overall it's not as good as I hoped. Rating: 5/5.,5,positive
This backpack is frustrating. Rating: 2/5.,2,negative
This bluetooth speaker is useless. I regret this purchase. Rating: 2/5.,2,negative
"This air fryer is smooth. I would definately buy this again. However, delivery took about a week. Rating: 4/5.",4,positive
Bought this wireless mouse a few weeks ago.,3,positive
This desk lamp is sleek.,5,positive
This phone case is worth every penny. Setup took less than five minutes.,4,positive
This laptop is solid.,3,positive
"Bought this vacuum cleaner a few weeks ago. The material feels cheap. However, works perfectly out of the box.",1,negative
"This wireless mouse is impressive. Shipping was fast and packaging was solid. That said, stopped working within a week. Overall it's not as good as I hoped.",4,positive
Bought this vacuum cleaner a few weeks ago. I regret this purchase.,1,negative
This vacuum cleaner is disappointing. The size runs way smaller than expected.,3,negative
"Bought this running shoes a few weeks ago. It's fine for the price but i wouldn't rave about it. Also, stopped working within a week.",3,neutral
This phone case is well made. My whole family loves it now. Rating: 3/5.,3,positive
This vacuum cleaner is nothing special. Packaging was fine. Overall it's not great.,3,neutral
This wireless mouse is disappointing.,3,negative
"This smartwatch is terrible. On the plus side, setup took less than five minutes. Rating: 1/5.",1,negative
"This coffee maker is superb. It feels premium for the price. On the downside, stopped working within a week. Overall it's wouldn't recommend.",5,positive
This headphones is affordable.,5,positive
This coffee maker is worth every penny. Works perfectly out of the box.,4,positive
This wireless mouse is great. I would definitely buy this again.,4,positive
"This backpack is okay. Works as described, no surprises.",2,neutral
This wireless mouse is shoddy. Battery drains way too fast. Rating: 2/5.,2,negative
This vacuum cleaner is subpar.,3,negative
Bought this running shoes a few weeks ago. Customer service was very helpful. Rating: 4/5.,4,positive
This backpack is badly made.,1,negative
This smartwatch is acceptable.,4,neutral
This office chair is solid. Setup took less than five minutes. Rating: 4/5.,4,positive
"This running shoes is subpar. However, exceeded my expectations.",1,negative
This blender is affordable. My whole family loves it now. Rating: 3/5.,3,positive
"This air fryer is nothing special. Delivery took about a week. However, shipping was fast and packaging was solid.",2,neutral
"This desk lamp is terrible. It arrived damaged. That said, I would definitely buy this again.",3,negative
"This phone case is responsive. My whole family loves it now. Also, battery drains way too fast. Overall it's not bad. Rating: 3/5.",3,positive
"This headphones is decent. Some features are useful, others aren't.",3,neutral
This smartwatch is fantastic. Shipping was fast and packaging was solid.,5,positive
"This headphones is cheap. I had to return it after two days. On the plus side, customer service was very helpful.",3,negative
This coffee maker is subpar. I regret this purchase. Rating: 2/5.,2,negative
This vacuum cleaner is not worth it. I regret this purchase.,3,negative
This phone case is reasonable. Delivery took about a week. Overall it's can't complain.,3,neutral
This office chair is sturdy.,4,positive
Bought this wireless mouse a few weeks ago. The size runs way smaller than expected. Overall it's can't complain. Rating: 1/5.,1,negative
This backpack is terrible. Customer support never responded. Rating: 2/5.,2,negative
"This bluetooth speaker is average. That said, the size runs way smaller than expected.",3,neutral
"This laptop is comfortable. Shipping was fast and packaging was solid. Also, some features are useful, others aren't. Rating: 5/5.",5,positive
"Bought this laptop a few weeks ago. Setup took less than five minutes. On the plus side, works as described, no surprises. Rating: 5/5.",5,positive
"This running shoes is cheap. The size runs way smaller than expected. That said, packaging was fine.",2,negative
This wireless mouse is responsive.,4,positive
This blender is not worth it. Customer support never responded.,2,negative
Bought this wireless mouse a few weeks ago. Rating: 5/5.,5,positive
Bought this desk lamp a few weeks ago. It's louder than advertised. Rating: 1/5.,1,negative
Bought this smartwatch a few weeks ago.,2,neutral
This blender is responsive.,5,positive
This laptop is clunky. Rating: 1/5.,1,negative
This headphones is clunky. The material feels cheap. Overall it's not as good as I hoped.,3,negative
This wireless mouse is fantastic. The build quality is great. Rating: 5/5.,5,positive
This laptop is frustrating.,1,negative
"This headphones is fine. Delivery took about a week. However, customer support never responded. Overall it's not bad. Rating: 3/5.",3,neutral
This phone case is average. Rating: 2/5.,2,neutral
"Bought this air fryer a few weeks ago. Works perfectly out of the box. However, the size runs way smaller than expected.",5,positive
This air fryer is comfortable. My whole family loves it now.,4,positive
"This headphones is fantastic. Also, packaging was fine.",5,positive
This desk lamp is standard.,4,neutral
"This wireless mouse is reliable. On the downside, I regret this purchase.",5,positive
This yoga mat is clunky. I regret this purchase. Rating: 3/5.,3,negative
This wireless mouse is okay. Delivery took about a week.,3,neutral
"This blender is excellent. The build quality is great. That said, the instructions were confusing. Overall it's not as good as I hoped. Rating: 5/5.",5,positive
This vacuum cleaner is average. It does the job but nothing more.,4,neutral
This laptop is disappointing.,2,negative
"This laptop is middle of the road. Packaging was fine. On the downside, customer support never responded. Rating: 2/5.",2,neutral
"This yoga mat is well made. Setup took less than five minutes. However, packaging was fine.",5,positive
This laptop is badly made. The size runs way smaller than expected. Rating: 1/5.,1,negative
Bought this office chair a few weeks ago. Battery drains way too fast.,1,positive
This air fryer is overpriced. It's louder than advertised.,2,negative
"Bought this coffee maker a few weeks ago. It's fine for teh price but i wouldn't rave about it. That said, works perfectly out of the box. Overall it's could be better.",3,neutral
This air fryer is wonderful. Exceeded my expectations. Rating: 5/5.,5,neutral
This coffee maker is shoddy.,1,negative
This coffee maker is uncomfortable. The size runs way smaller than expected.,2,negative
This running shoes is decent. It does the job but nothing more.,2,neutral
This air fryer is reliable. It feels premium for the price. Overall it's didn't disappoint.,3,positive
"This phone case is disappointing. That said, my whole family loves it now.",2,negative
This vacuum cleaner is frustrating. Customer support never responded.,1,negative
This air fryer is solid. My whole family loves it now.,4,positive
"This bluetooth speaker is badly made. The material feels cheap. That said, the build quality is great. Rating: 2/5.",2,negative
"This wireless mouse is smooth. It feels premium for the price. Also, the size runs way smaller than expected.",4,positive
This smartwatch is reliable. Shipping was fast and packaging was solid. Rating: 3/5.,3,positive
This wireless mouse is disappointing.,1,negative
This air fryer is frustrating. It arrived damaged. Overall it's can't complain.,1,negative
"This yoga mat is okay. It's fine for teh price but i wouldn't rave about it. Also, I regret this purchase. Rating: 3/5.",3,neutral
"This wireless mouse is not worth it. That said, packaging was fine.",2,negative
"Bought this desk lamp a few weeks ago. Some features are useful, others aren't. On the downside, it's louder than advertised. Rating: 3/5.",3,neutral
"This yoga mat is disappointing. I had to return it after two days. That said, battery life is impressive.",1,negative
This desk lamp is smooth. My whole family loves it now. Rating: 5/5.,5,positive
"Bought this blender a few weeks ago. My whole family loves it now. However, delivery took about a week. Rating: 4/5.",4,positive
This blender is terrible.,3,negative
This coffee maker is reliable. Overall it's not bad.,4,positive
"This backpack is top notch. My whole family loves it now. On the downside, I regret this purchase. Overall it's didn't disappoint. Rating: 4/5.",4,positive
"Bought this headphones a few weeks ago. That said, battery drains way too fast. Rating: 5/5.",5,positive
This coffee maker is responsive. I would definitely buy this again. Rating: 4/5.,4,positive
This laptop is poor.,3,negative
This blender is badly made. I regret this purchase.,2,negative
"Bought this coffee maker a few weeks ago. My whole family loves it now. However, it's fine for the price but I wouldn't rave about it.",4,positive
This desk lamp is fantastic.,3,positive
This phone case is great. Works perfectly out of the box.,4,positive
"Bought this bluetooth speaker a few weeks ago. Some features are useful, others aren't.",4,neutral
"Bought this wireless mouse a few weeks ago. It's louder than advertised. On the plus side, battery life is impressive. Overall it's wouldn't recommend. Rating: 2/5.",2,negative
This wireless mouse is so-so. Overall it's can't complain.,3,neutral
This office chair is impressive. Battery life is impressive.,3,positive
This bluetooth speaker is superb. It feels premium for the price.,5,positive
"This coffee maker is durable. Works perfectly out of the box. However, customer support never responded.",5,positive
This coffee maker is responsive.,4,positive
This coffee maker is top notch. Works perfectly out of the box. Rating: 3/5.,3,positive
This desk lamp is wonderful. The build quality is great.,4,positive
This desk lamp is defective.,1,negative
This yoga mat is cheap. It arrived damaged. Overall it's wouldn't recommend. Rating: 2/5.,2,negative
Bought this headphones a few weeks ago.,5,positive
This desk lamp is fantastic. My whole family loves it now. Rating: 5/5.,5,positive
This coffee maker is frustrating. Customer support never responded.,3,negative
This office chair is awful. The size runs way smaller than expected.,1,negative
This backpack is durable. I would definitely buy this again.,5,positive
This air fryer is slow. The material feels cheap.,3,negative
Bought this vacuum cleaner a few weeks ago. It arrived damaged. Rating: 1/5.,1,negative
"This smartwatch is decent. Some features are useful, others aren't. Overall it's not great. Rating: 4/5.",4,neutral
This headphones is outstanding. I would definately buy this again.,3,positive
"This blender is overpriced. However, some features are useful, others aren't. Rating: 2/5.",2,negative
This vacuum cleaner is durable.,5,positive
"This phone case is subpar. The material feels cheap. On the plus side, customer service was very helpful. Overall it's not great.",2,negative
This phone case is responsive. I would definitely buy this again.,3,positive
This air fryer is overpriced. I had to return it after two days. Rating: 1/5.,1,neutral
Bought this coffee maker a few weeks ago. Customer support never responded. Rating: 1/5.,1,negative
Bought this headphones a few weeks ago. Overall it's not bad.,1,negative
This laptop is okay. It's fine for teh price but i wouldn't rave about it.,3,neutral
This office chair is solid.,4,positive
This backpack is overpriced. Customer support never responded. Overall it's not bad.,2,negative
This laptop is top notch.,4,positive
This smartwatch is well made. Setup took less than five minutes. Rating: 5/5.,5,positive
"This blender is worth every penny. However, it does the job but nothing more.",5,positive
Bought this backpack a few weeks ago.,5,positive
This backpack is worth every penny.,5,positive
"This yoga mat is average. Some features are useful, others aren't. Rating: 2/5.",2,positive
"This office chair is overpriced. Customer support never responded. However, works as described, no surprises.",1,negative
Bought this wireless mouse a few weeks ago. I would definitely buy this again.,5,positive
This yoga mat is clunky.,1,negative
Bought this phone case a few weeks ago.,3,negative
Bought this office chair a few weeks ago. Shipping was fast and packaging was solid. Overall it's not as good as I hoped.,3,positive
This laptop is impressive. The build quality is great.,3,positive
This phone case is great. I would definitely buy this again. Overall it's can't complain.,5,positive
"This coffee maker is acceptable. However, I had to return it after two days.",3,neutral
Bought this headphones a few weeks ago. Delivery took about a week.,2,neutral
This smartwatch is disappointing.,1,negative
"This air fryer is reliable. My whole family loves it now. However, stopped working within a week. Rating: 3/5.",3,positive
Bought this wireless mouse a few weeks ago. I regret this purchase.,2,negative
Bought this wireless mouse a few weeks ago.,3,neutral
This phone case is broken. Overall it's not bad. Rating: 1/5.,1,negative
This coffee maker is affordable. Exceeded my expectations.,3,positive
This phone case is disappointing. Rating: 2/5.,2,negative
Bought this yoga mat a few weeks ago. Works perfectly out of the box.,5,positive
Bought this running shoes a few weeks ago. Rating: 5/5.,5,positive
Bought this bluetooth speaker a few weeks ago. Customer support never responded.,3,negative
Bought this backpack a few weeks ago.,4,positive
This office chair is okay.,3,neutral
This wireless mouse is responsive. The build quality is great. Rating: 3/5.,3,positive
This headphones is sturdy.,3,positive
This laptop is defective.,2,negative
This vacuum cleaner is flimsy. It's louder than advertised.,1,negative
"This yoga mat is solid. Exceeded my expectations. That said, delivery took about a week.",3,positive
This office chair is terrible.,2,negative
Bought this backpack a few weeks ago.,4,neutral
Bought this coffee maker a few weeks ago.,5,positive
Bought this coffee maker a few weeks ago. Rating: 4/5.,4,positive
This running shoes is flimsy. I regret this purchase.,2,negative
"This wireless mouse is sleek. Customer service was very helpful. Also, it arrived damaged.",3,positive
This yoga mat is terrible. It arrived damaged.,2,negative
"Bought this headphones a few weeks ago. That said, it feels premium for teh price.",1,negative
This coffee maker is clunky. Overall it's not as good as I hoped. Rating: 1/5.,1,negative
"This desk lamp is fast. The build quality is great. That said, packaging was fine. Rating: 4/5.",4,positive
"This yoga mat is unreliable. The instructions were confusing. On teh plus side, delivery took about a week.",2,negative
This laptop is overpriced. The instructions were confusing. Rating: 1/5.,1,negative
This laptop is affordable. Exceeded my expectations.,3,positive
This backpack is slow. I regret this purchase.,3,negative
"This office chair is defective. The instructions were confusing. Also, some features are useful, others aren't.",1,negative
Bought this desk lamp a few weeks ago. Battery life is impressive.,4,positive
This coffee maker is unreliable. The material feels cheap. Rating: 2/5.,2,negative
"This air fryer is reasonable. Some features are useful, others aren't. Also, stopped working within a week.",4,neutral
Bought this wireless mouse a few weeks ago. My whole family loves it now. Rating: 4/5.,4,positive
This backpack is smooth. Shipping was fast and packaging was solid.,5,positive
"This blender is affordable. Also, the size runs way smaller than expected. Rating: 5/5.",5,positive
This office chair is top notch. My whole family loves it now.,3,positive
"This headphones is fantastic. The build quality is great. On the downside, the instructions were confusing.",4,positive
"This wireless mouse is defective. It's louder than advertised. Also, some features are useful, others aren't. Rating: 2/5.",2,negative
Bought this smartwatch a few weeks ago. The size runs way smaller than expected.,2,negative
"Bought this running shoes a few weeks ago. The instructions were confusing. Also, it does the job but nothing more.",2,negative
This headphones is awful.,2,negative
Bought this wireless mouse a few weeks ago.,3,negative
Bought this vacuum cleaner a few weeks ago. Battery life is impressive.,5,positive
"This running shoes is great. Exceeded my expectations. However, I regret this purchase.",4,positive
This coffee maker is awful.,1,negative
This laptop is excelent. I would definitely buy this again.,4,positive
This coffee maker is smooth. I would definitely buy this again. Rating: 4/5.,4,positive
This office chair is superb.,4,positive
This blender is defective. I regret this purchase.,1,negative
"Bought this backpack a few weeks ago. That said, the build quality is great. Overall it's not as good as I hoped. Rating: 2/5.",2,neutral
This office chair is standard.,2,neutral
This laptop is fast. My whole family loves it now. Rating: 4/5.,4,positive
Bought this blender a few weeks ago. Battery life is impressive.,5,positive
This desk lamp is awful. It's louder than advertised.,1,negative
This headphones is great.,4,positive
This laptop is frustrating. Rating: 2/5.,2,negative
"This vacuum cleaner is fine. It does the job but nothing more. On teh downside, I regret this purchase. Rating: 3/5.",3,neutral
This laptop is affordable. Setup took less than five minutes.,4,positive
Bought this smartwatch a few weeks ago. Exceeded my expectations.,5,positive
This coffee maker is sturdy. The build quality is great.,4,positive
"This desk lamp is overpriced. Stopped working within a week. However, it's fine for the price but I wouldn't rave about it.",2,negative
This vacuum cleaner is overpriced. It arrived damaged.,1,negative
This running shoes is top notch.,4,positive
Bought this wireless mouse a few weeks ago.,2,negative
This wireless mouse is poor.,1,negative
"Bought this headphones a few weeks ago. Works as described, no surprises.",3,neutral
This office chair is fantastic.,4,positive
This laptop is average.,3,neutral
This phone case is impressive.,4,positive
This coffee maker is affordable.,3,positive
Bought this vacuum cleaner a few weeks ago.,1,negative
This office chair is faulty. Battery drains way too fast.,1,negative
"This smartwatch is reliable. On the downside, teh instructions were confusing. Rating: 4/5.",4,positive
This wireless mouse is faulty.,3,negative
This blender is terrible. Rating: 2/5.,2,negative
"This backpack is smooth. Setup took less than five minutes. On the downside, the size runs way smaller than expected.",5,positive
This desk lamp is great. The build quality is great.,5,positive
This blender is badly made. The instructions were confusing.,2,negative
This phone case is superb. Exceeded my expectations.,4,positive
"This yoga mat is acceptable. Also, I regret this purchase. Rating: 3/5.",3,neutral
This desk lamp is badly made. Battery drains way too fast. Overall it's not as good as I hoped.,1,negative
This desk lamp is clunky. It arrived damaged.,2,negative
Bought this air fryer a few weeks ago. It arrived damaged.,2,negative
Bought this bluetooth speaker a few weeks ago.,1,negative
This vacuum cleaner is subpar. Rating: 1/5.,1,negative
This coffee maker is affordable. Rating: 4/5.,4,positive
This coffee maker is shoddy. Customer support never responded.,2,negative
"This air fryer is fast. Works perfectly out of the box. On the downside, it arrived damaged. Rating: 4/5.",4,positive
This vacuum cleaner is fast.,3,positive
This air fryer is flimsy. Battery drains way too fast.,2,negative
This headphones is comfortable. Setup took less than five minutes. Rating: 5/5.,5,positive
This desk lamp is uncomfortable. I regret this purchase.,2,negative
"This smartwatch is sleek. I would definately buy this again. That said, delivery took about a week.",4,positive
This laptop is broken.,2,negative
This blender is reasonable. Delivery took about a week.,3,neutral
This vacuum cleaner is reliable.,5,positive
This wireless mouse is standard. Packaging was fine. Overall it's wouldn't recommend. Rating: 3/5.,3,neutral
Bought this laptop a few weeks ago. Exceeded my expectations.,5,positive
Bought this laptop a few weeks ago.,1,negative
This office chair is smooth. Setup took less than five minutes. Overall it's not great.,5,positive
This running shoes is outstanding. The build quality is great. Rating: 5/5.,5,positive
Bought this vacuum cleaner a few weeks ago.,3,positive
This laptop is comfortable. My whole family loves it now. Rating: 4/5.,4,positive
This coffee maker is not worth it. It's louder than advertised. Rating: 1/5.,1,negative
This office chair is shoddy. Stopped working within a week. Rating: 2/5.,2,negative
This office chair is shoddy.,1,negative
This phone case is comfortable. It feels premium for the price.,5,positive
"This smartwatch is so-so. It's fine for the price but i wouldn't rave about it. Also, works perfectly out of the box.",3,neutral
"This coffee maker is fantastic. The build quality is great. On the downside, it's louder than advertised.",5,positive
This vacuum cleaner is superb. It feels premium for the price.,4,positive
Bought this air fryer a few weeks ago. The material feels cheap. Overall it's can't complain.,3,negative
This desk lamp is well made.,3,positive
"Bought this office chair a few weeks ago. Battery life is impressive. However, I regret this purchase. Overall it's can't complain.",3,positive
This wireless mouse is excellent. Shipping was fast and packaging was solid.,5,positive
This blender is excellent. Works perfectly out of the box.,3,positive
This smartwatch is reasonable.,3,neutral
"This blender is fine. Works as described, no surprises.",3,neutral
"This backpack is middle of the road. Packaging was fine. However, battery life is impressive.",3,neutral
This bluetooth speaker is amazing. The build quality is great.,5,positive
"This yoga mat is unreliable. However, the build quality is great. Overall it's not as good as I hoped.",1,negative
"This running shoes is subpar. Also, setup took less than five minutes. Rating: 1/5.",1,negative
"This yoga mat is sleek. Setup took less than five minutes. Also, it does the job but nothing more.",4,positive
This smartwatch is broken. I had to return it after two days. Rating: 1/5.,1,negative
This coffee maker is comfortable. It feels premium for the price.,5,positive
This headphones is faulty. Rating: 3/5.,3,negative
This yoga mat is reasonable. It's fine for the price but i wouldn't rave about it. Rating: 3/5.,3,neutral
This yoga mat is smooth. My whole family loves it now.,3,positive
This vacuum cleaner is so-so. Delivery took about a week.,4,neutral
This laptop is wonderful. It feels premium for the price.,5,positive
"This coffee maker is wonderful. However, the instructions were confusing.",4,positive
This yoga mat is useless.,1,negative
"This vacuum cleaner is decent. Packaging was fine. However, stopped working within a week. Rating: 3/5.",3,neutral
"This bluetooth speaker is affordable. The build quality is great. However, it's fine for the price but I wouldn't rave about it.",5,positive
This desk lamp is comfortable.,4,positive
Bought this blender a few weeks ago. The build quality is great. Overall it's not as good as I hoped.,5,positive
"This phone case is wonderful. It feels premium for the price. On the downside, the size runs way smaller than expected.",4,positive
This running shoes is sleek.,4,positive
"Bought this vacuum cleaner a few weeks ago. Packaging was fine. Also, works perfectly out of the box.",3,neutral
This backpack is worth every penny. Battery life is impressive. Rating: 5/5.,5,positive
"This laptop is excellent. Exceeded my expectations. That said, it does the job but nothing more.",5,positive
"This office chair is acceptable. It's fine for the price but i wouldn't rave about it. Also, the instructions were confusing. Overall it's not great. Rating: 3/5.",3,neutral
"This blender is durable. Setup took less than five minutes. However, packaging was fine. Overall it's not as good as I hoped.",5,positive
This phone case is decent. It's fine for the price but i wouldn't rave about it. Overall it's can't complain. Rating: 3/5.,3,positive
"This headphones is excellent. However, battery drains way too fast. Rating: 5/5.",5,positive
This laptop is frustrating.,1,negative
This vacuum cleaner is outstanding. The build quality is great. Rating: 5/5.,5,positive
This coffee maker is useless. The instructions were confusing.,2,negative
Bought this office chair a few weeks ago. Setup took less than five minutes.,3,positive
This yoga mat is great. Exceeded my expectations. Overall it's can't complain.,5,positive
"This wireless mouse is useless. The material feels cheap. On the plus side, customer service was very helpful.",2,negative
This blender is worth every penny.,5,positive
This headphones is superb. My whole family loves it now. Overall it's not as good as I hoped.,4,positive
"This vacuum cleaner is cheap. It arrived damaged. However, delivery took about a week. Overall it's not as good as I hoped.",2,negative
This running shoes is disappointing.,1,negative
This bluetooth speaker is fantastic. Exceeded my expectations.,5,positive
This headphones is well made. Overall it's not as good as I hoped.,4,positive
This wireless mouse is middle of the road.,3,neutral
"This vacuum cleaner is defective. The material feels cheap. That said, the build qaulity is great.",3,negative
"This phone case is badly made. However, it's fine for the price but I wouldn't rave about it. Rating: 1/5.",1,negative
This running shoes is sturdy. I would definitely buy this again.,5,positive
This bluetooth speaker is excellent. Exceeded my expectations. Overall it's wouldn't recommend.,5,positive
Bought this backpack a few weeks ago.,2,negative
Bought this desk lamp a few weeks ago. Stopped working within a week.,1,negative
"Bought this phone case a few weeks ago. Also, works perfectly out of the box.",3,neutral
This running shoes is worth every penny. Shipping was fast and packaging was solid. Rating: 4/5.,4,positive
"This coffee maker is disappointing. Also, battery life is impressive.",1,negative
Bought this yoga mat a few weeks ago. Rating: 2/5.,2,negative
This coffee maker is fantastic. Shipping was fast and packaging was solid.,5,positive
This phone case is well made. Exceeded my expectations.,3,positive
This backpack is overpriced.,1,negative
"This bluetooth speaker is acceptable. Works as described, no surprises. Overall it's not bad.",3,neutral
"This wireless mouse is fine. Some features are useful, others aren't.",3,neutral
This yoga mat is durable. Exceeded my expectations.,4,positive
This running shoes is fast.,3,positive
This bluetooth speaker is standard. Packaging was fine.,3,neutral
This smartwatch is sleek. Rating: 3/5.,3,positive
Bought this office chair a few weeks ago. Overall it's wouldn't recommend.,2,negative
"This air fryer is decent. Works as described, no surprises.",4,neutral
This laptop is wonderful. Battery life is impressive.,5,positive
Bought this headphones a few weeks ago. The build quality is great.,5,positive
This desk lamp is comfortable.,4,positive
"This bluetooth speaker is frustrating. It arrived damaged. That said, shipping was fast and packaging was solid.",2,negative
This laptop is acceptable. Overall it's didn't disappoint.,4,neutral
This backpack is shoddy. The size runs way smaller than expected.,1,negative
This coffee maker is unreliable. The instructions were confusing.,1,negative
This coffee maker is excellent. The build quality is great.,5,positive
This office chair is clunky.,2,negative
"This phone case is awful. I had to return it after two days. However, delivery took about a week.",3,negative
Bought this backpack a few weeks ago.,3,positive
"This headphones is so-so. Some features are useful, others aren't.",2,neutral
Bought this wireless mouse a few weeks ago. Battery drains way too fast.,2,negative
This backpack is comfortable. I would definitely buy this again. Rating: 4/5.,4,positive
"This coffee maker is fine. Works as described, no surprises.",3,neutral
This phone case is defective. The material feels cheap.,2,negative
"This air fryer is defective. Battery drains way too fast. On the plus side, setup took less than five minutes. Rating: 1/5.",1,negative
This yoga mat is shoddy. Overall it's not bad. Rating: 1/5.,1,negative
"This vacuum cleaner is top notch. It feels premium for the price. Also, some features are useful, others aren't.",4,neutral
This phone case is fantastic.,5,positive
This air fryer is outstanding. Rating: 5/5.,5,positive
This yoga mat is flimsy.,1,negative
"This phone case is standard. Packaging was fine. However, the material feels cheap.",3,neutral
This office chair is subpar. I regret this purchase. Rating: 1/5.,1,negative
Bought this coffee maker a few weeks ago.,3,neutral
This phone case is worth every penny. It feels premium for the price.,3,positive
This headphones is fast. Battery life is impressive.,4,positive
"Bought this bluetooth speaker a few weeks ago. Customer service was very helpful. However, it does the job but nothing more.",5,positive
"This backpack is uncomfortable. The material feels cheap. That said, some features are useful, others aren't. Overall it's not bad.",3,negative
This yoga mat is fast. Shipping was fast and packaging was solid.,5,positive
This air fryer is useless.,1,negative
This running shoes is decent. It's fine for the price but i wouldn't rave about it.,4,neutral
This bluetooth speaker is middle of teh road.,2,neutral
This air fryer is unreliable. The instructions were confusing.,1,negative
This office chair is useless. It's louder than advertised.,1,negative
Bought this vacuum cleaner a few weeks ago. Rating: 5/5.,5,positive
This office chair is so-so.,3,neutral
Bought this headphones a few weeks ago.,3,neutral
"Bought this smartwatch a few weeks ago. The instructions were confusing. Also, packaging was fine.",1,negative
This coffee maker is fine. Delivery took about a week. Overall it's didn't disappoint.,4,neutral
This wireless mouse is worth every penny. Customer service was very helpful.,4,positive
"This bluetooth speaker is okay. Packaging was fine. On the plus side, it feels premium for the price. Rating: 3/5.",3,negative
This coffee maker is faulty. The size runs way smaller than expected. Rating: 2/5.,2,negative
This vacuum cleaner is clunky. The material feels cheap.,3,negative
This wireless mouse is defective. I had to return it after two days.,1,negative
This wireless mouse is durable.,4,positive
"This smartwatch is reasonable. Works as described, no surprises.",3,neutral
This vacuum cleaner is overpriced. The size runs way smaller than expected.,2,negative
This laptop is broken. The instructions were confusing.,2,negative
This yoga mat is fast. Rating: 5/5.,5,positive
This smartwatch is great. The build quality is great.,3,positive
This phone case is amazing. Rating: 4/5.,4,positive
This blender is average. Rating: 3/5.,3,neutral
This running shoes is standard. It's fine for the price but i wouldn't rave about it. Overall it's can't complain.,3,neutral
This coffee maker is responsive. Rating: 4/5.,4,positive
This running shoes is amazing. Shipping was fast and packaging was solid.,4,positive
This phone case is okay. Delivery took about a week.,2,neutral
"Bought this phone case a few weeks ago. I had to return it after two days. However, works as described, no surprises.",3,negative
This smartwatch is responsive. The build quality is great.,4,positive
This coffee maker is fantastic.,4,positive
This yoga mat is unreliable.,2,negative
Bought this smartwatch a few weeks ago. Works perfectly out of the box. Rating: 3/5.,3,positive
Bought this smartwatch a few weeks ago. The material feels cheap. Rating: 2/5.,2,negative
This office chair is fantastic. Customer service was very helpful.,4,positive
Bought this desk lamp a few weeks ago.,1,negative
"This smartwatch is worth every penny. Customer service was very helpful. That said, it arrived damaged.",5,positive
This desk lamp is impressive.,5,positive
This coffee maker is worth every penny. Exceeded my expectations.,5,positive
This desk lamp is terrible. It arrived damaged.,1,negative
This yoga mat is nothing special. Delivery took about a week. Overall it's not as good as I hoped.,3,neutral
Bought this coffee maker a few weeks ago.,2,negative
This yoga mat is poor. The size runs way smaller than expected.,2,negative
This vacuum cleaner is flimsy. I had to return it after two days. Overall it's not great. Rating: 3/5.,3,negative
Bought this vacuum cleaner a few weeks ago. Rating: 2/5.,2,negative
This running shoes is unreliable. Battery drains way too fast. Rating: 3/5.,3,negative
This vacuum cleaner is responsive. My whole family loves it now.,3,positive
This vacuum cleaner is awful.,3,negative
This desk lamp is flimsy. It arrived damaged.,1,positive
This office chair is impressive. Customer service was very helpful.,5,positive
This air fryer is broken. I had to return it after two days. Rating: 2/5.,2,positive
"This backpack is fast. My whole family loves it now. On the plus side, it's fine for the price but I wouldn't rave about it. Rating: 4/5.",4,positive
Bought this running shoes a few weeks ago. My whole family loves it now. Overall it's not great.,4,positive
This office chair is faulty.,1,negative
This air fryer is unreliable. It's louder than advertised.,1,negative
This air fryer is fast. Battery life is impressive. Rating: 3/5.,3,positive
This coffee maker is fast. Exceeded my expectations. Rating: 5/5.,5,positive
"This backpack is great. However, the size runs way smaller than expected.",5,positive
"This smartwatch is reasonable. Delivery took about a week. However, I regret this purchase. Overall it's not great.",3,neutral
"Bought this headphones a few weeks ago. It arrived damaged. Also, battery life is impressive.",2,negative
This coffee maker is durable. Rating: 3/5.,3,positive
This bluetooth speaker is amazing. Setup took less than five minutes. Rating: 4/5.,4,positive
Bought this air fryer a few weeks ago. Shipping was fast and packaging was solid.,5,positive
This laptop is middle of the road. It's fine for the price but i wouldn't rave about it. Rating: 3/5.,3,neutral
Bought this desk lamp a few weeks ago. I had to return it after two days. Rating: 1/5.,1,negative
This blender is great. Customer service was very helpful.,5,positive
This smartwatch is standard.,3,neutral
This desk lamp is top notch. Customer service was very helpful. Overall it's wouldn't recommend.,5,positive
"Bought this yoga mat a few weeks ago. Battery life is impressive. However, some features are useful, others aren't. Rating: 3/5.",3,positive
"This air fryer is slow. The size runs way smaller than expected. Also, battery life is impressive.",3,negative
Bought this vacuum cleaner a few weeks ago. It's louder than advertised. Rating: 3/5.,3,negative
"This wireless mouse is worth every penny. However, it does the job but nothing more. Overall it's wouldn't recommend.",5,positive
This office chair is smooth. The build quality is great.,4,positive
"This coffee maker is reasonable. Packaging was fine. However, the material feels cheap.",3,neutral
"This vacuum cleaner is reasonable. It's fine for the price but i wouldn't rave about it. That said, battery drains way too fast. Rating: 2/5.",2,neutral
This phone case is great. Battery life is impressive. Rating: 5/5.,5,positive
Bought this blender a few weeks ago.,3,neutral
Bought this vacuum cleaner a few weeks ago.,3,neutral
"This phone case is fine. It does the job but nothing more. Also, I would definitely buy this again. Rating: 3/5.",3,neutral
This wireless mouse is sturdy. Battery life is impressive.,4,positive
This air fryer is clunky. Customer support never responded.,3,negative
Bought this office chair a few weeks ago. Customer service was very helpful.,4,positive
This office chair is uncomfortable. It's louder than advertised. Rating: 3/5.,3,negative
This phone case is shoddy. The material feels cheap. Rating: 1/5.,1,negative
This blender is broken. The size runs way smaller than expected. Rating: 1/5.,1,negative
This smartwatch is not worth it. Stopped working within a week.,3,negative
This headphones is poor. I had to return it after two days.,1,negative
This air fryer is subpar.,1,negative
This running shoes is awful. Battery drains way too fast.,2,negative
Bought this desk lamp a few weeks ago. Customer support never responded.,1,negative
This blender is acceptable.,4,neutral
"This blender is fantastic. Customer service was very helpful. That said, the material feels cheap. Rating: 5/5.",5,positive
This laptop is sturdy. Exceeded my expectations.,4,positive
This headphones is useless. The material feels cheap. Rating: 3/5.,3,negative
Bought this office chair a few weeks ago. It arrived damaged. Rating: 1/5.,1,negative
This headphones is shoddy. Overall it's not bad. Rating: 1/5.,1,negative
"Bought this laptop a few weeks ago. Setup took less than five minutes. On the plus side, works as described, no surprises. Rating: 3/5.",3,positive
"Bought this desk lamp a few weeks ago. That said, works perfectly out of teh box.",3,negative
"This headphones is smooth. Setup took less than five minutes. However, packaging was fine. Overall it's not bad. Rating: 5/5.",5,positive
This desk lamp is terrible. I regret this purchase.,2,negative
Bought this backpack a few weeks ago.,3,negative
"Bought this bluetooth speaker a few weeks ago. On the plus side, delivery took about a week.",5,positive
"This vacuum cleaner is subpar. The size runs way smaller than expected. Also, setup took less than five minutes. Overall it's didn't disappoint.",1,negative
"Bought this running shoes a few weeks ago. That said, I would definitely buy this again.",1,negative
This smartwatch is decent.,3,neutral
This yoga mat is frustrating. The instructions were confusing. Rating: 1/5.,1,negative
This smartwatch is overpriced.,1,negative
This coffee maker is reliable. Works perfectly out of the box.,5,positive
"This phone case is average. Works as described, no surprises. Also, shipping was fast and packaging was solid.",2,neutral
This wireless mouse is cheap. Overall it's can't complain.,1,negative
This coffee maker is middle of the road. Delivery took about a week. Rating: 4/5.,4,neutral
"Bought this air fryer a few weeks ago. It's louder than advertised. That said, works as described, no surprises. Overall it's not as good as I hoped. Rating: 1/5.",1,negative
This smartwatch is badly made. Battery drains way too fast.,3,positive
This laptop is sturdy. Rating: 4/5.,4,positive
This backpack is shoddy. The material feels cheap. Rating: 2/5.,2,negative
This smartwatch is frustrating. Stopped working within a week. Overall it's not as good as I hoped. Rating: 2/5.,2,negative
This backpack is flimsy. The size runs way smaller than expected. Rating: 2/5.,2,negative
"This headphones is nothing special. Works as described, no surprises. On the downside, customer support never responded.",2,neutral
This coffee maker is cheap.,2,negative
This backpack is poor. It arrived damaged.,3,negative
Bought this vacuum cleaner a few weeks ago.,1,negative
This vacuum cleaner is shoddy.,1,negative
This headphones is amazing. It feels premium for the price.,4,neutral
This blender is middle of the road.,3,neutral
This air fryer is fine. It's fine for the price but i wouldn't rave about it.,3,neutral
This blender is great. It feels premium for the price.,4,positive
This office chair is decent. It does the job but nothing more. Rating: 3/5.,3,neutral
This vacuum cleaner is amazing. Customer service was very helpful.,4,positive
This running shoes is outstanding. Shipping was fast and packaging was solid. Rating: 4/5.,4,positive
This air fryer is acceptable. It does teh job but nothing more. Overall it's not great.,2,neutral
This backpack is smooth. The build quality is great.,3,positive
This phone case is reliable. The build quality is great. Overall it's not bad.,4,positive
This coffee maker is well made. Customer service was very helpful.,3,positive
Bought this phone case a few weeks ago. Packaging was fine.,2,neutral
This air fryer is standard.,2,neutral
Bought this bluetooth speaker a few weeks ago. I regret this purchase. Rating: 3/5.,3,negative
Bought this smartwatch a few weeks ago. Customer support never responded.,3,negative
This running shoes is subpar. I had to return it after two days.,2,neutral
"This wireless mouse is reliable. My whole family loves it now. That said, it arrived damaged.",4,positive
This bluetooth speaker is awful. The size runs way smaller than expected.,2,negative
This bluetooth speaker is decent. Packaging was fine. Overall it's didn't disappoint. Rating: 3/5.,3,neutral
"Bought this laptop a few weeks ago. Works as described, no surprises.",3,neutral
This running shoes is unreliable. Rating: 2/5.,2,negative
This yoga mat is wonderful. Customer service was very helpful.,4,positive
This headphones is so-so. It does the job but nothing more.,4,neutral
"This backpack is durable. However, delivery took about a week.",3,positive
This blender is awful.,3,negative
Bought this blender a few weeks ago. It's louder than advertised. Rating: 2/5.,2,negative
This wireless mouse is awful. It arrived damaged.,2,negative
This running shoes is useless.,2,negative
Bought this blender a few weeks ago.,2,negative
This yoga mat is top notch. Overall it's didn't disappoint.,4,positive
This blender is responsive. Works perfectly out of the box.,4,positive
This running shoes is disappointing.,1,positive
This phone case is affordable. My whole family loves it now.,4,positive
This wireless mouse is fast. Setup took less than five minutes. Rating: 5/5.,5,positive
This running shoes is slow. Rating: 2/5.,2,negative
This office chair is outstanding. My whole family loves it now. Rating: 4/5.,4,positive
This yoga mat is unreliable. Rating: 1/5.,1,negative
This laptop is uncomfortable. I regret this purchase.,2,negative
"This bluetooth speaker is worth every penny. My whole family loves it now. On the downside, it arrived damaged.",3,positive
This air fryer is frustrating. Rating: 3/5.,3,negative
"This wireless mouse is unreliable. The size runs way smaller than expected. Also, my whole family loves it now. Rating: 2/5.",2,negative
This running shoes is reasonable.,3,neutral
This wireless mouse is overpriced. Rating: 3/5.,3,negative
This vacuum cleaner is nothing special. Overall it's not great.,3,neutral
This smartwatch is cheap. It arrived damaged.,1,negative
Bought this headphones a few weeks ago.,1,negative
This bluetooth speaker is awful. Rating: 3/5.,3,negative
This running shoes is awful.,1,negative
This coffee maker is smooth. Setup took less than five minutes. Rating: 4/5.,4,positive
This office chair is middle of the road.,2,neutral
"This bluetooth speaker is uncomfortable. Also, works as described, no surprises. Rating: 1/5.",1,negative
"Bought this air fryer a few weeks ago. Shipping was fast and packaging was solid. However, customer support never responded. Rating: 3/5.",3,positive
"This yoga mat is okay. Works as described, no surprises. Rating: 3/5.",3,neutral
This desk lamp is smooth.,5,positive
This office chair is worth every penny. Exceeded my expectations.,5,positive
Bought this laptop a few weeks ago. Exceeded my expectations.,5,positive
Bought this office chair a few weeks ago.,4,positive
This running shoes is responsive. Customer service was vary helpful. Rating: 4/5.,4,positive
This smartwatch is uncomfortable. Rating: 3/5.,3,negative
"Bought this smartwatch a few weeks ago. I regret this purchase. On the plus side, delivery took about a week.",2,negative
This vacuum cleaner is poor. I regret this purchase.,2,negative
Bought this smartwatch a few weeks ago. Exceeded my expectations. Rating: 3/5.,3,positive
This headphones is average. Delivery took about a week.,3,neutral
Bought this blender a few weeks ago.,4,positive
This desk lamp is not worth it. The instructions were confusing.,2,negative
This wireless mouse is awful. It arrived damaged.,1,negative
This air fryer is faulty.,1,negative
Bought this coffee maker a few weeks ago. It's louder than advertised. Rating: 2/5.,2,negative
"This vacuum cleaner is outstanding. On the plus side, it's fine for the price but I wouldn't rave about it.",4,positive
"This backpack is awful. It's louder than advertised. However, packaging was fine.",1,negative
This phone case is fantastic. Exceeded my expectations.,5,positive
This vacuum cleaner is impressive.,3,positive
"This running shoes is average. Some features are useful, others aren't. That said, the instructions were confusing.",3,neutral
Bought this wireless mouse a few weeks ago.,1,negative
This air fryer is reliable. I would definitely buy this again. Rating: 4/5.,4,positive
"This yoga mat is awful. The material feels cheap. However, it's fine for the price but I wouldn't rave about it.",2,negative
This headphones is solid. Rating: 5/5.,5,positive
"This vacuum cleaner is standard. It's fine for the price but i wouldn't rave about it. Also, the size runs way smaller than expected. Rating: 2/5.",2,neutral
This laptop is uncomfortable.,3,negative
This bluetooth speaker is affordable.,5,positive
This coffee maker is frustrating.,1,negative
This phone case is worth every penny.,5,positive
This backpack is solid.,4,positive
Bought this headphones a few weeks ago. It's louder than advertised.,1,negative
"This bluetooth speaker is so-so. Some features are useful, others aren't. That said, it arrived damaged. Rating: 2/5.",2,neutral
Bought this bluetooth speaker a few weeks ago. It does the job but nothing more.,4,neutral
This backpack is so-so. Packaging was fine.,2,neutral
This backpack is well made. My whole family loves it now.,5,positive
This running shoes is sleek. The build quality is great. Overall it's can't complain.,3,positive
This yoga mat is frustrating. I regret this purchase. Overall it's not bad.,2,negative
This yoga mat is frustrating. I regret this purchase. Rating: 2/5.,2,negative
Bought this headphones a few weeks ago. I would definitely buy this again.,3,positive
Bought this phone case a few weeks ago. It feels premium for the price.,5,negative
"This office chair is slow. The size runs way smaller than expected. On the plus side, my whole family loves it now. Rating: 1/5.",1,positive
This headphones is fantastic.,3,positive
This blender is fantastic. I would definitely buy this again.,5,positive
"This blender is smooth. On the downside, I had to return it after two days.",3,positive
This laptop is great. Works perfectly out of the box.,5,positive
"This running shoes is affordable. Setup took less than five minutes. That said, some features are useful, others aren't.",4,positive
This office chair is amazing.,4,positive
"Bought this headphones a few weeks ago. I had to return it after two days. On the plus side, works as described, no surprises.",1,negative
Bought this backpack a few weeks ago.,2,negative
This air fryer is durable. It feels premium for teh price. Rating: 4/5.,4,positive
This running shoes is shoddy. The material feels cheap.,3,negative
This yoga mat is acceptable.,3,neutral
This coffee maker is not worth it. It arrived damaged. Overall it's not as good as I hoped. Rating: 2/5.,2,negative
This desk lamp is badly made. The instructions were confusing.,3,negative
This coffee maker is top notch. Rating: 4/5.,4,positive
Bought this desk lamp a few weeks ago.,3,negative
Bought this backpack a few weeks ago. Exceeded my expectations. Rating: 3/5.,3,positive
This desk lamp is excellent.,3,positive
This blender is frustrating. I regret this purchase. Overall it's not great. Rating: 2/5.,2,negative
This coffee maker is top notch. My whole family loves it now. Rating: 4/5.,4,positive
"Bought this wireless mouse a few weeks ago. I had to return it after two days. Also, works perfectly out of the box.",3,negative
This desk lamp is so-so. Packaging was fine.,2,neutral
This phone case is uncomfortable. It arrived damaged.,2,negative
Bought this office chair a few weeks ago. I had to return it after two days.,2,negative
This backpack is well made.,3,positive
This blender is worth every penny. Works perfectly out of the box. Rating: 5/5.,5,positive
This wireless mouse is slow.,2,negative
This blender is disappointing. The instructions were confusing.,2,negative
This air fryer is awful. I regret this purchase.,2,negative
This running shoes is disappointing. It arrived damaged.,2,negative
Bought this headphones a few weeks ago. Exceeded my expectations. Overall it's wouldn't recommend.,4,positive
This headphones is reliable. Setup took less than five minutes.,3,positive
This coffee maker is superb.,5,positive
This backpack is solid.,3,positive
"This wireless mouse is superb. It feels premium for the price. However, the material feels cheap.",4,positive
This phone case is badly made. I regret this purchase. Rating: 1/5.,1,negative
This air fryer is defective.,1,negative
This wireless mouse is solid. Exceeded my expectations.,5,positive
This backpack is middle of the road. Rating: 4/5.,4,neutral
"This vacuum cleaner is middle of the road. It does the job but nothing more. However, my whole family loves it now.",2,neutral
This phone case is sleek.,4,positive
"This air fryer is nothing special. Works as described, no surprises. Overall it's not as good as I hoped.",3,neutral
Bought this yoga mat a few weeks ago.,1,neutral
This bluetooth speaker is excelent. My whole family loves it now. Overall it's not great.,4,positive
"This bluetooth speaker is clunky. On the plus side, delivery took about a week. Rating: 1/5.",1,negative
This blender is comfortable. Works perfectly out of the box.,3,negative
This phone case is fantastic. It feels premium for the price.,4,positive
This desk lamp is shoddy. I regret this purchase. Overall it's not great.,1,negative
"This vacuum cleaner is durable. That said, the size runs way smaller than expected. Overall it's wouldn't recommend. Rating: 4/5.",4,positive
Bought this air fryer a few weeks ago.,5,positive
"This office chair is well made. Exceeded my expectations. On the downside, stopped working within a week.",4,positive
This headphones is nothing special. Packaging was fine.,2,neutral
This vacuum cleaner is slow. Overall it's not as good as I hoped.,3,negative
"This air fryer is flimsy. However, some features are useful, others aren't.",3,negative
This wireless mouse is okay. Delivery took about a week.,3,neutral
"This headphones is standard. Some features are useful, others aren't.",4,neutral
"This smartwatch is standard. Works as described, no surprises.",2,neutral
This office chair is so-so.,4,neutral
"This laptop is okay. Works as described, no surprises. Also, customer service was very helpful. Rating: 2/5.",2,neutral
This wireless mouse is defective. It arrived damaged.,1,negative
This office chair is well made. Shipping was fast and packaging was solid. Overall it's not as good as I hoped.,5,positive
Bought this bluetooth speaker a few weeks ago. The material feels cheap. Overall it's can't complain. Rating: 2/5.,2,negative
"This vacuum cleaner is awful. On the plus side, it feels premium for teh price.",3,negative
"This headphones is impressive. Shipping was fast and packaging was solid. That said, it's louder than advertised. Overall it's can't complain. Rating: 4/5.",4,positive
"This smartwatch is unreliable. Battery drains way too fast. That said, my whole family loves it now.",3,negative
"Bought this desk lamp a few weeks ago. Also, the size runs way smaller than expected. Rating: 5/5.",5,positive
This running shoes is poor. The instructions were confusing. Rating: 1/5.,1,negative
This desk lamp is disappointing. I had to return it after two days.,2,negative
This backpack is nothing special.,2,neutral
Bought this yoga mat a few weeks ago.,4,positive
This yoga mat is terrible. The size runs way smaller than expected.,1,negative
Bought this wireless mouse a few weeks ago.,4,positive
This coffee maker is fine.,2,neutral
This phone case is frustrating.,1,negative
Bought this desk lamp a few weeks ago.,5,positive
This bluetooth speaker is middle of the road.,2,neutral
"This smartwatch is acceptable. It's fine for teh price but i wouldn't rave about it. On teh plus side, shipping was fast and packaging was solid. Rating: 4/5.",4,neutral
This phone case is unreliable. It's louder than advertised. Overall it's wouldn't recommend.,2,negative
This office chair is middle of teh road. Packaging was fine.,3,neutral
This bluetooth speaker is excellent.,5,positive
This smartwatch is decent.,4,neutral
This wireless mouse is solid. I would definitely buy this again.,3,positive
"This headphones is average. It does the job but nothing more. However, the size runs way smaller than expected.",3,neutral
This headphones is broken. Rating: 3/5.,3,negative
"Bought this smartwatch a few weeks ago. I regret this purchase. On the plus side, delivery took about a week. Rating: 2/5.",2,negative
"This yoga mat is disappointing. Stopped working within a week. On the plus side, delivery took about a week. Rating: 2/5.",2,negative
Bought this bluetooth speaker a few weeks ago. Exceeded my expectations.,5,positive
Bought this phone case a few weeks ago.,3,neutral
"This laptop is sturdy. I would definitely buy this again. Also, I had to return it after two days.",5,positive
Bought this running shoes a few weeks ago. Exceeded my expectations. Rating: 5/5.,5,positive
Bought this blender a few weeks ago.,1,negative
Bought this phone case a few weeks ago.,4,positive
This smartwatch is overpriced. It arrived damaged. Rating: 2/5.,2,negative
This desk lamp is affordable. Battery life is impressive.,4,positive
"This vacuum cleaner is slow. The material feels cheap. Also, some features are useful, others aren't.",2,negative
This smartwatch is badly made. The size runs way smaller than expected. Rating: 2/5.,2,negative
This desk lamp is sturdy. Battery life is impressive. Overall it's not as good as I hoped. Rating: 3/5.,3,positive
Bought this desk lamp a few weeks ago.,1,negative
This desk lamp is clunky.,1,negative
This office chair is smooth. Shipping was fast and packaging was solid.,5,positive
This backpack is responsive.,3,positive
This coffee maker is smooth. Rating: 4/5.,4,positive
This vacuum cleaner is nothing special.,4,positive
Bought this backpack a few weeks ago.,2,negative
This desk lamp is shoddy. The instructions were confusing.,2,negative
Bought this office chair a few weeks ago. Battery life is impressive.,4,positive
This wireless mouse is reasonable.,3,neutral
This headphones is frustrating. I regret this purchase.,2,negative
This headphones is poor.,2,negative
This smartwatch is reasonable. It does the job but nothing more.,2,neutral
This smartwatch is reasonable.,3,neutral
Bought this air fryer a few weeks ago. The material feels cheap.,1,negative
This coffee maker is comfortable. The build quality is great.,5,positive
This desk lamp is not worth it. It arrived damaged. Rating: 2/5.,2,negative
"Bought this air fryer a few weeks ago. That said, customer service was very helpful.",1,negative
"This smartwatch is so-so. Works as described, no surprises. Overall it's not bad.",3,neutral
This desk lamp is terrible. Rating: 1/5.,1,negative
This laptop is badly made. Battery drains way too fast.,1,negative
"This air fryer is acceptable. Packaging was fine. However, battery life is impressive.",3,neutral
"This office chair is so-so. It does the job but nothing more. That said, I had to return it after two days. Rating: 3/5.",3,neutral
This desk lamp is top notch. The build quality is great. Rating: 4/5.,4,positive
This wireless mouse is okay.,2,neutral
This phone case is not worth it. Customer support never responded.,3,negative
Bought this phone case a few weeks ago.,2,negative
This vacuum cleaner is frustrating. Stopped working within a week. Rating: 1/5.,1,negative
This vacuum cleaner is comfortable. Works perfectly out of the box. Rating: 5/5.,5,positive
This desk lamp is poor.,1,negative
"This air fryer is superb. My whole family loves it now. Also, it's fine for the price but I wouldn't rave about it.",3,positive
This air fryer is superb.,4,positive
This headphones is awful.,3,neutral
This coffee maker is subpar. Stopped working within a week.,1,negative
This phone case is disappointing. The material feels cheap. Overall it's wouldn't recommend.,1,negative
This headphones is great.,4,positive
This blender is superb. The build quality is great. Rating: 5/5.,5,positive
This yoga mat is outstanding. Battery life is impressive. Rating: 5/5.,5,positive
"This office chair is frustrating. The instructions were confusing. On teh plus side, customer service was very helpful. Rating: 2/5.",2,negative
This wireless mouse is fantastic. Battery life is impressive.,4,positive
This coffee maker is standard.,3,neutral
This desk lamp is responsive. Shipping was fast and packaging was solid.,5,positive
"This backpack is reasonable. Some features are useful, others aren't. Overall it's not as good as I hoped. Rating: 3/5.",3,neutral
This backpack is sturdy. It feels premium for the price.,3,positive
This coffee maker is fast. It feels premium for the price.,5,positive
"Bought this office chair a few weeks ago. Delivery took about a week. Also, customer support never responded. Rating: 2/5.",2,neutral
"This air fryer is okay. Delivery took about a week. Also, battery drains way too fast. Overall it's can't complain. Rating: 3/5.",3,neutral
This laptop is defective. It arrived damaged. Rating: 1/5.,1,negative
Bought this air fryer a few weeks ago. Rating: 2/5.,2,negative
This running shoes is badly made. It arrived damaged. Overall it's can't complain.,2,negative
This smartwatch is worth every penny.,4,positive
"Bought this running shoes a few weeks ago. Works as described, no surprises. Rating: 3/5.",3,neutral
Bought this wireless mouse a few weeks ago.,3,neutral
This wireless mouse is shoddy. Rating: 1/5.,1,negative
This headphones is affordable. Setup took less than five minutes.,4,positive
"Bought this headphones a few weeks ago. Customer service was very helpful. However, it's fine for the price but I wouldn't rave about it. Rating: 5/5.",5,positive
"Bought this headphones a few weeks ago. Delivery took about a week. That said, exceeded my expectations. Rating: 3/5.",3,neutral
This air fryer is broken.,2,negative
This air fryer is badly made. Stopped working within a week. Rating: 2/5.,2,negative
This air fryer is sturdy.,5,positive
This desk lamp is worth every penny.,4,positive
This wireless mouse is faulty.,1,negative
This laptop is affordable. Battery life is impressive.,3,positive
This office chair is not worth it. Customer support never responded.,1,negative
This smartwatch is impressive. Setup took less than five minutes. Overall it's not great.,4,positive
This desk lamp is superb. Rating: 5/5.,5,positive
Bought this blender a few weeks ago.,4,positive
This coffee maker is sturdy. Setup took less than five minutes.,3,positive
"This phone case is uncomfortable. Battery drains way too fast. Also, battery life is impressive.",2,negative
This coffee maker is not worth it. I regret this purchase. Rating: 1/5.,1,negative
Bought this air fryer a few weeks ago. Stopped working within a week.,3,negative
Bought this laptop a few weeks ago. Customer support never responded.,1,negative
"This headphones is so-so. On the downside, battery drains way too fast.",3,negative
Bought this office chair a few weeks ago.,3,positive
"This bluetooth speaker is okay. It's fine for the price but i wouldn't rave about it. That said, customer service was very helpful. Rating: 3/5.",3,neutral
Bought this smartwatch a few weeks ago.,5,positive
This wireless mouse is disappointing.,2,negative
This blender is fast. Battery life is impressive. Overall it's wouldn't recommend. Rating: 5/5.,5,positive
This coffee maker is responsive. The build quality is great. Rating: 5/5.,5,positive
This desk lamp is worth every penny. Rating: 3/5.,3,positive
"This bluetooth speaker is fine. Works as described, no surprises.",3,neutral
This headphones is wonderful. The build quality is great.,3,positive
"Bought this bluetooth speaker a few weeks ago. It feels premium for the price. That said, packaging was fine.",4,positive
"This headphones is great. Battery life is impressive. On the plus side, packaging was fine.",3,positive
This air fryer is frustrating. It arrived damaged.,1,negative
This running shoes is clunky.,1,negative
This running shoes is acceptable.,2,neutral
This desk lamp is acceptable. Packaging was fine. Rating: 4/5.,4,neutral
"This smartwatch is smooth. Exceeded my expectations. However, stopped working within a week.",3,positive
This running shoes is not worth it. The material feels cheap.,2,negative
This smartwatch is wonderful. Overall it's not bad.,4,positive
This yoga mat is uncomfortable. Customer support never responded. Overall it's not great.,3,negative
"Bought this headphones a few weeks ago. The instructions were confusing. Also, it does the job but nothing more.",3,negative
This office chair is amazing.,5,positive
Bought this blender a few weeks ago. Rating: 1/5.,1,negative
"Bought this running shoes a few weeks ago. Also, it's fine for the price but I wouldn't rave about it.",3,positive
"This bluetooth speaker is subpar. That said, the build quality is great.",2,negative
"This phone case is sturdy. Setup took less than five minutes. However, it arrived damaged. Overall it's not great.",5,positive
This wireless mouse is solid.,3,positive
"Bought this coffee maker a few weeks ago. It feels premium for teh price. On the plus side, packaging was fine. Overall it's wouldn't recommend.",4,positive
"This blender is badly made. Customer support never responded. Also, works as described, no surprises. Rating: 2/5.",2,negative
This laptop is so-so. It does the job but nothing more. Overall it's not as good as I hoped.,4,neutral
This office chair is impressive.,4,positive
This backpack is sturdy.,3,positive
This yoga mat is subpar.,1,negative
This yoga mat is average.,3,neutral
This running shoes is wonderful. Battery life is impressive.,4,positive
This running shoes is not worth it.,1,negative
"This air fryer is sturdy. That said, delivery took about a week.",4,positive
This laptop is faulty.,2,negative
Bought this vacuum cleaner a few weeks ago. Rating: 1/5.,1,negative
"This smartwatch is amazing. Works perfectly out of the box. However, packaging was fine.",3,positive
Bought this air fryer a few weeks ago.,1,negative
This laptop is durable. Setup took less than five minutes.,3,positive
This smartwatch is sleek.,4,positive
"This air fryer is frustrating. On the plus side, it feels premium for the price. Overall it's not great.",1,negative
This bluetooth speaker is standard. Overall it's not bad. Rating: 3/5.,3,negative
This headphones is fantastic. Battery life is impressive. Rating: 3/5.,3,positive
Bought this blender a few weeks ago.,4,positive
"Bought this blender a few weeks ago. Also, I had to return it after two days.",3,positive
This desk lamp is top notch. Battery life is impressive. Overall it's could be better.,5,positive
"This smartwatch is standard. Works as described, no surprises.",3,neutral
"This backpack is top notch. Exceeded my expectations. However, battery drains way too fast.",5,positive
This office chair is poor.,3,positive
"Bought this office chair a few weeks ago. The material feels cheap. Also, it's fine for the price but I wouldn't rave about it.",1,negative
"This wireless mouse is superb. I would definitely buy this again. That said, it arrived damaged.",3,positive
This desk lamp is great. My whole family loves it now. Rating: 3/5.,3,positive
"This desk lamp is great. Customer service was very helpful. However, the size runs way smaller than expected.",4,positive
This backpack is decent.,2,neutral
Bought this smartwatch a few weeks ago. Stopped working within a week. Overall it's not great. Rating: 1/5.,1,negative
"This office chair is outstanding. Also, I regret this purchase. Overall it's not great. Rating: 5/5.",5,positive
This smartwatch is worth every penny. My whole family loves it now. Rating: 3/5.,3,positive
This laptop is impressive. It feels premium for the price.,5,positive
This blender is fast. I would definitely buy this again.,4,positive
Bought this running shoes a few weeks ago. It feels premium for the price. Rating: 4/5.,4,positive
This office chair is smooth. Shipping was fast and packaging was solid.,5,positive
"This blender is shoddy. The size runs way smaller than expected. That said, packaging was fine.",2,negative
Bought this wireless mouse a few weeks ago. I regret this purchase. Overall it's not bad.,2,negative
Bought this headphones a few weeks ago. Exceeded my expectations. Rating: 4/5.,4,positive
Bought this coffee maker a few weeks ago. I regret this purchase. Rating: 1/5.,1,negative
This laptop is sleek. It feels premium for teh price.,4,positive
"Bought this office chair a few weeks ago. Works as described, no surprises.",2,neutral
Bought this coffee maker a few weeks ago. Overall it's didn't disappoint.,5,positive
This coffee maker is clunky. Rating: 1/5.,1,negative
This headphones is top notch. Rating: 5/5.,5,positive
This smartwatch is great. I would definately buy this again.,3,positive
"This smartwatch is useless. It arrived damaged. That said, exceeded my expectations. Rating: 2/5.",2,negative
Bought this bluetooth speaker a few weeks ago. Battery drains way too fast. Overall it's not great.,2,negative
This phone case is cheap.,3,negative
This air fryer is overpriced. It's louder than advertised.,2,negative
"This coffee maker is not worth it. On the plus side, shipping was fast and packaging was solid.",2,negative
Bought this yoga mat a few weeks ago. Customer service was very helpful. Rating: 5/5.,5,positive
"This phone case is badly made. That said, delivery took about a week. Overall it's wouldn't recommend. Rating: 2/5.",2,negative
This bluetooth speaker is smooth. I would definitely buy this again. Rating: 3/5.,3,positive
"This smartwatch is flimsy. It's louder than advertised. On the plus side, it does the job but nothing more.",2,negative
This backpack is amazing.,5,positive
This laptop is responsive. Works perfectly out of the box.,3,positive
"This running shoes is standard. Works as described, no surprises. Rating: 3/5.",3,neutral
Bought this desk lamp a few weeks ago. Packaging was fine.,2,neutral
This backpack is top notch. Overall it's not great.,4,positive
"This laptop is disappointing. Stopped working within a week. On the plus side, exceeded my expectations. Rating: 1/5.",1,negative
"This wireless mouse is durable. Also, packaging was fine.",4,positive
Bought this wireless mouse a few weeks ago.,2,negative
Bought this running shoes a few weeks ago. I regret this purchase.,1,negative
This backpack is nothing special.,3,neutral
This laptop is fast.,3,positive
"This coffee maker is frustrating. Customer support never responded. Also, some features are useful, others aren't.",1,negative
This coffee maker is comfortable. Exceeded my expectations. Rating: 4/5.,4,negative
"This office chair is disappointing. That said, packaging was fine. Overall it's not bad.",2,negative
This phone case is top notch.,5,positive
"This coffee maker is poor. Also, setup took less than five minutes.",3,negative
This backpack is clunky.,2,negative
"This blender is terrible. The material feels cheap. Also, shipping was fast and packaging was solid.",3,negative
This wireless mouse is frustrating. Battery drains way too fast.,1,negative
This vacuum cleaner is impressive.,4,positive
"This air fryer is amazing. That said, delivery took about a week.",3,positive
"This desk lamp is poor. It's louder than advertised. That said, my whole family loves it now.",1,negative
This smartwatch is fine. It's fine for the price but i wouldn't rave about it. Rating: 2/5.,2,neutral
This smartwatch is useless.,3,negative
This laptop is faulty. Battery drains way too fast.,3,negative
"Bought this yoga mat a few weeks ago. However, works as described, no surprises.",1,negative
Bought this smartwatch a few weeks ago. Rating: 3/5.,3,negative
This bluetooth speaker is responsive.,4,positive
This backpack is terrible. It's louder than advertised.,1,negative
Bought this smartwatch a few weeks ago. I would definitely buy this again.,5,positive
Bought this wireless mouse a few weeks ago.,3,neutral
"Bought this coffee maker a few weeks ago. That said, some features are useful, others aren't.",4,positive
This running shoes is well made. It feels premium for the price.,4,positive
"This phone case is decent. Some features are useful, others aren't.",3,neutral
This yoga mat is wonderful.,5,positive
This phone case is badly made.,3,positive
This headphones is middle of the road.,3,neutral
"This headphones is decent. It's fine for the price but i wouldn't rave about it. On the downside, I had to return it after two days. Rating: 3/5.",3,neutral
This coffee maker is frustrating. I had to return it after two days.,2,negative
"Bought this air fryer a few weeks ago. Delivery took about a week. However, customer support never responded. Rating: 4/5.",4,neutral
This desk lamp is terrible. The instructions were confusing.,3,negative
This phone case is impressive. Rating: 4/5.,4,positive
"This smartwatch is cheap. The instructions were confusing. Also, shipping was fast and packaging was solid.",3,negative
"This headphones is shoddy. Stopped working within a week. Also, delivery took about a week.",2,negative
This coffee maker is superb.,5,positive
"This backpack is awful. The size runs way smaller than expected. Also, my whole family loves it now. Overall it's didn't disappoint.",2,negative
"This running shoes is average. Some features are useful, others aren't.",4,neutral
This bluetooth speaker is fantastic. I would definitely buy this again.,5,positive
This vacuum cleaner is wonderful. Setup took less than five minutes.,4,positive
"This air fryer is outstanding. Works perfectly out of the box. On the downside, I regret this purchase.",4,negative
This desk lamp is wonderful. Rating: 5/5.,5,positive
This coffee maker is fine.,2,neutral
"This smartwatch is acceptable. It's fine for the price but i wouldn't rave about it. However, the build quality is great.",2,neutral
This smartwatch is average. Packaging was fine. Rating: 4/5.,4,negative
This phone case is outstanding.,4,positive
This headphones is uncomfortable. The size runs way smaller than expected. Overall it's didn't disappoint.,1,negative
This smartwatch is uncomfortable. I regret this purchase. Overall it's could be better.,2,negative
"This blender is sturdy. On the plus side, it's fine for the price but I wouldn't rave about it. Rating: 4/5.",4,negative
This yoga mat is broken. Stopped working within a week.,1,negative
This yoga mat is flimsy. The size runs way smaller than expected.,2,negative
This coffee maker is awful. It's louder than advertised. Rating: 2/5.,2,negative
This phone case is sleek. Shipping was fast and packaging was solid.,4,positive
This coffee maker is not worth it. It's louder than advertised. Rating: 2/5.,2,negative
"This desk lamp is standard. On the downside, the size runs way smaller than expected. Overall it's could be better.",4,neutral
This vacuum cleaner is terrible. I regret this purchase. Rating: 1/5.,1,negative
This smartwatch is middle of the road. It does the job but nothing more. Overall it's not bad.,3,neutral
This blender is reasonable.,4,neutral
This smartwatch is wonderful. Works perfectly out of teh box. Rating: 3/5.,3,positive
This desk lamp is impressive.,4,positive
"This bluetooth speaker is average. Works as described, no surprises.",3,neutral
Bought this blender a few weeks ago.,5,positive
Bought this vacuum cleaner a few weeks ago. It's louder than advertised. Overall it's not great.,3,negative
This headphones is badly made. Customer support never responded. Rating: 2/5.,2,negative
This air fryer is clunky. The instructions were confusing. Overall it's didn't disappoint.,3,negative
This wireless mouse is smooth. Rating: 5/5.,5,positive
Bought this vacuum cleaner a few weeks ago.,3,neutral
This backpack is awful. Rating: 1/5.,1,negative
Bought this backpack a few weeks ago. I would definately buy this again.,3,positive
This coffee maker is great.,5,positive
This desk lamp is nothing special. Rating: 3/5.,3,neutral
Bought this bluetooth speaker a few weeks ago. The material feels cheap.,2,negative
This bluetooth speaker is affordable. Rating: 3/5.,3,positive
This headphones is affordable. I would definitely buy this again.,4,positive
This headphones is faulty.,2,negative
This yoga mat is great. Shipping was fast and packaging was solid. Overall it's could be better. Rating: 5/5.,5,positive
This air fryer is fantastic. Battery life is impressive.,3,positive
This blender is acceptable. It's fine for the price but i wouldn't rave about it.,3,neutral
This wireless mouse is outstanding. The build quality is great.,4,positive
This office chair is disappointing. I regret this purchase. Rating: 3/5.,3,negative
"Bought this office chair a few weeks ago. Packaging was fine. Also, customer support never responded. Rating: 3/5.",3,neutral
This air fryer is subpar. The material feels cheap.,1,negative
This vacuum cleaner is acceptable. Delivery took about a week. Rating: 4/5.,4,neutral
This wireless mouse is impressive.,5,positive
This phone case is fantastic.,3,positive
Bought this air fryer a few weeks ago.,3,neutral
This yoga mat is responsive. Exceeded my expectations. Rating: 4/5.,4,positive
Bought this bluetooth speaker a few weeks ago. It feels premium for the price.,5,positive
This wireless mouse is poor. Rating: 1/5.,1,negative
This office chair is reasonable.,3,neutral
This yoga mat is not worth it.,3,negative
This desk lamp is unreliable. I had to return it after two days.,2,negative
This vacuum cleaner is cheap. The size runs way smaller than expected.,1,negative
This bluetooth speaker is flimsy.,3,negative
This air fryer is durable. Setup took less than five minutes. Rating: 4/5.,4,positive
This wireless mouse is responsive. Customer service was very helpful.,3,positive
This air fryer is broken. It's louder than advertised. Rating: 1/5.,1,negative
This office chair is so-so. Delivery took about a week.,3,neutral
This yoga mat is slow.,1,negative
This air fryer is okay.,3,neutral
This backpack is sleek. Rating: 4/5.,4,positive
This yoga mat is cheap.,2,negative
This vacuum cleaner is amazing. I would definately buy this again.,3,positive
This desk lamp is sleek. Battery life is impressive.,4,positive
This vacuum cleaner is worth every penny.,3,positive
Bought this headphones a few weeks ago.,5,positive
This bluetooth speaker is awful.,1,negative
"This office chair is flimsy. I had to return it after two days. That said, customer service was very helpful.",1,negative
This headphones is awful.,1,negative
Bought this bluetooth speaker a few weeks ago. Shipping was fast and packaging was solid.,3,positive
This running shoes is amazing. The build quality is great. Rating: 4/5.,4,positive
"Bought this backpack a few weeks ago. Some features are useful, others aren't.",3,neutral
"This running shoes is affordable. Setup took less than five minutes. That said, customer support never responded. Rating: 4/5.",4,positive
"This yoga mat is broken. It arrived damaged. That said, some features are useful, others aren't.",1,negative
This smartwatch is amazing.,5,positive
Bought this blender a few weeks ago. Delivery took about a week.,4,neutral
This air fryer is defective. Stopped working within a week. Overall it's wouldn't recommend. Rating: 1/5.,1,negative
This air fryer is average.,2,neutral
This coffee maker is top notch. Exceeded my expectations.,4,positive
"This blender is faulty. The material feels cheap. Also, works as described, no surprises. Overall it's could be better. Rating: 1/5.",1,negative
This wireless mouse is faulty. I regret this purchase. Rating: 2/5.,2,negative
"This desk lamp is affordable. Customer service was very helpful. Also, packaging was fine.",4,positive
This phone case is unreliable. I had to return it after two days.,1,negative
This headphones is standard. Packaging was fine.,3,neutral
This coffee maker is amazing.,5,positive
"This coffee maker is nothing special. Some features are useful, others aren't.",3,neutral
Bought this desk lamp a few weeks ago.,5,positive
This headphones is nothing special. Delivery took about a week.,3,neutral
This coffee maker is responsive. Battery life is impressive. Overall it's not as good as I hoped. Rating: 4/5.,4,positive
"This running shoes is sleek. It feels premium for the price. That said, packaging was fine.",4,positive
This laptop is durable. Rating: 4/5.,4,positive
"This bluetooth speaker is great. Works perfectly out of the box. That said, it arrived damaged. Rating: 5/5.",5,positive
"This vacuum cleaner is reliable. Exceeded my expectations. On the downside, it's louder than advertised.",3,positive
This coffee maker is excellent. It feels premium for the price.,4,positive
Bought this headphones a few weeks ago. Customer support never responded.,1,negative
Bought this office chair a few weeks ago. It's fine for teh price but i wouldn't rave about it.,3,neutral
"Bought this bluetooth speaker a few weeks ago. However, delivery took about a week.",1,negative
This vacuum cleaner is affordable. The build quality is great.,4,positive
This running shoes is superb. Setup took less than five minutes. Rating: 5/5.,5,positive
Bought this office chair a few weeks ago. Battery drains way too fast.,3,negative
This backpack is wonderful.,3,positive
Bought this vacuum cleaner a few weeks ago. Stopped working within a week.,2,negative
"This desk lamp is acceptable. Also, the size runs way smaller than expected. Rating: 2/5.",2,neutral
"Bought this headphones a few weeks ago. Stopped working within a week. Also, I would definitely buy this again.",1,negative
"This vacuum cleaner is durable. Battery life is impressive. However, the material feels cheap. Overall it's wouldn't recommend.",5,positive
Bought this coffee maker a few weeks ago.,4,positive
This backpack is not worth it. It's louder than advertised. Rating: 1/5.,1,negative
This phone case is amazing. The build qaulity is great. Rating: 5/5.,5,positive
This running shoes is durable. Customer service was very helpful.,4,positive
"This wireless mouse is reasonable. Some features are useful, others aren't. Overall it's not great.",3,neutral
This yoga mat is reliable. Shipping was fast and packaging was solid. Rating: 4/5.,4,positive
Bought this air fryer a few weeks ago. Rating: 4/5.,4,positive
This running shoes is comfortable. The build quality is great. Rating: 4/5.,4,positive
"This backpack is reliable. Works perfectly out of the box. On the plus side, it does the job but nothing more.",5,positive
"This wireless mouse is so-so. Some features are useful, others aren't.",4,neutral
This phone case is unreliable. Overall it's not bad. Rating: 1/5.,1,positive
This desk lamp is fine. It does the job but nothing more.,4,neutral
This wireless mouse is reasonable. Packaging was fine. Rating: 2/5.,2,neutral
This smartwatch is fast. Exceeded my expectations.,5,positive
"Bought this yoga mat a few weeks ago. Delivery took about a week. However, it arrived damaged. Overall it's could be better.",4,neutral
This laptop is so-so. It's fine for the price but i wouldn't rave about it.,4,neutral
"This yoga mat is worth every penny. It feels premium for the price. Also, some features are useful, others aren't. Rating: 5/5.",5,positive
"This vacuum cleaner is subpar. Battery drains way too fast. However, works as described, no surprises.",2,negative
"This running shoes is okay. It does the job but nothing more. Also, battery life is impressive. Rating: 4/5.",4,neutral
This running shoes is affordable. The build quality is great.,4,positive
This air fryer is subpar. I had to return it after two days. Overall it's can't complain.,1,negative
This phone case is acceptable. It does the job but nothing more. Rating: 4/5.,4,neutral
This laptop is comfortable. Rating: 3/5.,3,positive
This phone case is outstanding.,3,positive
This coffee maker is amazing. The build qaulity is great. Rating: 5/5.,5,positive
This smartwatch is responsive.,5,positive
Bought this vacuum cleaner a few weeks ago.,3,positive
This air fryer is excellent. Setup took less than five minutes. Rating: 4/5.,4,positive
"This office chair is durable. It feels premium for teh price. Also, it's louder than advertised.",4,positive
This bluetooth speaker is middle of the road. Delivery took about a week. Rating: 3/5.,3,neutral
This laptop is fast. Works perfectly out of the box. Overall it's not great.,4,positive
This vacuum cleaner is average. It's fine for the price but i wouldn't rave about it. Overall it's could be better.,4,neutral
Bought this bluetooth speaker a few weeks ago.,2,negative
This phone case is frustrating. I regret this purchase.,1,negative
This backpack is terrible. Stopped working within a week.,1,negative
"This running shoes is broken. The material feels cheap. Also, battery life is impressive. Overall it's wouldn't recommend.",2,negative
"This air fryer is smooth. My whole family loves it now. On the downside, the instructions were confusing. Rating: 5/5.",5,positive
This headphones is flimsy. It's louder than advertised.,3,negative
This vacuum cleaner is frustrating. Customer support never responded. Rating: 3/5.,3,negative
This office chair is frustrating.,1,negative
This wireless mouse is middle of the road.,3,neutral
"Bought this yoga mat a few weeks ago. That said, I would definitely buy this again.",2,negative
"This running shoes is useless. Stopped working within a week. On the plus side, delivery took about a week. Rating: 3/5.",3,negative
This laptop is reliable. I would definitely buy this again.,4,positive
This vacuum cleaner is frustrating. Overall it's not bad.,1,negative
"This bluetooth speaker is slow. The size runs way smaller than expected. Also, exceeded my expectations. Rating: 3/5.",3,negative
This smartwatch is worth every penny. I would definitely buy this again. Rating: 5/5.,5,positive
Bought this backpack a few weeks ago.,4,positive
"Bought this coffee maker a few weeks ago. The build quality is great. On the plus side, some features are useful, others aren't. Rating: 5/5.",5,positive
Bought this office chair a few weeks ago. Overall it's didn't disappoint. Rating: 4/5.,4,positive
This running shoes is so-so. It's fine for the price but i wouldn't rave about it. Rating: 2/5.,2,neutral
This air fryer is acceptable. It does the job but nothing more. Rating: 3/5.,3,neutral
This yoga mat is sturdy. Shipping was fast and packaging was solid.,4,positive
This office chair is frustrating. It's louder than advertised.,1,negative
This backpack is decent. Packaging was fine. Rating: 3/5.,3,neutral
"This wireless mouse is well made. The build qaulity is great. However, it does the job but nothing more.",3,positive
"This blender is affordable. Battery life is impressive. However, it's louder than advertised.",5,positive
"This air fryer is fine. Works as described, no surprises.",3,neutral
This smartwatch is durable. Rating: 4/5.,4,positive
This smartwatch is unreliable. Stopped working within a week.,3,negative
This phone case is sturdy. I would definately buy this again.,4,negative
Bought this wireless mouse a few weeks ago. It arrived damaged.,2,negative
Bought this backpack a few weeks ago.,4,positive
This phone case is average.,3,neutral
This smartwatch is well made. Rating: 4/5.,4,neutral
This headphones is average. Delivery took about a week. Overall it's not great.,3,neutral
This office chair is amazing. My whole family loves it now.,4,positive
This blender is badly made.,2,negative
This vacuum cleaner is slow. The size runs way smaller than expected.,3,negative
This office chair is badly made. It arrived damaged.,1,negative
"This vacuum cleaner is faulty. Battery drains way too fast. However, exceeded my expectations.",2,negative
"This headphones is broken. The size runs way smaller than expected. That said, packaging was fine.",2,negative
This desk lamp is sleek. The build qaulity is great. Rating: 3/5.,3,positive
This running shoes is terrible. Battery drains way too fast. Rating: 2/5.,2,negative
This coffee maker is outstanding. Customer service was very helpful. Overall it's didn't disappoint.,4,positive
"This air fryer is sturdy. I would definitely buy this again. That said, stopped working within a week. Rating: 5/5.",5,positive
This laptop is reasonable.,4,neutral
Bought this laptop a few weeks ago. Overall it's not as good as I hoped. Rating: 3/5.,3,negative
"This office chair is okay. It's fine for the price but i wouldn't rave about it. However, the build quality is great.",4,neutral
"This laptop is responsive. I would definitely buy this again. On the downside, the size runs way smaller than expected. Rating: 4/5.",4,positive
This bluetooth speaker is sleek. Rating: 4/5.,4,positive
Bought this running shoes a few weeks ago. Stopped working within a week.,2,negative
This desk lamp is sleek. Customer service was very helpful. Overall it's not great.,4,positive
Bought this vacuum cleaner a few weeks ago. Battery life is impressive.,3,positive
This blender is fine. It's fine for the price but i wouldn't rave about it.,3,neutral
This smartwatch is frustrating. It's louder than advertised.,2,negative
Bought this blender a few weeks ago. It's louder than advertised. Overall it's didn't disappoint. Rating: 2/5.,2,negative
Bought this vacuum cleaner a few weeks ago. Battery life is impressive. Rating: 5/5.,5,positive
Bought this laptop a few weeks ago. Setup took less than five minutes.,5,positive
This air fryer is clunky.,1,negative
This yoga mat is impressive. I would definitely buy this again. Overall it's not bad.,5,positive
"Bought this office chair a few weeks ago. It arrived damaged. However, customer service was very helpful. Rating: 2/5.",2,negative
This laptop is standard.,4,neutral
"This blender is durable. Battery life is impressive. On the plus side, works as described, no surprises. Rating: 4/5.",4,positive
This phone case is sleek.,5,positive
This smartwatch is overpriced. The material feels cheap.,2,negative
This blender is excellent. Setup took less than five minutes. Rating: 4/5.,4,positive
This running shoes is superb. Shipping was fast and packaging was solid.,5,positive
"This desk lamp is so-so. Some features are useful, others aren't.",2,neutral
Bought this yoga mat a few weeks ago.,4,neutral
This air fryer is comfortable.,3,positive
This backpack is worth every penny. Works perfectly out of the box. Rating: 4/5.,4,positive
This blender is superb. The build quality is great.,4,positive
This air fryer is impressive. Works perfectly out of the box.,5,neutral
This office chair is so-so. Delivery took about a week. Overall it's not great.,3,neutral
This headphones is fine.,2,neutral
This headphones is poor. Rating: 2/5.,2,negative
This laptop is subpar.,2,negative
This yoga mat is so-so. Packaging was fine. Rating: 4/5.,4,neutral
"This blender is durable. On the plus side, it does the job but nothing more.",4,positive
This yoga mat is cheap. It's louder than advertised. Overall it's could be better.,1,negative
This bluetooth speaker is unreliable. Battery drains way too fast.,3,negative
This office chair is top notch. Customer service was very helpful. Overall it's can't complain.,5,positive
This desk lamp is affordable.,4,positive
This air fryer is solid.,5,positive
This desk lamp is okay.,3,neutral
This office chair is flimsy. Overall it's not as good as I hoped.,1,negative
This desk lamp is outstanding. Works perfectly out of the box. Overall it's not as good as I hoped. Rating: 5/5.,5,positive
"Bought this wireless mouse a few weeks ago. Delivery took about a week. On the plus side, I would definately buy this again.",3,neutral
This yoga mat is amazing.,4,positive
This running shoes is responsive. The build quality is great.,3,positive
Bought this desk lamp a few weeks ago. Delivery took about a week. Rating: 2/5.,2,neutral
"This air fryer is cheap. The material feels cheap. That said, works perfectly out of the box.",2,negative
This laptop is excellent. Customer service was very helpful.,4,positive
"This running shoes is affordable. On the downside, the size runs way smaller than expected.",3,positive
Bought this yoga mat a few weeks ago.,1,negative
"Bought this bluetooth speaker a few weeks ago. It's fine for teh price but i wouldn't rave about it. That said, the material feels cheap.",4,neutral
This vacuum cleaner is sleek. Customer service was very helpful. Rating: 5/5.,5,positive
This laptop is faulty. I had to return it after two days.,1,negative
"This vacuum cleaner is average. Some features are useful, others aren't.",3,negative
This headphones is broken. I had to return it after two days. Rating: 2/5.,2,negative
This desk lamp is affordable. Rating: 4/5.,4,positive
This coffee maker is well made.,5,positive
This blender is subpar. The size runs way smaller than expected.,1,negative
This blender is defective. The material feels cheap.,1,negative
This smartwatch is unreliable. It arrived damaged.,1,negative
This desk lamp is fine.,3,neutral
Bought this yoga mat a few weeks ago. Overall it's wouldn't recommend. Rating: 3/5.,3,neutral
Bought this desk lamp a few weeks ago. Stopped working within a week.,3,negative
This wireless mouse is not worth it. Customer support never responded.,1,negative
Bought this headphones a few weeks ago. I would definitely buy this again.,4,negative
This bluetooth speaker is worth every penny. Shipping was fast and packaging was solid.,4,positive
Bought this coffee maker a few weeks ago. Overall it's not as good as I hoped.,3,neutral
This running shoes is smooth. It feels premium for the price. Overall it's not great.,5,positive
This air fryer is decent.,4,neutral
This backpack is uncomfortable.,3,negative
This backpack is defective. The material feels cheap. Rating: 1/5.,1,negative
This office chair is wonderful. It feels premium for the price. Rating: 5/5.,5,positive
"This running shoes is overpriced. The size runs way smaller than expected. On the plus side, the build quality is great. Overall it's could be better.",1,negative
This yoga mat is comfortable. Shipping was fast and packaging was solid.,4,positive
This headphones is subpar.,2,negative
This laptop is fast.,5,positive
This headphones is responsive. It feels premium for the price. Rating: 4/5.,4,positive
This headphones is so-so. Packaging was fine. Rating: 3/5.,3,neutral
This coffee maker is comfortable. Rating: 3/5.,3,positive
This wireless mouse is wonderful. It feels premium for the price.,3,positive
This desk lamp is poor. The instructions were confusing.,2,negative
This office chair is nothing special. Packaging was fine.,4,neutral
"This headphones is middle of the road. Some features are useful, others aren't. On the plus side, battery life is impressive.",4,neutral
"This yoga mat is standard. Packaging was fine. That said, my whole family loves it now. Overall it's didn't disappoint.",3,neutral
This air fryer is unreliable. The material feels cheap. Overall it's wouldn't recommend.,2,negative
This air fryer is responsive.,3,positive
"This backpack is sleek. Exceeded my expectations. That said, it does the job but nothing more.",4,positive
This laptop is impressive. I would definitely buy this again.,5,positive
This headphones is flimsy. I regret this purchase. Rating: 1/5.,1,negative
This coffee maker is fast. Exceeded my expectations.,4,positive
This phone case is superb. Battery life is impressive.,5,positive
Bought this phone case a few weeks ago.,5,positive
This desk lamp is disappointing. Rating: 1/5.,1,negative
Bought this air fryer a few weeks ago. Battery drains way too fast.,1,negative
This coffee maker is comfortable. Rating: 5/5.,5,neutral
"This air fryer is affordable. My whole family loves it now. That said, customer support never responded.",5,positive
"Bought this yoga mat a few weeks ago. That said, battery drains way too fast.",3,positive
This office chair is okay.,4,neutral
Bought this wireless mouse a few weeks ago. It's louder than advertised. Rating: 3/5.,3,negative
"Bought this coffee maker a few weeks ago. My whole family loves it now. However, it's louder than advertised.",4,positive
This air fryer is smooth.,3,positive
"This headphones is subpar. The material feels cheap. However, packaging was fine.",3,negative
"This blender is decent. Some features are useful, others aren't.",3,neutral
This yoga mat is faulty. The material feels cheap. Overall it's not bad. Rating: 1/5.,1,negative
This vacuum cleaner is not worth it.,2,negative
This laptop is well made.,4,positive
This office chair is not worth it.,1,negative
This smartwatch is sleek. It feels premium for teh price.,5,positive
This desk lamp is nothing special.,3,neutral
This blender is top notch.,3,positive
This yoga mat is broken. The material feels cheap.,2,negative
This running shoes is wonderful. My whole family loves it now. Overall it's wouldn't recommend.,4,positive
This air fryer is slow.,1,negative
This phone case is okay.,3,neutral
Bought this vacuum cleaner a few weeks ago. Overall it's can't complain.,4,positive
This wireless mouse is smooth. Exceeded my expectations.,5,positive
Bought this bluetooth speaker a few weeks ago.,3,positive
"This yoga mat is badly made. I regret this purchase. That said, packaging was fine.",2,negative
"Bought this backpack a few weeks ago. I would definitely buy this again. That said, works as described, no surprises. Rating: 5/5.",5,positive
"This wireless mouse is sleek. Customer service was very helpful. However, delivery took about a week. Overall it's not great. Rating: 3/5.",3,positive
"Bought this bluetooth speaker a few weeks ago. Delivery took about a week. On the downside, it's louder than advertised.",2,neutral
Bought this coffee maker a few weeks ago. Stopped working within a week.,2,negative
This bluetooth speaker is solid.,5,positive
This running shoes is defective. Battery drains way too fast. Overall it's not great.,2,negative
This air fryer is standard.,3,neutral
"This vacuum cleaner is outstanding. My whole family loves it now. Also, I had to return it after two days.",4,positive
This coffee maker is okay.,3,neutral
Bought this running shoes a few weeks ago.,5,positive
"This phone case is clunky. Also, battery life is impressive. Rating: 1/5.",1,negative
Bought this backpack a few weeks ago. I had to return it after two days.,2,negative
Bought this vacuum cleaner a few weeks ago.,5,positive
"This laptop is outstanding. It feels premium for the price. That said, customer support never responded.",5,neutral
This blender is slow. I regret this purchase.,2,negative
"This running shoes is top notch. On the plus side, it's fine for the price but I wouldn't rave about it.",5,positive
This laptop is slow. Stopped working within a week.,1,negative
"This laptop is acceptable. However, it's louder than advertised.",3,neutral
This headphones is middle of the road.,2,neutral
This air fryer is reasonable. Overall it's didn't disappoint.,3,neutral
This blender is slow. Battery drains way too fast. Rating: 2/5.,2,negative
This phone case is fast. My whole family loves it now.,4,positive
"This blender is sturdy. The build quality is great. On the plus side, it does teh job but nothing more.",3,positive
Bought this bluetooth speaker a few weeks ago. It feels premium for the price.,4,positive
This desk lamp is solid.,4,positive
This laptop is defective.,1,negative
This yoga mat is fine. It does the job but nothing more. Overall it's didn't disappoint.,3,negative
This coffee maker is worth every penny.,5,positive
This running shoes is solid. It feels premium for teh price.,4,positive
This office chair is acceptable. Delivery took about a week. Overall it's wouldn't reccomend.,3,neutral
This laptop is useless. Rating: 1/5.,1,negative
This yoga mat is flimsy. It arrived damaged. Rating: 1/5.,1,negative
"This backpack is decent. On the downside, it arrived damaged.",2,neutral
"Bought this backpack a few weeks ago. Battery drains way too fast. That said, delivery took about a week.",1,negative
"Bought this wireless mouse a few weeks ago. Exceeded my expectations. Also, I had to return it after two days. Overall it's can't complain. Rating: 3/5.",3,positive
This coffee maker is reliable.,3,positive
"This vacuum cleaner is superb. Shipping was fast and packaging was solid. However, some features are useful, others aren't. Rating: 5/5.",5,positive
This backpack is uncomfortable. Rating: 3/5.,3,negative
This running shoes is not worth it. The size runs way smaller than expected. Rating: 2/5.,2,negative
This air fryer is subpar.,2,negative
This office chair is sturdy. Setup took less than five minutes.,3,positive
This smartwatch is clunky. The instructions were confusing.,3,negative
This office chair is terrible. Customer support never responded.,3,negative
This laptop is not worth it. Rating: 1/5.,1,negative
This desk lamp is sturdy. The build quality is great.,5,positive
Bought this phone case a few weeks ago. It feels premium for the price.,4,positive
This laptop is responsive. The build quality is great.,5,positive
This coffee maker is well made. Exceeded my expectations.,5,positive
Bought this wireless mouse a few weeks ago. I had to return it after two days.,2,negative
Bought this running shoes a few weeks ago. It feels premium for the price. Rating: 5/5.,5,positive
This laptop is worth every penny.,5,positive
"This desk lamp is amazing. It feels premium for the price. On the plus side, works as described, no surprises. Rating: 5/5.",5,positive
This desk lamp is defective.,2,negative
This backpack is sleek. Customer service was very helpful.,3,positive
This smartwatch is smooth.,4,positive
This air fryer is so-so.,2,neutral
This blender is awful.,2,negative
"This blender is great. Setup took less than five minutes. Also, customer support never responded. Rating: 5/5.",5,positive
This desk lamp is poor. It's louder than advertised.,2,negative
Bought this yoga mat a few weeks ago. I had to return it after two days. Rating: 3/5.,3,neutral
This wireless mouse is average. It's fine for the price but i wouldn't rave about it.,3,neutral
This smartwatch is frustrating. The material feels cheap. Overall it's could be better. Rating: 1/5.,1,negative
This smartwatch is not worth it. It's louder than advertised. Overall it's not great. Rating: 3/5.,3,negative
This coffee maker is cheap. It's louder than advertised.,2,negative
This headphones is useless. It's louder than advertised.,1,negative
"This office chair is amazing. Battery life is impressive. However, I regret this purchase. Overall it's can't complain.",4,positive
This running shoes is solid.,4,positive
This headphones is superb. Setup took less than five minutes.,4,positive
This backpack is sleek. Setup took less than five minutes.,4,positive
Bought this office chair a few weeks ago. Rating: 2/5.,2,negative
Bought this backpack a few weeks ago.,5,positive
This desk lamp is disappointing. The size runs way smaller than expected. Rating: 2/5.,2,negative
Bought this air fryer a few weeks ago. Works perfectly out of teh box. Rating: 4/5.,4,positive
This vacuum cleaner is smooth. Customer service was very helpful. Rating: 3/5.,3,positive
"This desk lamp is fine. Works as described, no surprises. Rating: 3/5.",3,neutral
This laptop is solid.,4,positive
Bought this coffee maker a few weeks ago. My whole family loves it now.,4,positive
"This yoga mat is reasonable. Works as described, no surprises. However, the size runs way smaller than expected.",3,neutral
This office chair is impressive. Works perfectly out of the box.,4,positive
This smartwatch is comfortable.,3,positive
"This laptop is overpriced. Battery drains way too fast. Also, it does the job but nothing more.",3,negative
Bought this vacuum cleaner a few weeks ago.,4,positive
This vacuum cleaner is not worth it. Overall it's not bad. Rating: 2/5.,2,negative
"This headphones is standard. Packaging was fine. Also, I regret this purchase.",3,neutral
This wireless mouse is terrible. The instructions were confusing. Rating: 2/5.,2,negative
Bought this office chair a few weeks ago. Stopped working within a week.,2,negative
This bluetooth speaker is sturdy. Customer service was vary helpful.,5,positive
Bought this backpack a few weeks ago. Rating: 3/5.,3,neutral
This running shoes is overpriced. It's louder than advertised.,1,negative
Bought this air fryer a few weeks ago. Customer service was very helpful. Overall it's could be better. Rating: 4/5.,4,positive
This backpack is acceptable. Delivery took about a week.,3,neutral
Bought this backpack a few weeks ago.,3,neutral
This bluetooth speaker is disappointing. It's louder than advertised. Rating: 1/5.,1,negative
This air fryer is durable.,3,positive
"This smartwatch is sturdy. The build quality is great. Also, works as described, no surprises.",5,positive
"This coffee maker is faulty. Also, exceeded my expectations.",1,negative
"This wireless mouse is not worth it. It's louder than advertised. However, delivery took about a week. Rating: 1/5.",1,negative
This coffee maker is reliable. Rating: 5/5.,5,positive
This yoga mat is reliable. Shipping was fast and packaging was solid.,5,positive
Bought this running shoes a few weeks ago.,3,positive
"This blender is reliable. However, the instructions were confusing. Overall it's didn't disappoint. Rating: 3/5.",3,positive
This desk lamp is affordable.,5,positive
This headphones is worth every penny.,4,positive
This smartwatch is acceptable. It does the job but nothing more.,2,neutral
This air fryer is average.,2,neutral
This wireless mouse is acceptable.,2,neutral
This air fryer is uncomfortable. Overall it's didn't disappoint.,2,negative
This blender is worth every penny.,4,positive
This yoga mat is decent.,3,neutral
"This backpack is comfortable. On teh plus side, packaging was fine.",3,positive
This phone case is not worth it. It's louder than advertised.,1,negative
"This yoga mat is affordable. Also, the material feels cheap. Overall it's can't complain. Rating: 4/5.",4,positive
This laptop is comfortable. The build quality is great.,4,positive
This phone case is poor.,2,negative
"Bought this blender a few weeks ago. On the downside, battery drains way too fast.",3,neutral
This backpack is clunky. The size runs way smaller than expected. Overall it's can't complain. Rating: 2/5.,2,negative
This backpack is cheap.,1,negative
This phone case is top notch.,5,positive
This smartwatch is faulty. Battery drains way too fast.,1,negative
This yoga mat is durable.,4,positive
This headphones is great. Exceeded my expectations.,5,positive
This coffee maker is standard. Overall it's could be better.,4,neutral
This yoga mat is overpriced. The size runs way smaller than expected.,2,negative
"This coffee maker is unreliable. Customer support never responded. However, delivery took about a week.",1,negative
This office chair is unreliable. The size runs way smaller than expected.,3,positive
"This air fryer is broken. Also, some features are useful, others aren't.",2,negative
"This smartwatch is nothing special. Some features are useful, others aren't. However, the build quality is great.",2,neutral
Bought this desk lamp a few weeks ago.,5,positive
"Bought this vacuum cleaner a few weeks ago. Works as described, no surprises. However, stopped working within a week.",2,neutral
Bought this backpack a few weeks ago. The instructions were confusing. Rating: 1/5.,1,neutral
"This bluetooth speaker is sturdy. I would definately buy this again. On the downside, the instructions were confusing. Overall it's not bad.",5,positive
"Bought this coffee maker a few weeks ago. Some features are useful, others aren't.",3,neutral
"This laptop is standard. Some features are useful, others aren't.",4,neutral
This desk lamp is superb.,5,positive
"This phone case is flimsy. The size runs way smaller than expected. On the plus side, some features are useful, others aren't. Overall it's not as good as I hoped. Rating: 3/5.",3,negative
This vacuum cleaner is comfortable.,5,neutral
This blender is disappointing. The material feels cheap.,2,negative
This desk lamp is slow. Rating: 3/5.,3,neutral
"This phone case is worth every penny. Also, some features are useful, others aren't.",5,positive
"This laptop is well made. Shipping was fast and packaging was solid. Also, it does the job but nothing more.",4,positive
This coffee maker is fast. Customer service was very helpful. Rating: 3/5.,3,positive
This laptop is not worth it. Customer support never responded. Rating: 2/5.,2,negative
"This blender is faulty. Customer support never responded. Also, shipping was fast and packaging was solid. Rating: 1/5.",1,negative
"This blender is worth every penny. However, it does the job but nothing more.",5,positive
"This vacuum cleaner is superb. I would definitely buy this again. However, some features are useful, others aren't. Overall it's didn't disappoint.",5,positive
This yoga mat is comfortable.,4,positive
This wireless mouse is awful.,2,negative
This air fryer is outstanding. Customer service was very helpful. Overall it's not as good as I hoped. Rating: 4/5.,4,positive
This wireless mouse is excellent. Exceeded my expectations.,5,positive
This headphones is sleek.,4,positive
This phone case is fantastic.,5,positive
"This running shoes is so-so. Works as described, no surprises. However, teh size runs way smaller than expected.",4,neutral
Bought this running shoes a few weeks ago. It feels premium for the price.,5,positive
This wireless mouse is badly made.,1,negative
Bought this air fryer a few weeks ago. Setup took less than five minutes.,4,positive
This desk lamp is great. Battery life is impressive.,4,positive
This running shoes is clunky. I had to return it after two days. Rating: 1/5.,1,negative
This air fryer is reliable.,5,positive
This office chair is comfortable.,4,positive
This desk lamp is fantastic.,4,positive
This running shoes is great. Shipping was fast and packaging was solid.,4,positive
This smartwatch is unreliable. Rating: 1/5.,1,negative
"Bought this coffee maker a few weeks ago. The build qaulity is great. That said, delivery took about a week.",5,positive
"This office chair is top notch. I would definitely buy this again. On the downside, it's louder than advertised. Overall it's didn't disappoint. Rating: 4/5.",4,positive
This running shoes is cheap. Stopped working within a week.,2,negative
This backpack is reasonable. Delivery took about a week.,2,neutral
This office chair is clunky. I had to return it after two days.,1,negative
This running shoes is poor.,3,negative
This running shoes is middle of teh road.,3,neutral
This coffee maker is impressive. Customer service was very helpful. Rating: 5/5.,5,negative
This vacuum cleaner is acceptable. Packaging was fine.,2,neutral
This headphones is shoddy. Rating: 2/5.,2,negative
This running shoes is excellent. Shipping was fast and packaging was solid. Overall it's not bad. Rating: 4/5.,4,positive
This air fryer is poor. I regret this purchase. Rating: 2/5.,2,negative
"This blender is sleek. My whole family loves it now. Also, it arrived damaged. Rating: 5/5.",5,positive
This backpack is fine. It's fine for the price but i wouldn't rave about it.,4,neutral
This smartwatch is affordable.,5,positive
Bought this smartwatch a few weeks ago. Customer service was very helpful.,3,negative
This blender is comfortable. I would definitely buy this again.,3,positive
This yoga mat is comfortable. Battery life is impressive.,5,positive
This smartwatch is nothing special. It's fine for teh price but i wouldn't rave about it.,3,positive
This smartwatch is reasonable.,2,neutral
This vacuum cleaner is comfortable. My whole family loves it now.,4,positive
This wireless mouse is wonderful.,4,positive
"This backpack is unreliable. The material feels cheap. On the plus side, works perfectly out of the box.",2,negative
This running shoes is not worth it. I had to return it after two days. Rating: 3/5.,3,negative
"This running shoes is average. Delivery took about a week. However, it's louder than advertised. Rating: 3/5.",3,neutral
"This phone case is average. It's fine for the price but i wouldn't rave about it. Also, I had to return it after two days. Rating: 3/5.",3,neutral
"This smartwatch is fast. Setup took less than five minutes. Also, packaging was fine. Rating: 5/5.",5,positive
This coffee maker is uncomfortable.,1,negative
"This laptop is fine. However, my whole family loves it now. Rating: 2/5.",2,neutral
This coffee maker is awful.,3,negative
This wireless mouse is reasonable. Packaging was fine.,4,neutral
This headphones is standard. It's fine for the price but i wouldn't rave about it.,3,neutral
This smartwatch is worth every penny. Exceeded my expectations.,5,positive
"Bought this smartwatch a few weeks ago. It feels premium for the price. However, works as described, no surprises.",3,positive
"This wireless mouse is excellent. It feels premium for the price. That said, it's louder than advertised.",5,positive
"This backpack is okay. It does teh job but nothing more. That said, it arrived damaged. Rating: 3/5.",3,neutral
This office chair is frustrating.,1,negative
This phone case is sturdy. Battery life is impressive. Rating: 4/5.,4,positive
"This running shoes is responsive. Exceeded my expectations. Also, I had to return it after two days. Rating: 5/5.",5,positive
This bluetooth speaker is fantastic. I would definitely buy this again. Rating: 3/5.,3,positive
This backpack is cheap. Stopped working within a week.,2,negative
Bought this backpack a few weeks ago. My whole family loves it now.,4,positive
This yoga mat is responsive.,5,positive
"This wireless mouse is standard. Some features are useful, others aren't.",2,neutral
This backpack is reasonable.,2,neutral
This running shoes is badly made. It's louder than advertised.,1,negative
This office chair is sleek.,4,positive
This headphones is shoddy.,3,negative
Bought this coffee maker a few weeks ago. Shipping was fast and packaging was solid. Rating: 5/5.,5,positive
This wireless mouse is useless. Customer support never responded. Overall it's could be better.,1,negative
This headphones is unreliable. I had to return it after two days.,2,negative
"This smartwatch is fantastic. I would definitely buy this again. That said, customer support never responded. Rating: 5/5.",5,negative
"This blender is durable. My whole family loves it now. However, it arrived damaged.",4,positive
This smartwatch is great. Battery life is impressive.,5,positive
"This desk lamp is awful. The instructions were confusing. However, packaging was fine. Overall it's not bad. Rating: 2/5.",2,negative
This smartwatch is standard. It's fine for the price but i wouldn't rave about it.,2,neutral
This yoga mat is disappointing. Customer support never responded.,1,negative
Bought this bluetooth speaker a few weeks ago. Exceeded my expectations.,5,positive
Bought this running shoes a few weeks ago. Delivery took about a week.,3,neutral
"Bought this headphones a few weeks ago. It arrived damaged. Also, I would definitely buy this again. Rating: 2/5.",2,negative
"This vacuum cleaner is impressive. However, it does the job but nothing more.",3,positive
This phone case is badly made.,2,negative
Bought this bluetooth speaker a few weeks ago. The instructions were confusing.,2,negative
This yoga mat is faulty. Customer support never responded. Rating: 1/5.,1,negative
"This air fryer is nothing special. Delivery took about a week. However, I would definitely buy this again. Overall it's can't complain. Rating: 3/5.",3,neutral
"This air fryer is fantastic. The build quality is great. However, it does the job but nothing more. Rating: 4/5.",4,positive
This blender is subpar. The material feels cheap.,1,negative
Bought this vacuum cleaner a few weeks ago. The instructions were confusing.,2,negative
"This office chair is poor. Customer support never responded. On the plus side, works as described, no surprises. Rating: 2/5.",2,negative
This desk lamp is shoddy. It arrived damaged.,3,negative
"This coffee maker is top notch. Setup took less than five minutes. However, it does the job but nothing more.",4,positive
This phone case is useless. The instructions were confusing.,2,negative
This coffee maker is flimsy.,3,negative
This desk lamp is well made. I would definitely buy this again.,5,positive
This blender is useless. Rating: 1/5.,1,negative
"This yoga mat is reasonable. Some features are useful, others aren't. Overall it's wouldn't recommend.",3,neutral
This bluetooth speaker is disappointing. Overall it's could be better.,2,negative
"This laptop is cheap. However, setup took less than five minutes. Rating: 1/5.",1,negative
Bought this smartwatch a few weeks ago. Works perfectly out of the box.,4,positive
This backpack is responsive. I would definitely buy this again.,5,positive
This vacuum cleaner is worth every penny. Rating: 4/5.,4,positive
This running shoes is so-so.,3,neutral
This running shoes is sturdy. Works perfectly out of the box. Rating: 5/5.,5,positive
Bought this desk lamp a few weeks ago.,3,neutral
Bought this coffee maker a few weeks ago.,5,positive
This wireless mouse is amazing.,3,neutral
This coffee maker is solid. Battery life is impressive. Overall it's didn't disappoint.,4,positive
This wireless mouse is amazing. Setup took less than five minutes.,4,positive
"This office chair is decent. It's fine for the price but i wouldn't rave about it. On the plus side, works perfectly out of the box. Rating: 4/5.",4,neutral
Bought this air fryer a few weeks ago.,4,neutral
This headphones is so-so. Packaging was fine.,3,neutral
This air fryer is not worth it. It's louder than advertised. Overall it's could be better.,2,negative
This backpack is well made. I would definitely buy this again.,4,positive
This phone case is decent. Delivery took about a week. Rating: 3/5.,3,neutral
"This headphones is reliable. Also, I had to return it after two days.",3,positive
"This laptop is so-so. Delivery took about a week. However, stopped working within a week.",2,neutral
"This office chair is faulty. It arrived damaged. On the plus side, it's fine for the price but I wouldn't rave about it.",1,negative
Bought this backpack a few weeks ago. It feels premium for the price. Rating: 4/5.,4,positive
Bought this phone case a few weeks ago. Rating: 5/5.,5,positive
"This blender is faulty. The material feels cheap. On the plus side, works perfectly out of the box.",3,negative
This phone case is durable. My whole family loves it now.,5,positive
This bluetooth speaker is useless. It arrived damaged. Rating: 1/5.,1,negative
This yoga mat is useless. It arrived damaged. Overall it's not bad.,1,negative
This wireless mouse is badly made. The instructions were confusing. Overall it's can't complain.,1,negative
This coffee maker is badly made. Customer support never responded. Overall it's didn't disappoint. Rating: 1/5.,1,negative
"This blender is broken. Customer support never responded. That said, delivery took about a week. Rating: 2/5.",2,negative
This blender is subpar. I had to return it after two days.,3,negative
This smartwatch is standard.,3,neutral
This running shoes is superb. Battery life is impressive. Rating: 5/5.,5,positive
This backpack is sleek. Exceeded my expectations.,5,positive
This phone case is sturdy. Overall it's didn't disappoint.,5,positive
This yoga mat is fantastic.,5,positive
This laptop is so-so. Packaging was fine.,4,neutral
This laptop is so-so.,3,neutral
This phone case is responsive.,3,positive
This running shoes is superb. Shipping was fast and packaging was solid.,4,positive
This bluetooth speaker is affordable. Rating: 5/5.,5,positive
Bought this air fryer a few weeks ago.,3,positive
"Bought this desk lamp a few weeks ago. It arrived damaged. Also, I would definitely buy this again.",3,negative
"This vacuum cleaner is acceptable. However, customer support never responded.",4,neutral
This office chair is decent.,3,neutral
"This blender is unreliable. It arrived damaged. Also, I would definitely buy this again. Rating: 2/5.",2,negative
This smartwatch is defective. I regret this purchase.,1,negative
This air fryer is faulty.,3,negative
This wireless mouse is faulty. I had to return it after two days.,1,negative
"This smartwatch is frustrating. The size runs way smaller than expected. That said, exceeded my expectations.",2,negative
This yoga mat is defective.,3,negative
Bought this phone case a few weeks ago. It does teh job but nothing more. Rating: 4/5.,4,neutral
Bought this coffee maker a few weeks ago.,1,negative
"This yoga mat is solid. However, packaging was fine. Rating: 4/5.",4,positive
"This desk lamp is standard. Works as described, no surprises. Also, it arrived damaged.",3,neutral
Bought this desk lamp a few weeks ago. Battery drains way too fast.,2,negative
Bought this headphones a few weeks ago. It feels premium for the price.,5,positive
Bought this desk lamp a few weeks ago.,5,positive
"This vacuum cleaner is nothing special. Works as described, no surprises. On the plus side, setup took less than five minutes.",3,neutral
This backpack is solid.,3,positive
This air fryer is superb. Exceeded my expectations.,3,positive
This wireless mouse is great. Exceeded my expectations.,4,positive
Bought this office chair a few weeks ago. I regret this purchase.,3,negative
This running shoes is fantastic. Exceeded my expectations.,3,positive
"This laptop is unreliable. Battery drains way too fast. That said, my whole family loves it now. Rating: 1/5.",1,neutral
"Bought this backpack a few weeks ago. Battery life is impressive. On the plus side, works as described, no surprises. Overall it's wouldn't recommend.",4,positive
"This backpack is slow. That said, exceeded my expectations. Rating: 1/5.",1,negative
This smartwatch is reliable. The build quality is great. Rating: 4/5.,4,positive
Bought this phone case a few weeks ago. Battery drains way too fast.,1,negative
"This coffee maker is solid. Also, works as described, no surprises.",5,positive
"This wireless mouse is comfortable. However, it's fine for the price but I wouldn't rave about it. Rating: 4/5.",4,positive
"This coffee maker is sturdy. Exceeded my expectations. However, I regret this purchase.",3,positive
This office chair is faulty. Rating: 2/5.,2,negative
This office chair is superb. Shipping was fast and packaging was solid.,3,positive
This yoga mat is amazing. The build quality is great. Overall it's can't complain.,5,positive
This headphones is okay.,4,neutral
This phone case is fine. It does the job but nothing more.,3,neutral
This phone case is frustrating.,3,negative
"This vacuum cleaner is standard. Some features are useful, others aren't. Also, I regret this purchase. Overall it's can't complain.",3,neutral
Bought this headphones a few weeks ago.,4,neutral
Bought this desk lamp a few weeks ago.,5,positive
"This blender is top notch. On the plus side, it's fine for the price but I wouldn't rave about it.",4,positive
Bought this office chair a few weeks ago.,1,negative
Bought this backpack a few weeks ago. Overall it's not great.,4,positive
This bluetooth speaker is worth every penny.,4,positive
This smartwatch is outstanding. Customer service was very helpful. Overall it's could be better. Rating: 3/5.,3,positive
Bought this blender a few weeks ago.,2,negative
This wireless mouse is affordable. Rating: 5/5.,5,positive
This smartwatch is not worth it. The instructions were confusing.,1,negative
"This laptop is middle of the road. Some features are useful, others aren't.",4,neutral
"This yoga mat is frustrating. Stopped working within a week. However, battery life is impressive.",3,negative
This wireless mouse is frustrating.,2,negative
This phone case is fast. Setup took less than five minutes.,5,positive
This vacuum cleaner is reasonable. It does the job but nothing more. Overall it's not bad. Rating: 3/5.,3,neutral
This office chair is fast.,4,positive
"This wireless mouse is average. Works as described, no surprises. Rating: 2/5.",2,positive
This air fryer is shoddy. I regret this purchase. Overall it's didn't disappoint. Rating: 2/5.,2,negative
"Bought this coffee maker a few weeks ago. Some features are useful, others aren't. However, customer service was very helpful. Overall it's not bad.",3,neutral
Bought this wireless mouse a few weeks ago. Battery life is impressive.,3,positive
This bluetooth speaker is awful. It arrived damaged.,2,negative
"This backpack is fine. It's fine for the price but i wouldn't rave about it. That said, I had to return it after two days.",4,neutral
This laptop is awful. I had to return it after two days. Rating: 2/5.,2,negative
This headphones is great.,5,positive
"This headphones is top notch. Shipping was fast and packaging was solid. That said, I regret this purchase.",5,positive
Bought this blender a few weeks ago. The material feels cheap.,2,negative
Bought this wireless mouse a few weeks ago. Rating: 4/5.,4,positive
"Bought this wireless mouse a few weeks ago. Some features are useful, others aren't.",3,neutral
This phone case is clunky.,2,negative
Bought this coffee maker a few weeks ago. Battery life is impressive. Rating: 5/5.,5,positive
This smartwatch is disappointing. Battery drains way too fast.,1,negative
"This yoga mat is average. Works as described, no surprises.",3,neutral
This blender is shoddy. It arrived damaged. Rating: 3/5.,3,negative
Bought this air fryer a few weeks ago. Stopped working within a week.,3,negative
"This blender is middle of teh road. Works as described, no surprises. Also, it arrived damaged.",2,neutral
This desk lamp is affordable.,4,positive
This phone case is badly made.,2,negative
This bluetooth speaker is acceptable. Packaging was fine. Rating: 2/5.,2,neutral
"This yoga mat is solid. Works perfectly out of the box. That said, some features are useful, others aren't.",4,positive
This phone case is acceptable. Delivery took about a week.,4,neutral
This desk lamp is durable. Rating: 3/5.,3,positive
"This backpack is reliable. I would definitely buy this again. On the plus side, delivery took about a week.",3,positive
"This laptop is awful. However, it's fine for the price but I wouldn't rave about it. Overall it's wouldn't reccomend. Rating: 1/5.",1,negative
Bought this running shoes a few weeks ago. Packaging was fine.,2,neutral
"This backpack is comfortable. The build quality is great. However, customer support never responded.",4,positive
"This vacuum cleaner is nothing special. Packaging was fine. However, exceeded my expectations.",2,neutral
This vacuum cleaner is durable.,4,positive
This wireless mouse is sturdy.,5,positive
"This laptop is clunky. It's louder than advertised. On the plus side, packaging was fine. Overall it's not as good as I hoped.",1,negative
This backpack is subpar. The material feels cheap.,3,negative
This wireless mouse is okay. Delivery took about a week. Overall it's not as good as I hoped.,3,neutral
This yoga mat is okay.,3,neutral
Bought this desk lamp a few weeks ago.,4,positive
"Bought this running shoes a few weeks ago. Customer support never responded. That said, shipping was fast and packaging was solid.",2,negative
This phone case is solid. Exceeded my expectations.,4,positive
"This smartwatch is top notch. Works perfectly out of the box. Also, packaging was fine.",5,positive
This blender is so-so. Rating: 4/5.,4,neutral
This wireless mouse is sturdy.,5,positive
This wireless mouse is solid. Rating: 5/5.,5,positive
This office chair is badly made.,1,negative
This vacuum cleaner is excellent. It feels premium for the price.,5,positive
This coffee maker is sturdy. Setup took less than five minutes.,4,positive
This phone case is disappointing. I regret this purchase.,2,negative
"This running shoes is acceptable. Some features are useful, others aren't. That said, it arrived damaged.",3,neutral
"This bluetooth speaker is okay. That said, I had to return it after two days. Rating: 2/5.",2,neutral
"This wireless mouse is outstanding. My whole family loves it now. Also, I had to return it after two days.",3,positive
This coffee maker is worth every penny. Setup took less than five minutes. Rating: 5/5.,5,positive
"This headphones is great. It feels premium for the price. On the downside, I regret this purchase. Rating: 3/5.",3,positive
"This blender is top notch. Battery life is impressive. On the plus side, it's fine for the price but I wouldn't rave about it. Overall it's not great.",5,positive
This coffee maker is defective. It arrived damaged.,2,negative
This phone case is defective.,3,negative
This bluetooth speaker is comfortable. The build quality is great. Overall it's didn't disappoint.,4,positive
This phone case is smooth.,5,positive
This backpack is terrible. It arrived damaged.,1,negative
This backpack is flimsy.,2,negative
This office chair is slow. I regret this purchase.,2,negative
Bought this office chair a few weeks ago. Works perfectly out of the box.,3,positive
This coffee maker is wonderful.,4,positive
"This running shoes is okay. That said, exceeded my expectations.",3,neutral
"This phone case is acceptable. Packaging was fine. However, I regret this purchase.",3,neutral
Bought this laptop a few weeks ago. Delivery took about a week.,3,neutral
This bluetooth speaker is poor. Rating: 2/5.,2,negative
This phone case is acceptable. It's fine for the price but i wouldn't rave about it.,3,neutral
This backpack is comfortable. The build quality is great.,4,positive
"This backpack is reliable. Battery life is impressive. Also, works as described, no surprises. Overall it's not great.",5,positive
This bluetooth speaker is impressive. My whole family loves it now.,4,positive
This blender is well made. My whole family loves it now.,4,positive
This bluetooth speaker is smooth. Shipping was fast and packaging was solid.,5,neutral
This laptop is defective. It arrived damaged. Rating: 1/5.,1,negative
Bought this blender a few weeks ago.,4,positive
"This blender is broken. Also, the build quality is great. Rating: 1/5.",1,negative
This yoga mat is frustrating. Battery drains way too fast.,2,negative
This blender is affordable. Battery life is impressive.,5,positive
This office chair is sturdy. Rating: 5/5.,5,positive
This phone case is worth every penny. Setup took less than five minutes. Rating: 4/5.,4,positive
"Bought this office chair a few weeks ago. Shipping was fast and packaging was solid. Also, some features are useful, others aren't. Rating: 5/5.",5,positive
Bought this bluetooth speaker a few weeks ago. Customer service was very helpful.,4,positive
This wireless mouse is worth every penny.,5,positive
Bought this running shoes a few weeks ago. The instructions were confusing.,1,negative
This bluetooth speaker is superb. I would definitely buy this again. Overall it's could be better. Rating: 4/5.,4,positive
This office chair is useless.,3,negative
This phone case is uncomfortable. Stopped working within a week. Rating: 3/5.,3,negative
This blender is top notch.,3,negative
Bought this wireless mouse a few weeks ago. It does the job but nothing more. Rating: 3/5.,3,neutral
This air fryer is top notch. Works perfectly out of the box.,5,positive
This bluetooth speaker is well made. Customer service was very helpful.,5,positive
This laptop is shoddy.,1,negative
This headphones is decent.,2,negative
This laptop is cheap. The material feels cheap. Rating: 2/5.,2,negative
This smartwatch is amazing. Shipping was fast and packaging was solid.,5,positive
"This air fryer is smooth. My whole family loves it now. However, I had to return it after two days.",3,positive
This laptop is solid. Setup took less than five minutes. Overall it's can't complain.,5,positive
"This headphones is fine. Also, I had to return it after two days. Rating: 4/5.",4,neutral
"This air fryer is disappointing. The instructions were confusing. That said, battery life is impressive.",1,negative
Bought this bluetooth speaker a few weeks ago. Customer support never responded. Overall it's not great.,1,negative
"This coffee maker is flimsy. On the plus side, works as described, no surprises. Rating: 3/5.",3,negative
"This wireless mouse is affordable. My whole family loves it now. On the plus side, delivery took about a week. Overall it's could be better.",3,positive
Bought this desk lamp a few weeks ago.,2,negative
This vacuum cleaner is middle of the road. Delivery took about a week.,2,neutral
This smartwatch is wonderful.,4,positive
"Bought this coffee maker a few weeks ago. Customer service was very helpful. That said, works as described, no surprises. Overall it's can't complain.",4,positive
This laptop is defective. It arrived damaged.,1,negative
This vacuum cleaner is reasonable. Rating: 3/5.,3,neutral
This desk lamp is so-so.,3,neutral
This laptop is clunky. The instructions were confusing.,1,negative
This vacuum cleaner is durable. Battery life is impressive.,5,positive
"This air fryer is reliable. On the plus side, some features are useful, others aren't.",4,positive
"Bought this wireless mouse a few weeks ago. Also, packaging was fine.",4,negative
"This yoga mat is decent. Works as described, no surprises. Rating: 3/5.",3,neutral
"This vacuum cleaner is solid. Also, it arrived damaged. Rating: 3/5.",3,positive
Bought this phone case a few weeks ago. Shipping was fast and packaging was solid. Rating: 3/5.,3,positive
This running shoes is wonderful. Rating: 4/5.,4,positive
"This running shoes is acceptable. Delivery took about a week. On the plus side, works perfectly out of teh box.",3,neutral
This yoga mat is faulty. It's louder than advertised.,1,negative
This air fryer is well made. Battery life is impressive.,5,positive
This laptop is reliable. Setup took less than five minutes. Rating: 4/5.,4,positive
Bought this laptop a few weeks ago. I regret this purchase.,1,negative
This blender is impressive. Battery life is impressive.,5,positive
This smartwatch is clunky.,2,negative
This smartwatch is great. I would definately buy this again.,5,positive
This vacuum cleaner is terrible.,2,negative
This coffee maker is shoddy. Battery drains way too fast.,1,negative
This office chair is affordable. Overall it's can't complain.,3,positive
This air fryer is durable. Rating: 5/5.,5,positive
"This vacuum cleaner is nothing special. It's fine for the price but i wouldn't rave about it. However, the material feels cheap. Rating: 3/5.",3,neutral
Bought this laptop a few weeks ago. Packaging was fine.,3,neutral
This air fryer is outstanding.,5,positive
This yoga mat is sturdy. Battery life is impressive. Rating: 5/5.,5,positive
This air fryer is cheap.,2,negative
"This air fryer is middle of the road. Works as described, no surprises. Rating: 2/5.",2,neutral
This smartwatch is fast.,5,positive
"This smartwatch is poor. Battery drains way too fast. Also, it's fine for the price but I wouldn't rave about it. Overall it's wouldn't reccomend. Rating: 2/5.",2,negative
This office chair is excellent.,3,positive
This office chair is faulty.,3,neutral
This wireless mouse is defective.,2,negative
"This air fryer is badly made. That said, some features are useful, others aren't.",2,negative
Bought this yoga mat a few weeks ago.,1,negative
Bought this wireless mouse a few weeks ago. Customer support never responded.,1,negative
This headphones is amazing.,5,positive
This headphones is outstanding. Battery life is impressive.,4,positive
Bought this bluetooth speaker a few weeks ago.,5,positive
This phone case is clunky. Stopped working within a week. Overall it's could be better. Rating: 2/5.,2,negative
This office chair is frustrating. Battery drains way too fast.,1,negative
This wireless mouse is well made.,5,positive
"This bluetooth speaker is defective. The instructions were confusing. Also, battery life is impressive. Rating: 2/5.",2,negative
"This bluetooth speaker is fine. Some features are useful, others aren't.",3,neutral
This air fryer is sturdy.,4,positive
This air fryer is flimsy. Customer support never responded.,3,negative
This air fryer is smooth. Shipping was fast and packaging was solid.,5,positive
This office chair is well made. Rating: 3/5.,3,positive
"This laptop is affordable. Shipping was fast and packaging was solid. That said, it's fine for the price but I wouldn't rave about it.",4,positive
This running shoes is shoddy. I had to return it after two days. Overall it's not bad.,2,negative
This backpack is well made. It feels premium for the price.,5,positive
"This yoga mat is comfortable. I would definately buy this again. That said, it's fine for the price but I wouldn't rave about it.",5,positive
"Bought this headphones a few weeks ago. I had to return it after two days. However, some features are useful, others aren't.",2,negative
This smartwatch is reliable. My whole family loves it now.,3,positive
"This desk lamp is superb. Battery life is impressive. On the plus side, some features are useful, others aren't.",5,positive
"This running shoes is clunky. The instructions were confusing. Also, packaging was fine. Rating: 1/5.",1,negative
Bought this air fryer a few weeks ago. Shipping was fast and packaging was solid. Rating: 3/5.,3,positive
"Bought this office chair a few weeks ago. Works as described, no surprises. Also, shipping was fast and packaging was solid.",2,neutral
This smartwatch is well made. Rating: 3/5.,3,positive
This backpack is amazing. The build quality is great. Rating: 5/5.,5,negative
This headphones is frustrating. Stopped working within a week. Overall it's not bad.,2,negative
"Bought this blender a few weeks ago. My whole family loves it now. That said, it arrived damaged.",5,positive
"This bluetooth speaker is excellent. My whole family loves it now. That said, packaging was fine.",5,positive
"This smartwatch is durable. I would definitely buy this again. However, works as described, no surprises. Overall it's not as good as I hoped. Rating: 5/5.",5,positive
"This backpack is defective. On the plus side, delivery took about a week.",3,negative
This phone case is sleek. I would definitely buy this again. Overall it's could be better.,4,positive
This wireless mouse is nothing special. Packaging was fine.,3,neutral
This air fryer is not worth it. It arrived damaged. Overall it's can't complain.,1,negative
"Bought this yoga mat a few weeks ago. Customer service was very helpful. On the downside, customer support never responded.",4,positive
This smartwatch is shoddy.,1,negative
This air fryer is fast. Setup took less than five minutes.,3,positive
This office chair is poor.,2,negative
This backpack is comfortable. Works perfectly out of the box. Rating: 3/5.,3,positive
"This yoga mat is unreliable. Customer support never responded. However, delivery took about a week. Rating: 1/5.",1,neutral
This air fryer is solid. The build quality is great.,4,positive
This blender is disappointing. Battery drains way too fast. Overall it's could be better.,1,positive
"Bought this office chair a few weeks ago. Battery life is impressive. Also, works as described, no surprises. Rating: 4/5.",4,positive
This laptop is durable. Shipping was fast and packaging was solid. Rating: 5/5.,5,positive
"This office chair is acceptable. It does the job but nothing more. On teh downside, the size runs way smaller than expected.",3,neutral
This blender is nothing special. It does the job but nothing more. Overall it's not as good as I hoped.,3,neutral
This wireless mouse is broken. The instructions were confusing.,2,negative
"This headphones is outstanding. Customer service was very helpful. On the downside, I had to return it after two days. Rating: 4/5.",4,positive
Bought this phone case a few weeks ago. Shipping was fast and packaging was solid.,5,positive
"This smartwatch is reliable. Customer service was very helpful. On the downside, it's louder than advertised. Overall it's not as good as I hoped.",4,positive
This office chair is overpriced.,3,negative
This vacuum cleaner is average. Delivery took about a week.,2,neutral
This blender is faulty.,1,negative
Bought this air fryer a few weeks ago.,4,positive
"This air fryer is flimsy. It arrived damaged. Also, it feels premium for teh price. Overall it's could be better. Rating: 3/5.",3,negative
"This laptop is outstanding. Setup took less than five minutes. That said, works as described, no surprises. Rating: 4/5.",4,positive
Bought this backpack a few weeks ago. Shipping was fast and packaging was solid.,5,positive
Bought this running shoes a few weeks ago. Rating: 4/5.,4,positive
"This headphones is acceptable. Also, customer service was very helpful.",4,neutral
This smartwatch is poor.,1,negative
"Bought this laptop a few weeks ago. Exceeded my expectations. That said, some features are useful, others aren't.",4,positive
Bought this laptop a few weeks ago.,4,positive
"This yoga mat is responsive. Exceeded my expectations. However, works as described, no surprises. Rating: 3/5.",3,positive
Bought this headphones a few weeks ago.,5,positive
"This coffee maker is disappointing. It's louder than advertised. Also, the build quality is great. Rating: 2/5.",2,negative
"This smartwatch is nothing special. Works as described, no surprises. Overall it's not bad.",4,negative
This smartwatch is excellent. Overall it's not as good as I hoped.,3,positive
"This blender is nothing special. Also, the build quality is great.",4,neutral
This air fryer is worth every penny.,4,positive
This headphones is well made.,5,positive
This laptop is excellent. Works perfectly out of the box.,4,positive
Bought this blender a few weeks ago. Setup took less than five minutes.,4,positive
"Bought this headphones a few weeks ago. It feels premium for the price. Also, delivery took about a week.",5,positive
"This wireless mouse is superb. Setup took less than five minutes. However, packaging was fine. Rating: 4/5.",4,positive
This coffee maker is fast. Exceeded my expectations.,3,positive
This laptop is frustrating.,1,negative
This coffee maker is faulty. Customer support never responded. Rating: 3/5.,3,negative
This smartwatch is smooth. Exceeded my expectations.,4,positive
This blender is nothing special. It does the job but nothing more. Rating: 2/5.,2,neutral
"Bought this smartwatch a few weeks ago. Also, some features are useful, others aren't.",4,positive
This laptop is great. Setup took less than five minutes. Overall it's not bad.,5,positive
"This coffee maker is terrible. I had to return it after two days. That said, some features are useful, others aren't.",1,negative
This vacuum cleaner is frustrating.,1,negative
This blender is defective. Stopped working within a week.,1,negative
"This backpack is overpriced. On the plus side, shipping was fast and packaging was solid. Overall it's wouldn't recommend. Rating: 2/5.",2,negative
This office chair is disappointing.,1,negative
Bought this office chair a few weeks ago. Delivery took about a week.,3,neutral
This wireless mouse is defective. Rating: 2/5.,2,negative
This running shoes is decent. Rating: 3/5.,3,neutral
Bought this wireless mouse a few weeks ago.,1,negative
"This headphones is disappointing. Stopped working within a week. However, packaging was fine.",1,negative
This desk lamp is affordable. Setup took less than five minutes.,5,positive
Bought this office chair a few weeks ago. It feels premium for the price.,4,positive
"This phone case is responsive. My whole family loves it now. However, it's fine for the price but I wouldn't rave about it.",5,positive
This blender is uncomfortable.,1,negative
This backpack is not worth it. Battery drains way too fast.,1,negative
Bought this wireless mouse a few weeks ago.,3,neutral
"This yoga mat is reasonable. Some features are useful, others aren't.",3,neutral
This backpack is badly made.,2,negative
"This bluetooth speaker is standard. Some features are useful, others aren't.",3,neutral
This backpack is frustrating.,3,negative
This blender is poor.,3,negative
This yoga mat is fantastic.,3,positive
"This bluetooth speaker is disappointing. I regret this purchase. However, delivery took about a week.",1,negative
This desk lamp is excellent.,4,positive
"This yoga mat is faulty. However, delivery took about a week. Rating: 1/5.",1,negative
This laptop is flimsy. The material feels cheap. Rating: 1/5.,1,negative
"This coffee maker is middle of the road. Also, the build quality is great.",3,neutral
This headphones is awful.,3,negative
"Bought this bluetooth speaker a few weeks ago. Battery drains way too fast. Also, it feels premium for the price. Overall it's not great. Rating: 1/5.",1,negative
"This smartwatch is average. It's fine for the price but i wouldn't rave about it. Also, it feels premium for the price. Rating: 2/5.",2,neutral
This blender is useless.,1,negative
This vacuum cleaner is amazing. Battery life is impressive. Overall it's didn't disappoint.,4,positive
"This desk lamp is solid. However, I regret this purchase. Rating: 4/5.",4,positive
"Bought this phone case a few weeks ago. The size runs way smaller than expected. Also, it's fine for teh price but I wouldn't rave about it.",1,negative
This smartwatch is broken. The instructions were confusing.,2,negative
This coffee maker is sturdy.,4,positive
This coffee maker is okay. It does the job but nothing more.,2,neutral
"This wireless mouse is smooth. On the downside, the size runs way smaller than expected.",4,positive
This air fryer is faulty.,2,negative
"This headphones is sleek. Works perfectly out of the box. Also, the instructions were confusing. Rating: 4/5.",4,positive
This vacuum cleaner is fantastic. Setup took less than five minutes. Rating: 4/5.,4,positive
Bought this yoga mat a few weeks ago. Customer service was very helpful. Overall it's can't complain.,5,positive
This headphones is okay.,4,neutral
This blender is wonderful. Rating: 4/5.,4,positive
Bought this headphones a few weeks ago. I would definitely buy this again. Rating: 4/5.,4,neutral
This running shoes is sleek. Exceeded my expectations.,3,positive
"This air fryer is nothing special. Also, the build quality is great.",2,neutral
This smartwatch is shoddy.,1,neutral
Bought this phone case a few weeks ago. I would definitely buy this again.,4,positive
Bought this smartwatch a few weeks ago. I would definitely buy this again.,4,positive
"This bluetooth speaker is comfortable. Exceeded my expectations. On the downside, the material feels cheap.",4,positive
This phone case is terrible. Customer support never responded.,1,negative
Bought this desk lamp a few weeks ago. Customer support never responded. Rating: 2/5.,2,negative
This yoga mat is responsive. Setup took less than five minutes. Overall it's not bad.,3,positive
This vacuum cleaner is shoddy.,3,negative
This vacuum cleaner is amazing.,5,positive
This smartwatch is responsive. Battery life is impressive.,5,positive
"This running shoes is okay. Some features are useful, others aren't. However, the instructions were confusing. Overall it's could be better.",2,neutral
This headphones is reasonable. Delivery took about a week.,2,neutral
This backpack is worth every penny. Works perfectly out of teh box.,4,positive
Bought this running shoes a few weeks ago.,2,negative
This wireless mouse is fine.,3,neutral
This office chair is decent. It's fine for the price but i wouldn't rave about it.,4,neutral
This coffee maker is not worth it. Stopped working within a week. Overall it's didn't disappoint.,3,negative
This vacuum cleaner is awful. It's louder than advertised. Rating: 2/5.,2,negative
This desk lamp is frustrating. Stopped working within a week.,1,negative
This phone case is broken. Stopped working within a week.,2,negative
Bought this laptop a few weeks ago. It does the job but nothing more. Overall it's wouldn't recommend.,3,neutral
This wireless mouse is sleek. My whole family loves it now.,4,positive
This air fryer is affordable. Battery life is impressive.,4,positive
This running shoes is disappointing. The material feels cheap. Rating: 3/5.,3,positive
Bought this headphones a few weeks ago. It does the job but nothing more. Rating: 4/5.,4,neutral
This wireless mouse is fantastic.,3,positive
This vacuum cleaner is superb.,3,positive
This wireless mouse is worth every penny. The build quality is great.,4,positive
This running shoes is uncomfortable. Customer support never responded.,3,negative
This desk lamp is smooth. Works perfectly out of the box.,5,positive
"Bought this bluetooth speaker a few weeks ago. It does the job but nothing more. However, battery drains way too fast.",3,neutral
Bought this yoga mat a few weeks ago.,4,positive
Bought this vacuum cleaner a few weeks ago. Works perfectly out of the box.,5,positive
This running shoes is fantastic.,5,positive
"Bought this blender a few weeks ago. However, packaging was fine.",3,positive
This vacuum cleaner is impressive. Customer service was very helpful. Overall it's could be better.,3,positive
"This smartwatch is defective. On the plus side, some features are useful, others aren't.",2,negative
This coffee maker is outstanding. Rating: 4/5.,4,positive
This phone case is superb.,4,positive
Bought this phone case a few weeks ago. The instructions were confusing. Rating: 2/5.,2,negative
This smartwatch is subpar. The size runs way smaller than expected. Rating: 3/5.,3,negative
This coffee maker is outstanding.,5,positive
This running shoes is wonderful. Rating: 4/5.,4,positive
"This headphones is impressive. I would definitely buy this again. However, I had to return it after two days. Overall it's not bad. Rating: 4/5.",4,positive
"This phone case is superb. Works perfectly out of the box. Also, battery drains way too fast.",5,positive
This smartwatch is middle of the road.,3,neutral
Bought this running shoes a few weeks ago. Customer service was very helpful.,5,positive
This coffee maker is unreliable. The material feels cheap.,1,negative
This air fryer is affordable. It feels premium for the price.,4,positive
This running shoes is average.,4,neutral
This desk lamp is subpar. Overall it's can't complain.,1,negative
This yoga mat is uncomfortable. Customer support never responded. Overall it's didn't disappoint.,1,negative
This wireless mouse is okay. Packaging was fine.,4,neutral
"This laptop is average. Some features are useful, others aren't. Rating: 3/5.",3,neutral
This wireless mouse is uncomfortable.,1,negative
This desk lamp is faulty. Customer support never responded.,1,negative
This blender is reasonable.,4,neutral
"This vacuum cleaner is smooth. Battery life is impressive. That said, battery drains way too fast.",5,positive
This phone case is standard. It does the job but nothing more. Overall it's not great.,3,neutral
This backpack is standard.,2,neutral
Bought this vacuum cleaner a few weeks ago. Packaging was fine. Rating: 3/5.,3,neutral
Bought this air fryer a few weeks ago. It feels premium for the price. Overall it's could be better.,4,positive
"This blender is uncomfortable. The instructions were confusing. Also, I would definately buy this again. Overall it's didn't disappoint.",2,positive
"Bought this coffee maker a few weeks ago. Some features are useful, others aren't.",3,neutral
"This wireless mouse is flimsy. I had to return it after two days. However, works as described, no surprises.",1,negative
This office chair is durable. Overall it's didn't disappoint.,5,positive
This backpack is wonderful. I would definitely buy this again.,4,positive
This yoga mat is affordable. It feels premium for the price. Rating: 5/5.,5,positive
Bought this bluetooth speaker a few weeks ago. Packaging was fine. Overall it's not great. Rating: 3/5.,3,neutral
"This running shoes is affordable. Customer service was very helpful. However, it's fine for the price but I wouldn't rave about it. Overall it's not as good as I hoped. Rating: 4/5.",4,positive
"This bluetooth speaker is defective. Battery drains way too fast. Also, some features are useful, others aren't.",2,negative
This bluetooth speaker is smooth. It feels premium for the price. Rating: 3/5.,3,positive
This phone case is nothing special.,3,neutral
This bluetooth speaker is wonderful. I would definitely buy this again.,3,positive
Bought this blender a few weeks ago.,1,negative
This backpack is fast.,4,positive
"This smartwatch is fast. Works perfectly out of the box. On the downside, the instructions were confusing. Rating: 5/5.",5,positive
"This blender is worth every penny. That said, it's louder than advertised.",4,positive
This running shoes is badly made. It arrived damaged.,2,negative
"This bluetooth speaker is middle of the road. Works as described, no surprises.",3,neutral
"This bluetooth speaker is average. Delivery took about a week. However, I had to return it after two days.",3,neutral
"This backpack is superb. The build quality is great. On the downside, I regret this purchase.",4,positive
This yoga mat is average. It does the job but nothing more.,3,neutral
Bought this coffee maker a few weeks ago.,1,negative
"This phone case is fast. My whole family loves it now. On the downside, stopped working within a week. Rating: 3/5.",3,positive
Bought this backpack a few weeks ago. It arrived damaged. Overall it's not bad. Rating: 1/5.,1,negative
This backpack is solid. My whole family loves it now.,3,positive
Bought this desk lamp a few weeks ago. Rating: 5/5.,5,positive
This backpack is fantastic.,4,positive
Bought this headphones a few weeks ago. The size runs way smaller than expected. Rating: 2/5.,2,negative
This headphones is uncomfortable. Rating: 1/5.,1,negative
This backpack is nothing special.,3,neutral
This laptop is not worth it. Overall it's not great.,1,negative
This air fryer is top notch. Exceeded my expectations. Rating: 4/5.,4,positive
This wireless mouse is faulty.,2,negative
This yoga mat is disappointing.,1,negative
This blender is sturdy. Shipping was fast and packaging was solid. Rating: 3/5.,3,positive
This headphones is sturdy. It feels premium for the price. Overall it's wouldn't recommend.,5,positive
This smartwatch is shoddy.,2,negative
"This running shoes is durable. On the plus side, works as described, no surprises.",5,negative
This smartwatch is awful.,2,negative
"This headphones is so-so. Works as described, no surprises. That said, shipping was fast and packaging was solid.",4,neutral
This running shoes is terrible.,2,negative
This headphones is top notch. Battery life is impressive.,5,positive
This laptop is sturdy. I would definitely buy this again.,4,positive
"This bluetooth speaker is clunky. Also, works as described, no surprises.",2,negative
Bought this laptop a few weeks ago. Overall it's not bad.,3,negative
This running shoes is reliable. It feels premium for the price.,3,positive
This office chair is amazing. I would definitely buy this again.,4,positive
This smartwatch is disappointing.,3,negative
This yoga mat is slow. It's louder than advertised. Rating: 1/5.,1,negative
This vacuum cleaner is durable. It feels premium for the price.,4,positive
This wireless mouse is not worth it. Stopped working within a week.,1,negative
This running shoes is smooth. Works perfectly out of teh box. Rating: 5/5.,5,positive
This smartwatch is okay. Packaging was fine.,3,neutral
Bought this laptop a few weeks ago.,2,negative
Bought this backpack a few weeks ago. The material feels cheap.,3,negative
This phone case is amazing. Shipping was fast and packaging was solid.,4,positive
This vacuum cleaner is middle of the road. Packaging was fine. Overall it's not as good as I hoped. Rating: 4/5.,4,neutral
This blender is badly made. The material feels cheap.,1,negative
"This office chair is average. However, works perfectly out of the box. Rating: 3/5.",3,neutral
This smartwatch is defective. Battery drains way too fast. Overall it's can't complain.,2,positive
"This blender is okay. Some features are useful, others aren't.",4,neutral
"This desk lamp is awful. That said, packaging was fine. Rating: 2/5.",2,negative
Bought this yoga mat a few weeks ago. My whole family loves it now. Overall it's could be better.,5,positive
This office chair is awful.,1,negative
"This yoga mat is slow. I had to return it after two days. That said, delivery took about a week.",2,negative
"This smartwatch is standard. It's fine for the price but i wouldn't rave about it. Also, the build quality is great. Rating: 3/5.",3,neutral
"This coffee maker is well made. Customer service was very helpful. Also, the instructions were confusing. Rating: 5/5.",5,positive
Bought this bluetooth speaker a few weeks ago.,3,neutral
"Bought this wireless mouse a few weeks ago. That said, works as described, no surprises.",1,negative
"This blender is awful. Battery drains way too fast. However, battery life is impressive.",1,negative
Bought this backpack a few weeks ago. Packaging was fine. Overall it's could be better. Rating: 3/5.,3,neutral
This smartwatch is shoddy.,2,negative
This office chair is okay. It does the job but nothing more.,3,neutral
"This blender is overpriced. Customer support never responded. That said, packaging was fine. Overall it's can't complain.",2,negative
This wireless mouse is nothing special.,4,neutral
This running shoes is cheap. Overall it's wouldn't recommend.,1,negative
This desk lamp is clunky. The instructions were confusing.,2,negative
"This phone case is not worth it. The material feels cheap. However, works perfectly out of the box. Overall it's could be better.",1,negative
This laptop is outstanding.,5,positive
Bought this laptop a few weeks ago. I regret this purchase.,1,negative
"This vacuum cleaner is excelent. It feels premium for the price. Also, stopped working within a week.",3,positive
"This desk lamp is clunky. However, battery life is impressive. Rating: 3/5.",3,negative
This office chair is fine.,3,neutral
"Bought this air fryer a few weeks ago. Delivery took about a week. That said, it arrived damaged.",3,neutral
"This office chair is sturdy. That said, it's fine for the price but I wouldn't rave about it. Overall it's not bad.",4,positive
Bought this bluetooth speaker a few weeks ago. Packaging was fine. Rating: 3/5.,3,neutral
Bought this desk lamp a few weeks ago. Exceeded my expectations. Overall it's not bad. Rating: 4/5.,4,positive
This blender is flimsy. It arrived damaged.,3,negative
Bought this vacuum cleaner a few weeks ago.,2,negative
This laptop is awful.,3,negative
This vacuum cleaner is sleek. Battery life is impressive. Rating: 5/5.,5,positive
This coffee maker is uncomfortable. I had to return it after two days.,1,negative
This office chair is comfortable. Shipping was fast and packaging was solid. Rating: 3/5.,3,positive
This running shoes is smooth. Rating: 5/5.,5,positive
This coffee maker is fantastic. Customer service was very helpful.,4,positive
This wireless mouse is excelent.,4,positive
This office chair is durable. Shipping was fast and packaging was solid. Rating: 5/5.,5,positive
This office chair is outstanding. I would definitely buy this again.,4,positive
"This blender is comfortable. Shipping was fast and packaging was solid. Also, delivery took about a week. Overall it's not as good as I hoped. Rating: 5/5.",5,positive
"This bluetooth speaker is flimsy. It's louder than advertised. Also, exceeded my expectations. Overall it's not as good as I hoped. Rating: 1/5.",1,negative
This laptop is cheap. Battery drains way too fast.,1,negative
Bought this smartwatch a few weeks ago. It's fine for teh price but i wouldn't rave about it. Rating: 3/5.,3,neutral
"Bought this smartwatch a few weeks ago. Setup took less than five minutes. Also, it does the job but nothing more. Rating: 5/5.",5,positive
Bought this yoga mat a few weeks ago. It arrived damaged.,2,negative
"Bought this air fryer a few weeks ago. That said, it's fine for the price but I wouldn't rave about it. Overall it's not bad.",1,negative
This office chair is not worth it.,2,negative
Bought this laptop a few weeks ago. It does the job but nothing more. Rating: 3/5.,3,neutral
"This office chair is decent. It's fine for the price but i wouldn't rave about it. That said, the size runs way smaller than expected.",3,neutral
This blender is responsive. Works perfectly out of the box. Rating: 5/5.,5,positive
"This wireless mouse is average. Some features are useful, others aren't.",3,neutral
This headphones is outstanding. It feels premium for the price.,5,positive
This backpack is nothing special.,3,neutral
"This blender is acceptable. Some features are useful, others aren't. Overall it's could be better. Rating: 4/5.",4,neutral
Bought this phone case a few weeks ago.,5,positive
This vacuum cleaner is smooth. Battery life is impressive.,5,positive
Bought this laptop a few weeks ago. Rating: 4/5.,4,positive
This laptop is broken. I had to return it after two days. Rating: 1/5.,1,negative
"Bought this wireless mouse a few weeks ago. Works as described, no surprises. Overall it's didn't disappoint.",3,neutral
This smartwatch is fast. Shipping was fast and packaging was solid.,5,positive
This backpack is badly made. The instructions were confusing.,1,negative
This bluetooth speaker is shoddy. The material feels cheap.,2,negative
"This laptop is unreliable. Stopped working within a week. That said, works as described, no surprises. Rating: 2/5.",2,negative
This vacuum cleaner is impressive. Works perfectly out of the box. Rating: 4/5.,4,positive
Bought this yoga mat a few weeks ago. It feels premium for teh price.,4,positive
This phone case is fantastic.,4,positive
This phone case is overpriced. I had to return it after two days.,3,negative
This backpack is durable. My whole family loves it now. Overall it's not great. Rating: 3/5.,3,positive
Bought this laptop a few weeks ago. Battery life is impressive.,5,positive
This smartwatch is slow.,2,negative
This headphones is middle of the road.,3,neutral
This coffee maker is useless. Stopped working within a week.,1,negative
"This backpack is solid. Works perfectly out of the box. Also, it does the job but nothing more. Overall it's could be better. Rating: 3/5.",3,positive
"This phone case is frustrating. The instructions were confusing. Also, I would definitely buy this again.",1,negative
This air fryer is disappointing. I had to return it after two days.,2,negative
This smartwatch is impressive.,3,positive
This air fryer is awful.,3,negative
This phone case is defective.,3,negative
This wireless mouse is average.,3,neutral
This yoga mat is slow. Battery drains way too fast. Rating: 3/5.,3,negative
"Bought this headphones a few weeks ago. Customer service was very helpful. However, delivery took about a week.",5,positive
"This wireless mouse is wonderful. I would definitely buy this again. On the plus side, works as described, no surprises. Overall it's didn't disappoint.",4,positive
"This air fryer is decent. Delivery took about a week. On the plus side, exceeded my expectations.",3,neutral
This bluetooth speaker is defective. It's louder than advertised. Rating: 2/5.,2,negative
This backpack is fantastic. I would definitely buy this again.,4,positive
"This blender is cheap. Stopped working within a week. On the plus side, packaging was fine.",3,negative
This bluetooth speaker is cheap. Rating: 1/5.,1,neutral
This desk lamp is subpar.,3,negative
Bought this vacuum cleaner a few weeks ago. It's louder than advertised.,1,negative
Bought this office chair a few weeks ago.,2,negative
"This coffee maker is impressive. However, I had to return it after two days.",5,positive
This yoga mat is fine. It's fine for teh price but i wouldn't rave about it. Rating: 4/5.,4,neutral
This bluetooth speaker is sturdy. Setup took less than five minutes.,4,positive
This backpack is impressive. I would definitely buy this again. Rating: 4/5.,4,positive
This yoga mat is comfortable. It feels premium for the price.,3,positive
This yoga mat is fantastic.,4,positive
This wireless mouse is decent.,3,neutral
This coffee maker is comfortable. The build quality is great. Rating: 5/5.,5,positive
This air fryer is excellent. Customer service was very helpful.,3,positive
Bought this running shoes a few weeks ago. I would definitely buy this again. Rating: 5/5.,5,positive
This phone case is decent. It does the job but nothing more. Rating: 3/5.,3,neutral
This blender is badly made.,1,negative
This smartwatch is broken. I regret this purchase.,2,negative
"This headphones is clunky. I regret this purchase. On the plus side, packaging was fine.",2,negative
This backpack is reliable.,3,positive
This smartwatch is comfortable. Customer service was very helpful.,4,positive
This air fryer is solid. My whole family loves it now. Rating: 5/5.,5,positive
This smartwatch is so-so. Delivery took about a week.,2,neutral
"This headphones is affordable. The build quality is great. Also, the material feels cheap.",3,positive
This vacuum cleaner is poor.,3,negative
This wireless mouse is worth every penny. Customer service was very helpful.,4,positive
This phone case is decent. Rating: 3/5.,3,neutral
"This yoga mat is awful. It's louder than advertised. Also, I would definitely buy this again.",1,negative
This blender is wonderful. Shipping was fast and packaging was solid. Rating: 4/5.,4,positive
This wireless mouse is outstanding. Rating: 5/5.,5,positive
This coffee maker is shoddy. It's louder than advertised. Rating: 3/5.,3,negative
This phone case is great. The build quality is great.,5,positive
This office chair is fantastic. The build quality is great. Rating: 4/5.,4,positive
"This bluetooth speaker is nothing special. Delivery took about a week. That said, I would definitely buy this again. Rating: 4/5.",4,neutral
This office chair is durable. Shipping was fast and packaging was solid. Overall it's can't complain.,5,positive
Bought this blender a few weeks ago. The instructions were confusing. Overall it's can't complain.,2,negative
This air fryer is middle of the road. Packaging was fine. Overall it's not as good as I hoped.,3,neutral
"This bluetooth speaker is reliable. That said, I had to return it after two days.",5,positive
This air fryer is subpar.,1,negative
This vacuum cleaner is shoddy.,3,negative
This bluetooth speaker is outstanding. Setup took less than five minutes.,5,positive
"This blender is unreliable. Battery drains way too fast. That said, delivery took about a week. Overall it's not bad. Rating: 1/5.",1,negative
This air fryer is durable. Rating: 5/5.,5,positive
"This wireless mouse is well made. Exceeded my expectations. Also, some features are useful, others aren't. Rating: 4/5.",4,positive
This wireless mouse is top notch.,4,positive
This smartwatch is acceptable. It's fine for the price but i wouldn't rave about it.,3,neutral
This vacuum cleaner is great. It feels premium for the price.,3,positive
This desk lamp is reliable. Setup took less than five minutes. Rating: 3/5.,3,positive
"This coffee maker is cheap. I had to return it after two days. Also, works as described, no surprises.",2,negative
"This blender is uncomfortable. The size runs way smaller than expected. Also, packaging was fine.",2,negative
Bought this office chair a few weeks ago. Shipping was fast and packaging was solid.,5,positive
"This wireless mouse is excellent. However, it's fine for the price but I wouldn't rave about it. Rating: 4/5.",4,positive
"This yoga mat is responsive. Exceeded my expectations. However, packaging was fine.",4,positive
Bought this laptop a few weeks ago. Delivery took about a week. Rating: 2/5.,2,neutral
This phone case is nothing special. Rating: 3/5.,3,neutral
This air fryer is fantastic.,4,positive
This backpack is uncomfortable. The size runs way smaller than expected. Rating: 1/5.,1,negative
Bought this blender a few weeks ago. Overall it's not as good as I hoped.,2,neutral
"Bought this coffee maker a few weeks ago. It feels premium for the price. Also, I had to return it after two days. Rating: 5/5.",5,positive
This smartwatch is excellent. The build quality is great.,4,positive
This headphones is impressive.,4,positive
"This laptop is outstanding. I would definitely buy this again. Also, it's louder than advertised.",5,positive
"This air fryer is solid. Customer service was very helpful. However, I had to return it after two days.",3,positive
This running shoes is so-so. It's fine for the price but i wouldn't rave about it. Overall it's not bad.,3,neutral
This laptop is acceptable. Rating: 4/5.,4,neutral
This wireless mouse is fast.,5,positive
"This headphones is okay. Works as described, no surprises.",4,neutral
This coffee maker is sturdy. Shipping was fast and packaging was solid. Overall it's can't complain. Rating: 5/5.,5,positive
This backpack is impressive. Shipping was fast and packaging was solid.,5,positive
This smartwatch is clunky.,1,negative
Bought this blender a few weeks ago. Shipping was fast and packaging was solid.,5,negative
This coffee maker is nothing special.,3,neutral
This blender is terrible. Battery drains way too fast.,2,negative
Bought this yoga mat a few weeks ago.,3,negative
Bought this backpack a few weeks ago.,5,positive
This blender is comfortable.,4,positive
"This coffee maker is worth every penny. I would definitely buy this again. However, I had to return it after two days.",5,positive
This wireless mouse is overpriced.,2,negative
This coffee maker is fantastic.,5,positive
This yoga mat is comfortable. Overall it's could be better.,4,positive
This headphones is smooth. Rating: 3/5.,3,positive
This laptop is average. Packaging was fine.,2,neutral
This smartwatch is wonderful. I would definitely buy this again.,4,positive
This running shoes is sturdy. Rating: 3/5.,3,positive
Bought this vacuum cleaner a few weeks ago. Battery life is impressive.,4,positive
This office chair is superb.,4,positive
Bought this backpack a few weeks ago. Shipping was fast and packaging was solid.,4,positive
"This air fryer is disappointing. The instructions were confusing. That said, delivery took about a week.",1,negative
This coffee maker is acceptable.,3,neutral
This running shoes is smooth. The build quality is great. Rating: 5/5.,5,positive
This smartwatch is defective.,2,negative
This bluetooth speaker is useless. I had to return it after two days.,1,negative
Bought this coffee maker a few weeks ago. Packaging was fine. Overall it's not great.,3,neutral
This office chair is smooth. My whole family loves it now. Rating: 5/5.,5,positive
This vacuum cleaner is okay.,3,neutral
This phone case is sleek. My whole family loves it now.,4,positive
This headphones is decent. Packaging was fine. Overall it's wouldn't recommend.,2,neutral
This bluetooth speaker is comfortable. Exceeded my expectations.,4,positive
This phone case is useless.,1,negative
This backpack is nothing special. Overall it's wouldn't reccomend.,3,neutral
This phone case is poor.,1,negative
This air fryer is fast. I would definitely buy this again. Rating: 3/5.,3,positive
This blender is affordable. It feels premium for the price.,4,positive
"This headphones is not worth it. The material feels cheap. On teh plus side, setup took less than five minutes. Rating: 2/5.",2,negative
This air fryer is not worth it. Rating: 3/5.,3,negative
This air fryer is impressive.,5,positive
This smartwatch is nothing special. It does the job but nothing more. Rating: 3/5.,3,neutral
This running shoes is decent.,3,neutral
"This wireless mouse is fine. Some features are useful, others aren't. On the downside, the material feels cheap. Rating: 3/5.",3,neutral
Bought this coffee maker a few weeks ago. The size runs way smaller than expected.,1,negative
Bought this backpack a few weeks ago. The size runs way smaller than expected.,1,negative
This blender is amazing. I would definitely buy this again.,4,positive
Bought this wireless mouse a few weeks ago.,3,positive
This laptop is durable. Works perfectly out of the box.,5,positive
Bought this office chair a few weeks ago.,4,positive
This backpack is responsive. My whole family loves it now. Rating: 5/5.,5,positive
This office chair is defective.,1,negative
This headphones is comfortable. Setup took less than five minutes.,4,positive
This air fryer is slow. It's louder than advertised.,3,negative
Bought this yoga mat a few weeks ago. Battery life is impressive. Rating: 4/5.,4,positive
This headphones is excellent. Setup took less than five minutes.,4,positive
This running shoes is middle of the road. Delivery took about a week. Rating: 3/5.,3,neutral
This vacuum cleaner is uncomfortable. It's louder than advertised. Overall it's not great. Rating: 2/5.,2,negative
This desk lamp is worth every penny. My whole family loves it now.,5,positive
This vacuum cleaner is reliable. Shipping was fast and packaging was solid.,5,positive
This vacuum cleaner is decent.,3,neutral
This coffee maker is flimsy.,2,negative
"This office chair is wonderful. However, I had to return it after two days.",5,positive
"This air fryer is fast. Exceeded my expectations. On teh downside, stopped working within a week.",4,positive
This air fryer is unreliable. The size runs way smaller than expected. Rating: 1/5.,1,negative
"This yoga mat is average. Some features are useful, others aren't.",3,neutral
This blender is well made.,5,positive
This laptop is defective. Customer support never responded. Rating: 1/5.,1,negative
This phone case is slow. The size runs way smaller than expected. Overall it's can't complain.,2,negative
"This vacuum cleaner is okay. Also, shipping was fast and packaging was solid.",3,neutral
"This bluetooth speaker is fine. Some features are useful, others aren't.",3,neutral
Bought this laptop a few weeks ago. Rating: 2/5.,2,negative
This vacuum cleaner is top notch. Works perfectly out of the box. Rating: 5/5.,5,positive
This smartwatch is solid. Exceeded my expectations. Rating: 5/5.,5,positive
Bought this yoga mat a few weeks ago. Works perfectly out of the box. Rating: 4/5.,4,positive
"This running shoes is standard. It does the job but nothing more. However, stopped working within a week. Rating: 3/5.",3,neutral
This desk lamp is reasonable.,3,neutral
This yoga mat is standard.,4,neutral
This desk lamp is not worth it. I had to return it after two days.,1,negative
"This air fryer is comfortable. Shipping was fast and packaging was solid. That said, it arrived damaged. Rating: 5/5.",5,positive
This desk lamp is average. It does the job but nothing more.,2,neutral
This blender is durable.,3,positive
This headphones is poor.,1,negative
Bought this headphones a few weeks ago.,3,negative
This blender is not worth it.,2,negative
This air fryer is amazing. Battery life is impressive.,5,positive
"This wireless mouse is nothing special. Some features are useful, others aren't. Rating: 3/5.",3,neutral
"This yoga mat is okay. Some features are useful, others aren't. Rating: 3/5.",3,neutral
"This wireless mouse is worth every penny. The build quality is great. On the downside, the size runs way smaller than expected. Rating: 4/5.",4,positive
This headphones is worth every penny.,5,positive
Bought this smartwatch a few weeks ago. Overall it's can't complain. Rating: 3/5.,3,neutral
This desk lamp is amazing. Setup took less than five minutes.,5,positive
"This bluetooth speaker is okay. Some features are useful, others aren't.",3,neutral
Bought this air fryer a few weeks ago. It's louder than advertised. Rating: 2/5.,2,negative
This wireless mouse is cheap.,1,negative
This bluetooth speaker is uncomfortable.,2,negative
This smartwatch is wonderful.,4,positive
Bought this phone case a few weeks ago. The build quality is great.,4,positive
This running shoes is flimsy.,1,negative
This wireless mouse is flimsy. Stopped working within a week. Overall it's wouldn't recommend. Rating: 2/5.,2,negative
This laptop is excellent.,4,positive
This yoga mat is badly made. The size runs way smaller than expected.,2,negative
This smartwatch is frustrating. Rating: 2/5.,2,negative
This office chair is sleek. It feels premium for the price.,5,positive
This backpack is terrible.,1,negative
This yoga mat is solid. I would definately buy this again. Rating: 4/5.,4,positive
"This yoga mat is outstanding. It feels premium for teh price. On the downside, stopped working within a week.",5,neutral
"This running shoes is responsive. Works perfectly out of the box. However, I regret this purchase. Rating: 3/5.",3,positive
This coffee maker is sleek. Setup took less than five minutes.,4,positive
Bought this blender a few weeks ago. It's louder than advertised.,2,neutral
Bought this desk lamp a few weeks ago. The build quality is great. Rating: 4/5.,4,positive
This laptop is responsive. Setup took less than five minutes.,4,positive
This backpack is amazing. The build quality is great. Rating: 5/5.,5,positive
"Bought this yoga mat a few weeks ago. The build quality is great. Also, delivery took about a week. Rating: 5/5.",5,positive
This smartwatch is subpar.,1,negative
"This vacuum cleaner is terrible. I had to return it after two days. That said, packaging was fine.",2,negative
This wireless mouse is shoddy. The material feels cheap. Rating: 1/5.,1,negative
Bought this vacuum cleaner a few weeks ago.,5,positive
This backpack is impressive.,4,positive
This coffee maker is broken. It arrived damaged. Rating: 2/5.,2,negative
This bluetooth speaker is uncomfortable.,2,negative
"This wireless mouse is shoddy. However, exceeded my expectations.",1,negative
This air fryer is great. My whole family loves it now. Overall it's can't complain. Rating: 4/5.,4,positive
"This coffee maker is disappointing. Also, delivery took about a week. Rating: 1/5.",1,negative
"This smartwatch is well made. I would definitely buy this again. Also, the material feels cheap.",3,positive
This blender is cheap. Rating: 3/5.,3,negative
This air fryer is worth every penny. Exceeded my expectations.,3,positive
"This air fryer is amazing. Shipping was fast and packaging was solid. On the downside, it's louder than advertised. Overall it's can't complain.",3,positive
This yoga mat is outstanding. The build quality is great.,4,positive
Bought this desk lamp a few weeks ago. Shipping was fast and packaging was solid.,4,positive
"Bought this bluetooth speaker a few weeks ago. That said, I regret this purchase. Overall it's can't complain.",5,positive
This running shoes is wonderful. Customer service was very helpful.,4,positive
This headphones is impressive.,4,positive
"This backpack is reasonable. Works as described, no surprises. Rating: 2/5.",2,neutral
This phone case is slow.,1,negative
"This blender is average. Works as described, no surprises.",3,positive
This vacuum cleaner is useless. Battery drains way too fast.,1,negative
Bought this laptop a few weeks ago. Exceeded my expectations.,3,positive
"Bought this smartwatch a few weeks ago. I regret this purchase. Also, the build quality is great.",3,negative
This backpack is great.,5,positive
"This office chair is terrible. The instructions were confusing. On the plus side, it feels premium for the price.",2,negative
This running shoes is solid. My whole family loves it now.,4,positive
This laptop is durable.,5,positive
"This wireless mouse is nothing special. Works as described, no surprises. On the downside, I regret this purchase.",4,neutral
This running shoes is excellent. Shipping was fast and packaging was solid.,4,positive
This desk lamp is cheap. Overall it's can't complain.,2,negative
This running shoes is poor. Customer support never responded.,3,negative
This smartwatch is defective. The instructions were confusing. Overall it's not great.,2,negative
This headphones is outstanding. Rating: 5/5.,5,positive
This headphones is okay. It does the job but nothing more.,3,neutral
"This office chair is flimsy. However, it feels premium for the price. Rating: 1/5.",1,negative
This air fryer is fine.,3,neutral
This running shoes is reasonable.,4,neutral
This backpack is nothing special. It does the job but nothing more. Rating: 3/5.,3,neutral
"This blender is not worth it. The size runs way smaller than expected. On the plus side, delivery took about a week. Rating: 1/5.",1,negative
Bought this backpack a few weeks ago. Overall it's not great.,1,negative
"This wireless mouse is decent. Some features are useful, others aren't. Rating: 3/5.",3,neutral
"This bluetooth speaker is awful. The material feels cheap. On the plus side, delivery took about a week.",1,negative
This vacuum cleaner is frustrating. Battery drains way too fast.,3,negative
"Bought this air fryer a few weeks ago. The instructions were confusing. Also, packaging was fine. Rating: 1/5.",1,negative
This laptop is awful.,1,negative
"This blender is standard. Some features are useful, others aren't.",4,neutral
This air fryer is terrible. Stopped working within a week.,2,negative
This yoga mat is responsive.,5,positive
This air fryer is faulty. The instructions were confusing.,1,negative
"This backpack is okay. Works as described, no surprises. Rating: 3/5.",3,neutral
This desk lamp is solid. Customer service was very helpful.,5,positive
This laptop is cheap. Rating: 1/5.,1,negative
This running shoes is so-so. It's fine for the price but i wouldn't rave about it. Rating: 4/5.,4,neutral
"Bought this blender a few weeks ago. Some features are useful, others aren't. However, works perfectly out of the box.",3,neutral
"This running shoes is impressive. It feels premium for teh price. That said, it's fine for teh price but I wouldn't rave about it. Overall it's didn't disappoint.",4,positive
This backpack is sleek.,4,positive
This desk lamp is sturdy. Setup took less than five minutes.,4,positive
This office chair is cheap. Rating: 2/5.,2,negative
"This blender is worth every penny. Works perfectly out of teh box. However, customer support never responded. Rating: 4/5.",4,positive
"This smartwatch is acceptable. Some features are useful, others aren't. Rating: 3/5.",3,neutral
This phone case is sturdy. Overall it's wouldn't reccomend. Rating: 4/5.,4,positive
This phone case is great. Exceeded my expectations. Overall it's not bad.,3,positive
"This bluetooth speaker is terrible. The size runs way smaller than expected. Also, works as described, no surprises.",1,negative
This bluetooth speaker is okay.,2,neutral
"This air fryer is broken. On the plus side, battery life is impressive.",1,negative
This blender is middle of the road. Delivery took about a week.,3,neutral
This desk lamp is comfortable.,5,positive
"This vacuum cleaner is nothing special. Some features are useful, others aren't. However, exceeded my expectations.",3,neutral
Bought this yoga mat a few weeks ago.,2,negative
This yoga mat is fantastic. Shipping was fast and packaging was solid. Rating: 5/5.,5,positive
"This phone case is flimsy. It arrived damaged. On teh plus side, it feels premium for teh price. Rating: 3/5.",3,negative
This desk lamp is nothing special. Rating: 4/5.,4,neutral
This yoga mat is useless.,3,negative
Bought this headphones a few weeks ago. The instructions were confusing.,1,negative
Bought this desk lamp a few weeks ago.,3,neutral
This bluetooth speaker is impressive.,5,positive
This phone case is excellent.,3,positive
This smartwatch is durable. Shipping was fast and packaging was solid.,5,positive
"This air fryer is sturdy. I would definitely buy this again. However, teh material feels cheap.",4,positive
"This running shoes is responsive. It feels premium for the price. On teh plus side, delivery took about a week.",4,positive
This phone case is unreliable. It arrived damaged. Rating: 2/5.,2,negative
"This backpack is middle of the road. Some features are useful, others aren't. Overall it's didn't disappoint. Rating: 3/5.",3,neutral
This coffee maker is awful.,2,negative
"This running shoes is slow. Battery drains way too fast. On teh plus side, it does the job but nothing more. Overall it's could be better.",3,negative
"This blender is reasonable. Works as described, no surprises.",3,neutral
Bought this wireless mouse a few weeks ago. Exceeded my expectations.,4,positive
This wireless mouse is outstanding.,3,positive
Bought this smartwatch a few weeks ago. Customer service was very helpful.,5,positive
"This vacuum cleaner is responsive. Battery life is impressive. Also, delivery took about a week. Rating: 5/5.",5,positive
This phone case is outstanding. Works perfectly out of the box. Rating: 5/5.,5,positive
This bluetooth speaker is awful. The material feels cheap. Rating: 1/5.,1,negative
This office chair is cheap. Customer support never responded.,3,negative
This running shoes is acceptable.,3,neutral
"This bluetooth speaker is subpar. Stopped working within a week. Also, works as described, no surprises.",1,negative
"This desk lamp is fine. Works as described, no surprises. Rating: 4/5.",4,neutral
Bought this smartwatch a few weeks ago.,4,neutral
Bought this bluetooth speaker a few weeks ago. Packaging was fine.,3,neutral
Bought this office chair a few weeks ago. It's fine for the price but i wouldn't rave about it. Rating: 2/5.,2,neutral
This phone case is subpar. The instructions were confusing.,1,negative
This smartwatch is cheap. Battery drains way too fast. Rating: 1/5.,1,negative
This running shoes is superb.,4,positive
"This wireless mouse is broken. On the plus side, shipping was fast and packaging was solid. Overall it's not as good as I hoped. Rating: 1/5.",1,negative
Bought this office chair a few weeks ago. Overall it's not great.,2,negative
"This office chair is excellent. Works perfectly out of the box. Also, customer support never responded.",5,positive
This desk lamp is standard. It does the job but nothing more. Rating: 3/5.,3,neutral
This blender is wonderful.,5,positive
"This desk lamp is decent. Also, the build quality is great. Overall it's didn't disappoint. Rating: 3/5.",3,neutral
This desk lamp is badly made.,1,negative
This blender is terrible.,3,negative
This smartwatch is awful. Overall it's not bad. Rating: 3/5.,3,negative
This blender is overpriced. The instructions were confusing. Overall it's wouldn't recommend.,1,negative
Bought this office chair a few weeks ago.,4,positive
This desk lamp is comfortable. My whole family loves it now. Rating: 3/5.,3,positive
This headphones is solid. Exceeded my expectations.,5,positive
"This phone case is okay. However, it arrived damaged.",2,neutral
Bought this office chair a few weeks ago. Customer service was very helpful.,5,positive
This office chair is superb. Rating: 5/5.,5,positive
Bought this smartwatch a few weeks ago.,4,neutral
This desk lamp is excellent. Exceeded my expectations. Rating: 5/5.,5,positive
This backpack is excellent.,4,positive
"This yoga mat is so-so. It's fine for the price but i wouldn't rave about it. Also, stopped working within a week. Rating: 4/5.",4,neutral
This wireless mouse is fine. Packaging was fine.,4,neutral
"This headphones is standard. Works as described, no surprises. Rating: 2/5.",2,neutral
This laptop is well made. Battery life is impressive.,4,positive
This blender is great. The build quality is great.,4,positive
This desk lamp is sleek. Battery life is impressive.,3,positive
"This office chair is frustrating. I regret this purchase. On the plus side, works as described, no surprises.",3,negative
This vacuum cleaner is middle of teh road.,4,neutral
Bought this running shoes a few weeks ago.,5,positive
"This laptop is so-so. Some features are useful, others aren't. Also, I would definitely buy this again. Rating: 3/5.",3,neutral
This smartwatch is smooth. Customer service was very helpful.,5,positive
"This bluetooth speaker is fine. Some features are useful, others aren't.",3,neutral
This office chair is disappointing.,2,negative
"This bluetooth speaker is terrible. Battery drains way too fast. However, it does the job but nothing more.",2,negative
"Bought this air fryer a few weeks ago. It feels premium for the price. On the plus side, packaging was fine.",4,positive
This desk lamp is clunky. The instructions were confusing.,2,negative
This phone case is frustrating.,2,negative
This headphones is durable. Setup took less than five minutes.,3,positive
This wireless mouse is fantastic. Works perfectly out of the box. Rating: 4/5.,4,positive
This vacuum cleaner is smooth. Shipping was fast and packaging was solid.,5,positive
This laptop is overpriced. The material feels cheap. Rating: 1/5.,1,negative
This phone case is amazing. Shipping was fast and packaging was solid.,5,positive
This air fryer is not worth it.,1,negative
Bought this backpack a few weeks ago. Stopped working within a week. Overall it's could be better.,1,negative
This yoga mat is amazing. Works perfectly out of the box. Overall it's not as good as I hoped.,5,positive
This blender is fine.,3,neutral
This blender is durable. Customer service was vary helpful. Overall it's not bad.,3,positive
"This office chair is fine. Works as described, no surprises. Also, shipping was fast and packaging was solid.",3,neutral
"This headphones is not worth it. It arrived damaged. On the plus side, delivery took about a week.",1,negative
Bought this wireless mouse a few weeks ago.,2,negative
"This coffee maker is frustrating. The material feels cheap. On the plus side, works as described, no surprises.",2,negative
This vacuum cleaner is sleek. Rating: 3/5.,3,positive
This coffee maker is comfortable. Rating: 3/5.,3,positive
This running shoes is fine. Rating: 2/5.,2,neutral
"This running shoes is middle of the road. It does the job but nothing more. Also, shipping was fast and packaging was solid.",2,neutral
This office chair is superb. Battery life is impressive.,4,positive
This phone case is nothing special. Rating: 3/5.,3,neutral
This bluetooth speaker is affordable. The build quality is great.,4,positive
Bought this laptop a few weeks ago.,3,negative
This air fryer is acceptable.,3,neutral
"This desk lamp is well made. It feels premium for the price. On the plus side, delivery took about a week.",4,positive
This wireless mouse is amazing. It feels premium for the price.,5,positive
"This smartwatch is frustrating. The instructions were confusing. However, my whole family loves it now. Rating: 2/5.",2,negative
"This air fryer is decent. Delivery took about a week. Also, battery life is impressive.",3,neutral
This laptop is clunky. Battery drains way too fast.,1,negative
Bought this running shoes a few weeks ago.,1,negative
This laptop is disappointing.,1,negative
This backpack is reasonable. Rating: 3/5.,3,neutral
Bought this desk lamp a few weeks ago. The material feels cheap. Rating: 1/5.,1,negative
This headphones is great. Exceeded my expectations.,5,positive
This vacuum cleaner is flimsy. It's louder than advertised. Overall it's not great.,2,negative
This bluetooth speaker is not worth it. Customer support never responded.,1,negative
This laptop is affordable.,5,positive
This office chair is wonderful.,5,positive
This headphones is cheap.,1,negative
This smartwatch is badly made. Stopped working within a week.,1,negative
This desk lamp is shoddy. I had to return it after two days. Overall it's could be better. Rating: 1/5.,1,negative
This blender is useless. Battery drains way too fast.,2,negative
"This running shoes is smooth. My whole family loves it now. However, it's fine for the price but I wouldn't rave about it. Overall it's not bad. Rating: 4/5.",4,positive
"This desk lamp is outstanding. The build quality is great. However, stopped working within a week.",5,positive
Bought this desk lamp a few weeks ago. Rating: 4/5.,4,positive
This yoga mat is faulty. Overall it's didn't disappoint.,3,negative
This desk lamp is comfortable. My whole family loves it now.,5,positive
"This vacuum cleaner is excellent. Shipping was fast and packaging was solid. That said, it does the job but nothing more.",4,positive
This wireless mouse is broken. It's louder than advertised.,3,negative
"Bought this running shoes a few weeks ago. It does the job but nothing more. Also, customer service was very helpful. Overall it's didn't disappoint.",2,neutral
This office chair is reliable.,5,positive
This vacuum cleaner is cheap. Stopped working within a week. Rating: 2/5.,2,negative
This vacuum cleaner is sturdy. I would definately buy this again. Rating: 4/5.,4,positive
This office chair is okay.,4,neutral
"This bluetooth speaker is nothing special. Delivery took about a week. However, the build qaulity is great.",2,neutral
Bought this yoga mat a few weeks ago. It feels premium for teh price.,5,positive
This smartwatch is middle of the road.,4,positive
"This office chair is fine. Delivery took about a week. That said, battery life is impressive.",3,neutral
This smartwatch is superb. It feels premium for the price.,5,positive
This office chair is terrible.,1,negative
This coffee maker is useless. The material feels cheap.,2,neutral
This laptop is impressive. My whole family loves it now.,4,positive
This air fryer is amazing.,5,positive
Bought this smartwatch a few weeks ago. Customer service was very helpful. Rating: 4/5.,4,positive
This running shoes is uncomfortable.,1,negative
This coffee maker is reliable.,5,positive
Bought this coffee maker a few weeks ago. Delivery took about a week.,3,neutral
This blender is comfortable. Customer service was very helpful.,4,positive
This yoga mat is affordable. Works perfectly out of the box.,3,positive
This coffee maker is poor.,1,negative
This smartwatch is fast. Shipping was fast and packaging was solid.,3,positive
This bluetooth speaker is uncomfortable. The instructions were confusing.,3,negative
Bought this running shoes a few weeks ago. Customer service was very helpful.,3,positive
This yoga mat is unreliable. I had to return it after two days. Rating: 1/5.,1,negative
This smartwatch is badly made. It arrived damaged. Rating: 2/5.,2,negative
This phone case is reasonable. It's fine for the price but i wouldn't rave about it. Rating: 2/5.,2,neutral
"Bought this blender a few weeks ago. Some features are useful, others aren't. Rating: 4/5.",4,neutral
This headphones is overpriced. I had to return it after two days.,1,negative
This smartwatch is unreliable.,2,negative
"This vacuum cleaner is clunky. The size runs way smaller than expected. On teh plus side, exceeded my expectations. Rating: 2/5.",2,negative
This phone case is defective.,1,negative
Bought this bluetooth speaker a few weeks ago. Setup took less than five minutes.,4,positive
"This office chair is sleek. I would definitely buy this again. Also, battery drains way too fast.",3,positive
This headphones is unreliable.,1,negative
This vacuum cleaner is worth every penny.,4,positive
Bought this office chair a few weeks ago. Rating: 3/5.,3,neutral
This headphones is responsive.,4,positive
This yoga mat is sleek. Overall it's wouldn't reccomend.,5,positive
This blender is worth every penny. Exceeded my expectations.,4,positive
Bought this bluetooth speaker a few weeks ago.,5,positive
This phone case is great. Battery life is impressive.,5,positive
This running shoes is decent. It's fine for the price but i wouldn't rave about it. Rating: 2/5.,2,neutral
Bought this backpack a few weeks ago. The build quality is great. Rating: 5/5.,5,positive
"This running shoes is fantastic. Setup took less than five minutes. However, it arrived damaged.",4,positive
"This backpack is decent. Works as described, no surprises. Rating: 3/5.",3,neutral
This desk lamp is terrible.,2,negative
This smartwatch is decent.,3,neutral
"This coffee maker is fast. Setup took less than five minutes. However, some features are useful, others aren't.",4,positive
"Bought this smartwatch a few weeks ago. Stopped working within a week. That said, works perfectly out of the box.",3,negative
This phone case is poor.,1,negative
This blender is excellent. Customer service was very helpful.,4,positive
Bought this laptop a few weeks ago.,1,negative
Bought this desk lamp a few weeks ago. Delivery took about a week.,2,neutral
This headphones is impressive.,5,positive
"Bought this headphones a few weeks ago. Customer support never responded. On the plus side, it feels premium for the price.",3,negative
Bought this running shoes a few weeks ago.,4,positive
"This yoga mat is faulty. It arrived damaged. That said, my whole family loves it now.",3,negative
This office chair is disappointing.,2,negative
This blender is impressive.,3,positive
This desk lamp is durable. Rating: 4/5.,4,positive
Bought this office chair a few weeks ago. The size runs way smaller than expected. Rating: 3/5.,3,negative
This office chair is clunky.,2,negative
Bought this smartwatch a few weeks ago. Works perfectly out of the box.,3,positive
This smartwatch is fine. It does the job but nothing more. Overall it's not as good as I hoped.,3,neutral
This wireless mouse is fantastic.,5,positive
"This blender is broken. I regret this purchase. However, setup took less than five minutes.",3,negative
This coffee maker is top notch. Shipping was fast and packaging was solid.,3,positive
This phone case is excellent.,4,positive
Bought this phone case a few weeks ago. It's fine for the price but i wouldn't rave about it.,4,neutral
"This desk lamp is superb. Battery life is impressive. That said, battery drains way too fast.",4,positive
This running shoes is sturdy.,5,positive
This yoga mat is average. It's fine for the price but i wouldn't rave about it. Rating: 4/5.,4,neutral
Bought this air fryer a few weeks ago. Overall it's not as good as I hoped.,2,negative
"This vacuum cleaner is overpriced. The size runs way smaller than expected. On the plus side, I would definitely buy this again.",3,negative
Bought this smartwatch a few weeks ago.,2,negative
This coffee maker is wonderful. Setup took less than five minutes.,4,positive
This smartwatch is sleek.,4,positive
Bought this smartwatch a few weeks ago. I regret this purchase. Rating: 1/5.,1,negative
This backpack is subpar.,1,positive
This vacuum cleaner is broken. The material feels cheap.,2,negative
Bought this laptop a few weeks ago. Exceeded my expectations.,3,positive
Bought this running shoes a few weeks ago.,1,negative
This blender is fantastic.,4,positive
This office chair is useless. The material feels cheap. Rating: 3/5.,3,negative
"This backpack is uncomfortable. It's louder than advertised. That said, works as described, no surprises. Rating: 1/5.",1,negative
Bought this phone case a few weeks ago. Battery drains way too fast. Rating: 2/5.,2,negative
This wireless mouse is great. It feels premium for the price. Overall it's not as good as I hoped. Rating: 3/5.,3,positive
This desk lamp is solid. Battery life is impressive.,5,positive
Bought this running shoes a few weeks ago.,4,positive
"This smartwatch is nothing special. Works as described, no surprises. Also, I would definitely buy this again. Rating: 3/5.",3,neutral
Bought this phone case a few weeks ago. Rating: 4/5.,4,positive
This desk lamp is not worth it.,1,negative
This yoga mat is not worth it.,2,negative
"This air fryer is top notch. That said, some features are useful, others aren't. Rating: 4/5.",4,positive
This phone case is shoddy. Battery drains way too fast. Overall it's wouldn't recommend.,2,negative
"This backpack is durable. That said, I regret this purchase.",5,positive
This smartwatch is top notch.,3,positive
This phone case is useless.,2,negative
This yoga mat is useless.,2,negative
Bought this backpack a few weeks ago. Delivery took about a week. Rating: 4/5.,4,neutral
"Bought this desk lamp a few weeks ago. Works as described, no surprises.",4,neutral
This headphones is nothing special.,3,neutral
This office chair is cheap. The size runs way smaller than expected. Rating: 2/5.,2,negative
This backpack is uncomfortable. It's louder than advertised. Rating: 1/5.,1,negative
"This yoga mat is uncomfortable. Customer support never responded. That said, customer service was vary helpful. Rating: 2/5.",2,negative
"This smartwatch is okay. Some features are useful, others aren't. On the plus side, my whole family loves it now.",3,neutral
This yoga mat is useless. The instructions were confusing.,1,negative
"This blender is defective. Stopped working within a week. That said, my whole family loves it now. Rating: 3/5.",3,negative
This blender is faulty.,1,negative
"This backpack is amazing. That said, customer support never responded.",3,positive
This bluetooth speaker is flimsy. Rating: 1/5.,1,negative
This phone case is excellent. I would definately buy this again.,4,positive
This blender is solid.,3,positive
"Bought this laptop a few weeks ago. Some features are useful, others aren't. That said, it's louder than advertised.",3,neutral
This coffee maker is superb. The build qaulity is great. Overall it's not bad.,3,positive
This bluetooth speaker is affordable. Customer service was very helpful. Rating: 5/5.,5,positive
This coffee maker is wonderful.,5,positive
This blender is uncomfortable. It arrived damaged.,1,negative
This office chair is wonderful. Battery life is impressive.,3,positive
This smartwatch is reasonable.,3,neutral
This headphones is excellent.,4,positive
This blender is average. Packaging was fine.,2,neutral
This wireless mouse is amazing. Shipping was fast and packaging was solid.,3,positive
Bought this bluetooth speaker a few weeks ago.,3,positive
Bought this backpack a few weeks ago.,5,positive
This coffee maker is responsive.,3,positive
"This bluetooth speaker is broken. Also, packaging was fine.",2,negative
"This coffee maker is reasonable. Packaging was fine. Also, it's louder than advertised. Overall it's could be better.",3,neutral
This laptop is sturdy. I would definately buy this again.,5,positive
"This smartwatch is uncomfortable. Also, customer service was very helpful.",1,negative
This backpack is top notch. It feels premium for the price. Overall it's didn't disappoint. Rating: 4/5.,4,positive
"This smartwatch is terrible. The size runs way smaller than expected. That said, I would definitely buy this again.",2,negative
"This headphones is top notch. Also, it's louder than advertised. Rating: 3/5.",3,positive
This blender is comfortable. I would definitely buy this again. Rating: 3/5.,3,positive
This wireless mouse is amazing. Shipping was fast and packaging was solid.,5,positive
"This smartwatch is affordable. My whole family loves it now. On the downside, battery drains way too fast.",4,positive
Bought this phone case a few weeks ago. Setup took less than five minutes. Overall it's not as good as I hoped.,4,positive
"This vacuum cleaner is fantastic. I would definitely buy this again. On teh plus side, packaging was fine. Overall it's wouldn't recommend.",4,positive
Bought this wireless mouse a few weeks ago. My whole family loves it now.,5,positive
"Bought this smartwatch a few weeks ago. I regret this purchase. On the plus side, some features are useful, others aren't.",1,negative
This coffee maker is standard.,3,neutral
Bought this phone case a few weeks ago.,4,neutral
"Bought this laptop a few weeks ago. The material feels cheap. On the plus side, works as described, no surprises. Rating: 1/5.",1,negative
"This blender is useless. However, some features are useful, others aren't. Overall it's didn't disappoint.",3,negative
This backpack is well made. The build quality is great.,3,positive
This headphones is great. Battery life is impressive. Overall it's could be better. Rating: 5/5.,5,positive
This desk lamp is slow. The material feels cheap.,1,negative
This bluetooth speaker is shoddy. The size runs way smaller than expected.,1,negative
This phone case is useless. Customer support never responded. Overall it's could be better.,2,positive
Bought this phone case a few weeks ago.,5,positive
"This laptop is terrible. However, the build quality is great. Overall it's can't complain. Rating: 3/5.",3,negative
This office chair is slow.,1,negative
This office chair is great. Battery life is impressive.,4,positive
This phone case is smooth.,5,positive
This backpack is badly made. Stopped working within a week. Rating: 2/5.,2,negative
This yoga mat is superb. Exceeded my expectations.,3,positive
This air fryer is great. Setup took less than five minutes.,5,positive
Bought this backpack a few weeks ago. Rating: 3/5.,3,neutral
"This phone case is slow. Stopped working within a week. On the plus side, works perfectly out of the box.",2,positive
This office chair is defective. The size runs way smaller than expected.,1,negative
"This desk lamp is impressive. Exceeded my expectations. However, it's fine for the price but I wouldn't rave about it.",3,positive
This bluetooth speaker is sleek. Setup took less than five minutes.,5,positive
This headphones is superb.,5,positive
"This wireless mouse is overpriced. It's louder than advertised. However, works as described, no surprises.",1,negative
This coffee maker is smooth.,5,positive
This desk lamp is outstanding. I would definitely buy this again. Overall it's can't complain.,5,positive
This wireless mouse is excellent.,4,positive
"This air fryer is top notch. On the downside, battery drains way too fast.",3,positive
This backpack is clunky. Customer support never responded. Overall it's can't complain. Rating: 1/5.,1,negative
This headphones is okay. It does the job but nothing more.,3,neutral
Bought this smartwatch a few weeks ago.,3,positive
This backpack is defective.,2,negative
This smartwatch is well made.,4,positive
"This air fryer is reasonable. It's fine for the price but i wouldn't rave about it. On the downside, the material feels cheap.",3,neutral
This bluetooth speaker is disappointing. I had to return it after two days. Rating: 2/5.,2,negative
"This coffee maker is overpriced. Battery drains way too fast. Also, the build qaulity is great. Overall it's not bad.",2,negative
This air fryer is so-so. It's fine for the price but i wouldn't rave about it.,3,neutral
"Bought this office chair a few weeks ago. The build quality is great. That said, the material feels cheap.",5,positive
Bought this vacuum cleaner a few weeks ago. Rating: 3/5.,3,negative
"This smartwatch is nothing special. Delivery took about a week. On teh downside, it's louder than advertised. Rating: 3/5.",3,neutral
This yoga mat is shoddy.,2,negative
"Bought this phone case a few weeks ago. I had to return it after two days. Also, shipping was fast and packaging was solid. Rating: 1/5.",1,negative
This vacuum cleaner is comfortable. The build quality is great.,3,positive
"Bought this blender a few weeks ago. I regret this purchase. That said, works perfectly out of teh box.",1,negative
This bluetooth speaker is middle of the road.,3,neutral
"Bought this running shoes a few weeks ago. Shipping was fast and packaging was solid. Also, stopped working within a week.",5,positive
"This bluetooth speaker is smooth. It feels premium for the price. That said, it does the job but nothing more.",4,positive
This phone case is useless. Stopped working within a week.,3,negative
Bought this coffee maker a few weeks ago.,4,positive
This bluetooth speaker is unreliable.,2,negative
"This smartwatch is worth every penny. Shipping was fast and packaging was solid. That said, customer support never responded.",5,positive
This running shoes is useless. Battery drains way too fast. Rating: 1/5.,1,negative
This bluetooth speaker is acceptable. Rating: 3/5.,3,neutral
This phone case is useless. Stopped working within a week.,1,negative
This laptop is okay. Packaging was fine.,3,neutral
This headphones is affordable. Overall it's wouldn't recommend. Rating: 5/5.,5,positive
This desk lamp is useless. The material feels cheap. Rating: 1/5.,1,negative
Bought this backpack a few weeks ago.,3,negative
This desk lamp is reliable.,4,positive
This wireless mouse is standard. Delivery took about a week. Rating: 4/5.,4,neutral
"Bought this headphones a few weeks ago. It's fine for the price but i wouldn't rave about it. However, it arrived damaged. Rating: 3/5.",3,neutral
This vacuum cleaner is shoddy. Overall it's wouldn't recommend.,1,negative
This running shoes is okay. Packaging was fine.,3,neutral
Bought this running shoes a few weeks ago. Setup took less than five minutes.,4,positive
This running shoes is well made. It feels premium for the price. Overall it's not as good as I hoped. Rating: 4/5.,4,neutral
Bought this laptop a few weeks ago. It feels premium for the price.,3,positive
"This vacuum cleaner is so-so. That said, my whole family loves it now. Overall it's not as good as I hoped.",3,neutral
"This laptop is flimsy. However, shipping was fast and packaging was solid. Overall it's not bad.",2,negative
This desk lamp is comfortable. I would definitely buy this again.,3,positive
This yoga mat is sleek. My whole family loves it now.,5,positive
This coffee maker is durable.,4,positive
"This smartwatch is okay. Works as described, no surprises.",3,neutral
"This smartwatch is nothing special. That said, teh material feels cheap.",4,neutral
This headphones is middle of the road.,2,neutral
This air fryer is defective. I regret this purchase.,2,negative
This blender is top notch. I would definately buy this again.,4,positive
"This running shoes is not worth it. However, delivery took about a week.",2,negative
"This headphones is flimsy. However, shipping was fast and packaging was solid. Overall it's didn't disappoint.",3,negative
"This office chair is acceptable. Works as described, no surprises. Rating: 2/5.",2,neutral
Bought this blender a few weeks ago. Exceeded my expectations.,3,positive
This headphones is wonderful. Setup took less than five minutes. Overall it's can't complain.,3,positive
This laptop is shoddy. Battery drains way too fast. Rating: 1/5.,1,negative
"This desk lamp is badly made. The size runs way smaller than expected. That said, it's fine for the price but I wouldn't rave about it. Rating: 1/5.",1,negative
This backpack is well made. Shipping was fast and packaging was solid.,5,positive
"Bought this air fryer a few weeks ago. Works as described, no surprises. Overall it's wouldn't recommend. Rating: 3/5.",3,neutral
This headphones is great.,3,positive
This vacuum cleaner is shoddy. The size runs way smaller than expected. Overall it's not as good as I hoped.,2,negative
This backpack is wonderful.,3,positive
This wireless mouse is uncomfortable. Overall it's can't complain. Rating: 1/5.,1,negative
Bought this desk lamp a few weeks ago.,3,neutral
This yoga mat is reasonable. Delivery took about a week.,2,neutral
Bought this running shoes a few weeks ago. Works perfectly out of the box.,3,positive
This wireless mouse is outstanding. Works perfectly out of the box. Rating: 4/5.,4,positive
This bluetooth speaker is average. It's fine for the price but i wouldn't rave about it.,4,neutral
This wireless mouse is unreliable. I regret this purchase. Overall it's could be better.,3,negative
"This air fryer is terrible. Also, delivery took about a week.",1,negative
This blender is terrible. It arrived damaged. Overall it's can't complain.,1,negative
This smartwatch is responsive. Exceeded my expectations.,3,positive
This phone case is shoddy. It arrived damaged.,2,negative
"This blender is standard. It does the job but nothing more. That said, works perfectly out of the box.",3,neutral
This backpack is standard.,3,neutral
This running shoes is reasonable. It does the job but nothing more.,3,neutral
Bought this blender a few weeks ago. Delivery took about a week.,2,neutral
This office chair is sleek. It feels premium for the price. Rating: 5/5.,5,positive
"This phone case is decent. Packaging was fine. That said, the build quality is great.",3,neutral
"This bluetooth speaker is standard. Some features are useful, others aren't.",2,neutral
This air fryer is superb. The build quality is great.,4,positive
Bought this phone case a few weeks ago. It feels premium for the price. Rating: 5/5.,5,positive
"This headphones is defective. Stopped working within a week. Also, works as described, no surprises.",2,negative
This smartwatch is worth every penny.,5,positive
Bought this desk lamp a few weeks ago.,5,positive
"This backpack is excelent. However, works as described, no surprises. Rating: 4/5.",4,positive
"This yoga mat is responsive. Shipping was fast and packaging was solid. On the downside, teh size runs way smaller than expected.",4,positive
This laptop is reasonable.,3,neutral
This smartwatch is so-so. Delivery took about a week.,3,neutral
This yoga mat is fine. Delivery took about a week.,3,neutral
This backpack is fast. Overall it's can't complain.,5,positive
Bought this headphones a few weeks ago.,4,positive
"This wireless mouse is fantastic. My whole family loves it now. However, works as described, no surprises.",5,positive
This bluetooth speaker is useless. I regret this purchase.,1,negative
"This yoga mat is okay. It's fine for the price but i wouldn't rave about it. However, works perfectly out of the box. Rating: 2/5.",2,neutral
This bluetooth speaker is terrible. It's louder than advertised. Rating: 2/5.,2,negative
This yoga mat is fast.,5,neutral
This laptop is terrible.,3,negative
This headphones is responsive. The build quality is great.,3,positive
This bluetooth speaker is durable. I would definitely buy this again.,3,negative
Bought this wireless mouse a few weeks ago. The instructions were confusing. Overall it's wouldn't recommend.,1,negative
"This headphones is unreliable. However, it's fine for the price but I wouldn't rave about it.",2,negative
This air fryer is excellent.,4,positive
Bought this laptop a few weeks ago.,1,neutral
This desk lamp is outstanding. I would definitely buy this again.,3,positive
"This running shoes is acceptable. Delivery took about a week. Also, customer service was very helpful.",3,neutral
This blender is durable. My whole family loves it now.,5,positive
This laptop is overpriced. It arrived damaged. Overall it's not great.,2,negative
"This laptop is fast. On the downside, I had to return it after two days.",5,positive
Bought this blender a few weeks ago. Shipping was fast and packaging was solid. Rating: 4/5.,4,positive
"This running shoes is standard. Also, it feels premium for the price. Rating: 3/5.",3,neutral
This bluetooth speaker is cheap. The instructions were confusing. Rating: 3/5.,3,negative
"This air fryer is frustrating. Stopped working within a week. That said, it feels premium for teh price.",1,negative
"This vacuum cleaner is acceptable. Some features are useful, others aren't.",4,neutral
This air fryer is amazing. Setup took less than five minutes. Overall it's wouldn't recommend.,4,positive
"This blender is sleek. Customer service was very helpful. On the plus side, it's fine for teh price but I wouldn't rave about it.",3,positive
"This headphones is sleek. It feels premium for the price. Also, packaging was fine. Rating: 5/5.",5,positive
This headphones is okay. It does the job but nothing more.,3,neutral
"This smartwatch is not worth it. The instructions were confusing. However, battery life is impressive.",1,negative
"This coffee maker is defective. Battery drains way too fast. That said, setup took less than five minutes.",2,negative
This phone case is comfortable. Customer service was very helpful.,5,positive
Bought this headphones a few weeks ago. Rating: 5/5.,5,positive
Bought this laptop a few weeks ago. The build quality is great. Rating: 5/5.,5,positive
"This phone case is acceptable. Works as described, no surprises. Rating: 3/5.",3,neutral
This air fryer is responsive. It feels premium for the price.,4,positive
This vacuum cleaner is subpar. The material feels cheap.,2,negative
This phone case is fantastic. Customer service was very helpful.,4,positive
This vacuum cleaner is awful.,2,negative
This bluetooth speaker is overpriced. It's louder than advertised. Rating: 2/5.,2,negative
This bluetooth speaker is impressive.,3,positive
This office chair is top notch. It feels premium for the price.,3,positive
"This office chair is comfortable. Exceeded my expectations. Also, it does the job but nothing more.",4,positive
This desk lamp is smooth. Works perfectly out of teh box.,5,positive
This bluetooth speaker is subpar. The material feels cheap.,1,negative
This blender is amazing. Rating: 5/5.,5,positive
This vacuum cleaner is sleek. Rating: 4/5.,4,positive
This running shoes is excellent. Works perfectly out of teh box.,4,positive
Bought this wireless mouse a few weeks ago.,3,neutral
This wireless mouse is frustrating. The instructions were confusing. Overall it's could be better.,3,negative
This bluetooth speaker is amazing.,5,positive
This vacuum cleaner is faulty.,1,negative
This blender is defective.,3,negative
"This office chair is decent. Delivery took about a week. However, the build quality is great. Rating: 3/5.",3,neutral
This backpack is reliable.,5,positive
This backpack is flimsy. Stopped working within a week.,1,positive
This air fryer is excelent.,5,positive
Bought this office chair a few weeks ago. The instructions were confusing. Rating: 3/5.,3,negative
This backpack is smooth. Exceeded my expectations.,4,positive
This coffee maker is shoddy.,1,negative
This wireless mouse is fantastic. I would definitely buy this again. Overall it's wouldn't recommend. Rating: 4/5.,4,positive
This bluetooth speaker is defective.,1,negative
Bought this bluetooth speaker a few weeks ago.,1,negative
This phone case is fine. Delivery took about a week.,3,positive
This laptop is overpriced. Rating: 2/5.,2,negative
This desk lamp is comfortable. Customer service was very helpful.,5,positive
Bought this phone case a few weeks ago. I would definately buy this again.,3,positive
Bought this smartwatch a few weeks ago.,3,negative
This bluetooth speaker is well made. Battery life is impressive. Rating: 5/5.,5,positive
This office chair is broken. It arrived damaged.,2,negative
"This vacuum cleaner is affordable. Shipping was fast and packaging was solid. Also, battery drains way too fast. Rating: 3/5.",3,positive
This running shoes is standard.,3,neutral
This headphones is disappointing. Rating: 2/5.,2,negative
This laptop is okay. It's fine for the price but i wouldn't rave about it.,3,neutral
"Bought this blender a few weeks ago. Setup took less than five minutes. On the downside, the material feels cheap. Rating: 4/5.",4,positive
Bought this vacuum cleaner a few weeks ago. The material feels cheap. Rating: 3/5.,3,negative
Bought this wireless mouse a few weeks ago.,2,negative
"This backpack is worth every penny. My whole family loves it now. That said, stopped working within a week.",5,positive
This desk lamp is badly made. It arrived damaged. Rating: 2/5.,2,negative
Bought this desk lamp a few weeks ago. The build quality is great. Overall it's not as good as I hoped. Rating: 5/5.,5,positive
Bought this office chair a few weeks ago.,3,negative
"Bought this wireless mouse a few weeks ago. Works as described, no surprises.",3,neutral
Bought this air fryer a few weeks ago. Customer support never responded. Overall it's can't complain.,2,negative
Bought this yoga mat a few weeks ago. Exceeded my expectations.,4,positive
Bought this bluetooth speaker a few weeks ago.,2,negative
This phone case is worth every penny. My whole family loves it now.,4,positive
This air fryer is disappointing. Rating: 1/5.,1,negative
This bluetooth speaker is fine.,3,neutral
This blender is so-so.,4,neutral
"This vacuum cleaner is average. It does the job but nothing more. That said, teh material feels cheap. Overall it's wouldn't recommend.",3,neutral
Bought this headphones a few weeks ago. Packaging was fine. Overall it's could be better. Rating: 3/5.,3,neutral
This desk lamp is disappointing. The size runs way smaller than expected.,1,negative
"This air fryer is decent. Some features are useful, others aren't. However, the material feels cheap. Rating: 3/5.",3,neutral
"This office chair is reasonable. Some features are useful, others aren't. Overall it's can't complain. Rating: 2/5.",2,neutral
Bought this smartwatch a few weeks ago.,1,negative
"This desk lamp is great. Shipping was fast and packaging was solid. Also, it arrived damaged.",4,positive
This smartwatch is impressive. Battery life is impressive.,4,positive
This desk lamp is responsive. My whole family loves it now.,3,positive
This office chair is so-so.,2,neutral
This laptop is clunky. I regret this purchase.,1,negative
This yoga mat is decent. Overall it's not bad.,2,neutral
This office chair is affordable. I would definitely buy this again.,5,positive
This yoga mat is useless.,1,negative
Bought this wireless mouse a few weeks ago.,2,positive
This coffee maker is responsive.,4,positive
Bought this office chair a few weeks ago.,3,negative
This desk lamp is unreliable. Battery drains way too fast. Rating: 1/5.,1,negative
This backpack is reliable. Exceeded my expectations. Rating: 4/5.,4,positive
This backpack is well made. The build quality is great.,3,positive
This running shoes is so-so. It's fine for the price but i wouldn't rave about it.,3,neutral
Bought this wireless mouse a few weeks ago. The material feels cheap.,2,negative
This smartwatch is standard. Delivery took about a week.,2,neutral
"This blender is responsive. That said, delivery took about a week.",5,positive
"This laptop is flimsy. The material feels cheap. That said, packaging was fine. Overall it's not great.",1,negative
Bought this yoga mat a few weeks ago. The size runs way smaller than expected.,2,negative
Bought this smartwatch a few weeks ago. Packaging was fine.,4,neutral
Bought this smartwatch a few weeks ago. My whole family loves it now.,5,positive
Bought this blender a few weeks ago. I regret this purchase. Rating: 2/5.,2,negative
This air fryer is standard.,3,neutral
"This headphones is nothing special. Delivery took about a week. On the downside, the instructions were confusing.",2,neutral
This backpack is awful. Battery drains way too fast.,3,negative
This phone case is nothing special. Rating: 3/5.,3,neutral
Bought this desk lamp a few weeks ago.,3,neutral
This bluetooth speaker is outstanding. The build quality is great.,3,positive
This phone case is defective. Overall it's not great. Rating: 2/5.,2,negative
Bought this air fryer a few weeks ago. Customer service was very helpful. Rating: 4/5.,4,positive
"Bought this bluetooth speaker a few weeks ago. Exceeded my expectations. However, delivery took about a week.",3,positive
"This laptop is not worth it. The instructions were confusing. However, customer service was vary helpful. Overall it's wouldn't recommend. Rating: 2/5.",2,negative
This phone case is outstanding.,4,positive
This smartwatch is outstanding. Shipping was fast and packaging was solid.,3,positive
This office chair is not worth it. Rating: 2/5.,2,negative
Bought this coffee maker a few weeks ago.,3,neutral
This phone case is sleek.,4,positive
Bought this coffee maker a few weeks ago. The instructions were confusing.,1,negative
Bought this air fryer a few weeks ago. Setup took less than five minutes.,5,positive
This backpack is sleek.,5,positive
Bought this wireless mouse a few weeks ago. I would definitely buy this again.,5,positive
"This headphones is standard. It does the job but nothing more. However, it feels premium for the price. Rating: 3/5.",3,neutral
This vacuum cleaner is useless. Battery drains way too fast. Rating: 2/5.,2,negative
This headphones is sleek. I would definitely buy this again. Rating: 4/5.,4,positive
This running shoes is smooth.,5,positive
This running shoes is broken.,1,negative
Bought this air fryer a few weeks ago. Setup took less than five minutes.,5,positive
"This yoga mat is average. Also, it's louder than advertised. Rating: 3/5.",3,neutral
This bluetooth speaker is frustrating. It's louder than advertised.,2,negative
"This headphones is nothing special. Some features are useful, others aren't. Overall it's not bad.",3,neutral
"This running shoes is broken. I had to return it after two days. Also, battery life is impressive.",1,negative
Bought this wireless mouse a few weeks ago.,2,negative
This vacuum cleaner is uncomfortable. The material feels cheap.,1,negative
This blender is worth every penny. It feels premium for the price. Overall it's not as good as I hoped.,5,positive
"This headphones is wonderful. It feels premium for the price. Also, it does the job but nothing more. Overall it's not great.",5,positive
This backpack is outstanding. My whole family loves it now.,5,neutral
"This blender is outstanding. It feels premium for teh price. That said, some features are useful, others aren't.",5,positive
"This wireless mouse is defective. The size runs way smaller than expected. Also, battery life is impressive.",1,negative
This blender is disappointing.,1,negative
"This running shoes is sturdy. Works perfectly out of the box. Also, I had to return it after two days. Overall it's can't complain.",3,positive
"This coffee maker is wonderful. My whole family loves it now. However, some features are useful, others aren't. Overall it's didn't disappoint.",3,positive
"This air fryer is top notch. However, it's louder than advertised. Overall it's not as good as I hoped.",4,positive
Bought this bluetooth speaker a few weeks ago.,5,positive
This office chair is smooth. Rating: 4/5.,4,positive
This blender is fantastic.,3,positive
"This vacuum cleaner is middle of the road. Packaging was fine. That said, battery drains way too fast.",3,neutral
"This smartwatch is overpriced. I regret this purchase. However, some features are useful, others aren't.",2,negative
This vacuum cleaner is amazing.,5,positive
"This backpack is standard. Works as described, no surprises. Rating: 3/5.",3,neutral
This desk lamp is broken. It arrived damaged.,1,negative
Bought this smartwatch a few weeks ago. Battery life is impressive. Rating: 5/5.,5,positive
Bought this yoga mat a few weeks ago.,3,negative
This air fryer is useless. The instructions were confusing. Overall it's wouldn't reccomend. Rating: 2/5.,2,negative
This air fryer is smooth. Setup took less than five minutes. Rating: 3/5.,3,positive
"This laptop is fine. It's fine for the price but i wouldn't rave about it. On the downside, the size runs way smaller than expected.",3,neutral
"This laptop is broken. I had to return it after two days. Also, delivery took about a week.",1,negative
This smartwatch is faulty. Rating: 2/5.,2,negative
This wireless mouse is excelent.,5,positive
This blender is clunky. The size runs way smaller than expected.,1,negative
This office chair is sturdy.,3,positive
Bought this blender a few weeks ago. I would definitely buy this again.,5,positive
Bought this yoga mat a few weeks ago. Battery drains way too fast. Rating: 1/5.,1,negative
"This yoga mat is subpar. The instructions were confusing. However, exceeded my expectations. Overall it's not bad.",2,negative
This blender is responsive.,4,positive
This smartwatch is comfortable. Setup took less than five minutes. Overall it's didn't disappoint.,4,positive
This office chair is superb.,5,positive
This backpack is worth every penny. Customer service was very helpful.,4,positive
This wireless mouse is responsive.,3,positive
"This backpack is so-so. It's fine for the price but i wouldn't rave about it. Also, customer service was very helpful.",2,neutral
This vacuum cleaner is frustrating. Customer support never responded.,2,positive
This running shoes is not worth it.,3,negative
Bought this smartwatch a few weeks ago. Overall it's not bad.,1,negative
This running shoes is reliable. Battery life is impressive.,3,positive
This smartwatch is superb.,4,positive
This coffee maker is defective.,2,negative
Bought this phone case a few weeks ago.,4,neutral
"This office chair is terrible. The instructions were confusing. On the plus side, it does the job but nothing more.",3,negative
This smartwatch is smooth. Battery life is impressive.,4,positive
This backpack is top notch. It feels premium for the price. Overall it's wouldn't reccomend. Rating: 5/5.,5,positive
Bought this coffee maker a few weeks ago.,1,negative
"This air fryer is wonderful. Shipping was fast and packaging was solid. That said, it arrived damaged.",3,positive
"Bought this smartwatch a few weeks ago. Also, the material feels cheap.",3,negative
This laptop is awful. The size runs way smaller than expected. Rating: 2/5.,2,negative
This blender is outstanding. Battery life is impressive.,5,positive
This coffee maker is average.,3,neutral
This air fryer is smooth.,4,positive
This office chair is slow.,1,negative
This office chair is affordable. Customer service was very helpful.,5,positive
This headphones is shoddy. It arrived damaged.,2,negative
This wireless mouse is impressive.,4,positive
Bought this vacuum cleaner a few weeks ago. Stopped working within a week.,2,negative
This yoga mat is top notch. Exceeded my expectations. Rating: 3/5.,3,positive
Bought this office chair a few weeks ago. I would definitely buy this again.,4,positive
This phone case is reliable. I would definitely buy this again.,5,positive
"Bought this laptop a few weeks ago. Works perfectly out of the box. That said, stopped working within a week.",5,positive
This yoga mat is broken. The material feels cheap.,1,negative
Bought this running shoes a few weeks ago. Rating: 2/5.,2,negative
This phone case is comfortable.,5,positive
This coffee maker is acceptable. Overall it's wouldn't recommend.,4,neutral
"This smartwatch is durable. Shipping was fast and packaging was solid. That said, I had to return it after two days. Overall it's not bad.",5,positive
This desk lamp is decent.,3,negative
This phone case is sturdy.,4,positive
Bought this laptop a few weeks ago. Shipping was fast and packaging was solid.,5,positive
This desk lamp is affordable.,4,positive
This desk lamp is wonderful. It feels premium for teh price. Rating: 5/5.,5,positive
Bought this yoga mat a few weeks ago. Rating: 3/5.,3,positive
Bought this air fryer a few weeks ago.,2,negative
This phone case is clunky. The size runs way smaller than expected.,2,negative
This backpack is terrible.,1,negative
"Bought this laptop a few weeks ago. On the plus side, shipping was fast and packaging was solid.",1,negative
"Bought this desk lamp a few weeks ago. Some features are useful, others aren't. Overall it's can't complain.",4,neutral
This blender is reasonable.,3,neutral
"This blender is solid. Also, I regret this purchase.",4,positive
This office chair is worth every penny. I would definately buy this again. Rating: 4/5.,4,positive
This phone case is standard. Rating: 2/5.,2,neutral
Bought this blender a few weeks ago. The build quality is great. Overall it's not as good as I hoped.,5,positive
This yoga mat is sturdy. Rating: 5/5.,5,positive
Bought this desk lamp a few weeks ago.,3,neutral
Bought this desk lamp a few weeks ago. Customer service was very helpful.,5,positive
This air fryer is reliable.,4,positive
This bluetooth speaker is fantastic. Setup took less than five minutes.,3,positive
"Bought this wireless mouse a few weeks ago. Customer support never responded. On the plus side, delivery took about a week. Rating: 1/5.",1,negative
This yoga mat is outstanding. It feels premium for the price. Rating: 3/5.,3,positive
This phone case is average. Rating: 3/5.,3,neutral
This coffee maker is well made. I would definitely buy this again.,5,positive
This desk lamp is unreliable.,3,negative
This running shoes is nothing special.,3,neutral
This coffee maker is superb.,3,positive
This bluetooth speaker is responsive. Works perfectly out of teh box. Rating: 5/5.,5,positive
This yoga mat is subpar. I had to return it after two days. Rating: 3/5.,3,negative
This air fryer is shoddy. The size runs way smaller than expected.,3,negative
This coffee maker is impressive. Exceeded my expectations. Overall it's not great.,4,positive
"This backpack is responsive. Battery life is impressive. Also, I regret this purchase. Rating: 4/5.",4,positive
Bought this phone case a few weeks ago.,3,positive
"This laptop is responsive. Setup took less than five minutes. However, it arrived damaged.",5,positive
"This headphones is average. Works as described, no surprises. Also, it arrived damaged. Rating: 3/5.",3,neutral
This smartwatch is top notch. Battery life is impressive. Overall it's didn't disappoint. Rating: 5/5.,5,positive
Bought this coffee maker a few weeks ago.,2,neutral
Bought this running shoes a few weeks ago.,3,negative
This laptop is worth every penny. Overall it's wouldn't recommend. Rating: 3/5.,3,positive
"Bought this running shoes a few weeks ago. It does the job but nothing more. On the plus side, exceeded my expectations.",2,neutral
This wireless mouse is faulty. Battery drains way too fast. Overall it's could be better.,1,negative
This desk lamp is defective. I had to return it after two days. Rating: 2/5.,2,negative
Bought this vacuum cleaner a few weeks ago. I regret this purchase. Overall it's not bad. Rating: 1/5.,1,neutral
"This air fryer is reasonable. Some features are useful, others aren't. Overall it's didn't disappoint. Rating: 3/5.",3,neutral
This coffee maker is reliable. It feels premium for the price.,4,positive
This backpack is frustrating. The size runs way smaller than expected.,2,negative
This air fryer is fine. Packaging was fine. Rating: 2/5.,2,neutral
This air fryer is fast.,5,positive
This vacuum cleaner is sturdy. Setup took less than five minutes.,4,neutral
This air fryer is slow. It arrived damaged. Overall it's not great.,2,negative
This headphones is faulty.,2,negative
"This laptop is disappointing. I had to return it after two days. However, I would definitely buy this again.",2,negative
"Bought this air fryer a few weeks ago. Also, the size runs way smaller than expected. Overall it's can't complain.",3,positive
"This office chair is shoddy. I regret this purchase. On the plus side, delivery took about a week. Rating: 1/5.",1,negative
"This headphones is standard. That said, battery life is impressive.",3,neutral
This vacuum cleaner is overpriced.,2,negative
This blender is badly made. Stopped working within a week. Rating: 1/5.,1,negative
This headphones is frustrating. The instructions were confusing. Rating: 2/5.,2,negative
Bought this air fryer a few weeks ago. Exceeded my expectations. Overall it's not great.,5,positive
This wireless mouse is shoddy. The material feels cheap. Rating: 2/5.,2,negative
This vacuum cleaner is amazing. Works perfectly out of the box.,3,positive
This office chair is not worth it.,1,negative
This office chair is amazing.,3,positive
This blender is acceptable. It does the job but nothing more.,2,neutral
Bought this blender a few weeks ago.,3,negative
Bought this air fryer a few weeks ago.,4,positive
This headphones is frustrating. The material feels cheap.,1,negative
"This backpack is acceptable. Works as described, no surprises.",3,neutral
Bought this phone case a few weeks ago. Shipping was fast and packaging was solid.,3,positive
This laptop is wonderful. Customer service was very helpful.,4,positive
"Bought this wireless mouse a few weeks ago. Works as described, no surprises.",4,neutral
"Bought this wireless mouse a few weeks ago. Works as described, no surprises. Also, shipping was fast and packaging was solid.",2,neutral
This running shoes is impressive. My whole family loves it now.,4,positive
This vacuum cleaner is smooth. The build quality is great. Overall it's wouldn't recommend. Rating: 4/5.,4,positive
"Bought this laptop a few weeks ago. Shipping was fast and packaging was solid. That said, works as described, no surprises. Rating: 3/5.",3,positive
This headphones is fast. My whole family loves it now.,4,positive
This desk lamp is disappointing.,2,negative
Bought this laptop a few weeks ago. I would definitely buy this again.,3,positive
Bought this yoga mat a few weeks ago.,2,negative
This desk lamp is worth every penny. Exceeded my expectations. Rating: 5/5.,5,positive
This phone case is frustrating. It's louder than advertised.,2,negative
This desk lamp is durable. I would definitely buy this again.,5,positive
"This desk lamp is top notch. Setup took less than five minutes. Also, the instructions were confusing. Overall it's wouldn't recommend. Rating: 5/5.",5,positive
This bluetooth speaker is affordable. Works perfectly out of the box.,3,positive
"Bought this yoga mat a few weeks ago. Customer support never responded. However, it feels premium for the price.",3,negative
This desk lamp is so-so. Delivery took about a week. Rating: 3/5.,3,neutral
This office chair is not worth it. I had to return it after two days.,1,negative
This air fryer is not worth it.,2,negative
This wireless mouse is slow. The material feels cheap. Rating: 3/5.,3,negative
This desk lamp is poor. Rating: 2/5.,2,negative
"This running shoes is responsive. I would definitely buy this again. Also, it arrived damaged.",5,positive
Bought this wireless mouse a few weeks ago.,3,positive
"This laptop is sleek. Battery life is impressive. However, customer support never responded.",5,positive
This smartwatch is unreliable.,1,negative
This phone case is disappointing. I had to return it after two days. Rating: 2/5.,2,negative
This laptop is terrible. The material feels cheap.,1,negative
This bluetooth speaker is cheap. It arrived damaged.,1,negative
This yoga mat is okay. Delivery took about a week.,2,neutral
This headphones is smooth. Shipping was fast and packaging was solid. Rating: 4/5.,4,positive
This backpack is great. Works perfectly out of the box.,3,positive
Bought this yoga mat a few weeks ago.,3,neutral
This backpack is impressive. Rating: 4/5.,4,positive
This air fryer is sleek. Shipping was fast and packaging was solid. Rating: 5/5.,5,positive
"This smartwatch is middle of the road. On the plus side, I would definitely buy this again.",3,neutral
"This phone case is acceptable. However, it arrived damaged.",4,neutral
This coffee maker is superb. Customer service was very helpful. Overall it's not bad.,5,positive
This yoga mat is affordable. Works perfectly out of teh box.,5,positive
"This wireless mouse is fantastic. Also, works as described, no surprises.",5,positive
"This vacuum cleaner is so-so. It's fine for the price but i wouldn't rave about it. On the downside, customer support never responded. Rating: 3/5.",3,neutral
This coffee maker is durable. Shipping was fast and packaging was solid.,3,positive
This coffee maker is superb. It feels premium for the price.,4,positive
This laptop is poor. I had to return it after two days.,2,negative
Bought this headphones a few weeks ago. Setup took less than five minutes.,4,positive
This bluetooth speaker is excellent. I would definitely buy this again.,4,positive
This smartwatch is fast. Shipping was fast and packaging was solid. Rating: 3/5.,3,positive
"This air fryer is terrible. The instructions were confusing. That said, it does the job but nothing more.",2,negative
Bought this air fryer a few weeks ago.,5,positive
This wireless mouse is so-so. Packaging was fine.,3,neutral
This office chair is nothing special. Rating: 4/5.,4,negative
This desk lamp is faulty. I had to return it after two days. Rating: 1/5.,1,negative
This laptop is superb.,3,positive
"This phone case is durable. Shipping was fast and packaging was solid. On the plus side, delivery took about a week. Rating: 4/5.",4,positive
"This phone case is responsive. Exceeded my expectations. That said, it arrived damaged. Rating: 4/5.",4,positive
"This bluetooth speaker is acceptable. Delivery took about a week. That said, it arrived damaged. Rating: 3/5.",3,neutral
This phone case is top notch. My whole family loves it now. Rating: 5/5.,5,positive
"This vacuum cleaner is top notch. My whole family loves it now. On the downside, battery drains way too fast. Rating: 5/5.",5,positive
"This air fryer is fine. However, works perfectly out of the box. Overall it's not bad.",3,neutral
This coffee maker is poor. Rating: 1/5.,1,negative
Bought this headphones a few weeks ago.,4,positive
This coffee maker is worth every penny. Rating: 3/5.,3,positive
Bought this wireless mouse a few weeks ago.,5,positive
"This running shoes is sturdy. Shipping was fast and packaging was solid. That said, stopped working within a week.",4,positive
This running shoes is reliable. My whole family loves it now.,4,positive
This vacuum cleaner is shoddy. I regret this purchase.,2,negative
This phone case is subpar. The material feels cheap. Overall it's didn't disappoint.,2,negative
This headphones is defective. The instructions were confusing. Rating: 3/5.,3,negative
This coffee maker is well made. Setup took less than five minutes. Rating: 4/5.,4,positive
"This backpack is poor. Also, exceeded my expectations.",2,negative
This phone case is reasonable. Delivery took about a week.,4,neutral
"Bought this headphones a few weeks ago. It feels premium for teh price. That said, I had to return it after two days. Rating: 4/5.",4,positive
"This laptop is awful. I regret this purchase. However, exceeded my expectations.",2,negative
This phone case is sturdy. Shipping was fast and packaging was solid.,5,positive
This smartwatch is defective. I regret this purchase. Overall it's not bad. Rating: 1/5.,1,negative
This headphones is reasonable. It does the job but nothing more. Rating: 3/5.,3,neutral
This bluetooth speaker is overpriced. Rating: 2/5.,2,negative
This coffee maker is great.,5,positive
"This wireless mouse is fine. Works as described, no surprises.",3,neutral
"This wireless mouse is uncomfortable. That said, it feels premium for the price.",3,negative
This laptop is acceptable. It's fine for the price but i wouldn't rave about it. Overall it's didn't disappoint.,3,neutral
"Bought this yoga mat a few weeks ago. However, works perfectly out of the box.",2,negative
"This wireless mouse is sturdy. Also, it's fine for the price but I wouldn't rave about it.",3,positive
This backpack is excelent. Rating: 5/5.,5,positive
"This vacuum cleaner is well made. Shipping was fast and packaging was solid. However, works as described, no surprises.",4,positive
"This backpack is standard. It's fine for the price but i wouldn't rave about it. That said, the material feels cheap. Rating: 3/5.",3,neutral
This backpack is responsive. Exceeded my expectations. Overall it's not great.,3,positive
This bluetooth speaker is wonderful. Works perfectly out of the box. Overall it's can't complain. Rating: 5/5.,5,positive
This desk lamp is not worth it. The instructions were confusing.,1,negative
Bought this yoga mat a few weeks ago.,3,neutral
This wireless mouse is responsive. It feels premium for the price.,3,positive
Bought this desk lamp a few weeks ago. It arrived damaged.,2,negative
This yoga mat is affordable.,3,positive
This smartwatch is comfortable.,4,positive
This backpack is nothing special. It does the job but nothing more. Overall it's not bad.,3,neutral
This blender is amazing.,5,positive
This laptop is responsive. The build qaulity is great.,3,positive
Bought this smartwatch a few weeks ago. Rating: 3/5.,3,neutral
"This phone case is sturdy. It feels premium for the price. Also, I regret this purchase.",4,positive
Bought this blender a few weeks ago. Packaging was fine.,3,neutral
Bought this desk lamp a few weeks ago. Rating: 2/5.,2,negative
This wireless mouse is subpar. Stopped working within a week.,2,negative
"This running shoes is so-so. Some features are useful, others aren't.",3,neutral
This blender is fast. Battery life is impressive. Overall it's could be better.,3,positive
"This headphones is great. The build quality is great. That said, it's louder than advertised. Rating: 4/5.",4,positive
This phone case is not worth it. The instructions were confusing.,2,negative
This desk lamp is shoddy. Battery drains way too fast. Overall it's didn't disappoint. Rating: 2/5.,2,negative
This laptop is comfortable. Setup took less than five minutes.,5,positive
"Bought this backpack a few weeks ago. Also, it does the job but nothing more.",5,positive
This smartwatch is great.,5,positive
This running shoes is subpar.,1,negative
"This bluetooth speaker is durable. Setup took less than five minutes. On the plus side, it does the job but nothing more. Rating: 4/5.",4,positive
This phone case is okay. Overall it's not great.,3,neutral
"This headphones is standard. It does teh job but nothing more. That said, shipping was fast and packaging was solid.",3,neutral
This office chair is useless.,1,negative
This coffee maker is poor. Customer support never responded.,2,negative
"This backpack is average. Works as described, no surprises. Overall it's not bad. Rating: 3/5.",3,neutral
This vacuum cleaner is amazing. It feels premium for the price.,3,positive
"Bought this wireless mouse a few weeks ago. The instructions were confusing. However, my whole family loves it now. Rating: 2/5.",2,negative
This headphones is solid. The build quality is great. Rating: 5/5.,5,positive
Bought this office chair a few weeks ago. Customer service was very helpful.,5,positive
Bought this desk lamp a few weeks ago. Stopped working within a week. Rating: 2/5.,2,negative
"Bought this backpack a few weeks ago. Works as described, no surprises.",3,neutral
This coffee maker is sturdy. Shipping was fast and packaging was solid. Rating: 3/5.,3,positive
"This laptop is top notch. Works perfectly out of the box. However, I had to return it after two days.",4,positive
"This office chair is so-so. Some features are useful, others aren't.",3,neutral
This phone case is terrible.,1,negative
This blender is average. Delivery took about a week. Rating: 3/5.,3,neutral
"This desk lamp is excellent. Also, works as described, no surprises.",5,positive
This vacuum cleaner is terrible. Rating: 2/5.,2,negative
This desk lamp is worth every penny.,5,positive
This blender is excellent. The build quality is great.,5,positive
This blender is superb. It feels premium for the price. Rating: 5/5.,5,positive
This coffee maker is overpriced. It arrived damaged.,1,negative
This phone case is superb.,3,positive
This smartwatch is slow. The instructions were confusing.,2,negative
"This blender is decent. Works as described, no surprises. Overall it's can't complain. Rating: 3/5.",3,neutral
"Bought this wireless mouse a few weeks ago. Setup took less than five minutes. That said, I regret this purchase. Overall it's not great.",4,positive
"This office chair is disappointing. It arrived damaged. Also, exceeded my expectations. Overall it's not as good as I hoped.",3,negative
This bluetooth speaker is unreliable.,2,negative
Bought this yoga mat a few weeks ago. It does the job but nothing more. Rating: 4/5.,4,neutral
This air fryer is overpriced. I regret this purchase. Overall it's not great. Rating: 2/5.,2,negative
Bought this laptop a few weeks ago.,3,negative
"This phone case is defective. That said, customer service was very helpful.",1,negative
This office chair is well made. Customer service was very helpful.,4,positive
This bluetooth speaker is sleek. I would definitely buy this again. Rating: 5/5.,5,positive
"This yoga mat is excellent. However, customer support never responded.",3,positive
This yoga mat is amazing.,3,positive
This phone case is nothing special. It's fine for the price but i wouldn't rave about it. Overall it's wouldn't recommend. Rating: 3/5.,3,neutral
This bluetooth speaker is nothing special.,3,neutral
"This wireless mouse is so-so. However, shipping was fast and packaging was solid.",3,neutral
This yoga mat is useless.,3,negative
This bluetooth speaker is amazing.,5,positive
This vacuum cleaner is frustrating. It arrived damaged. Overall it's didn't disappoint. Rating: 2/5.,2,negative
This phone case is fine.,3,neutral
"This bluetooth speaker is top notch. Also, delivery took about a week.",5,positive
"Bought this coffee maker a few weeks ago. Battery life is impressive. That said, it's fine for the price but I wouldn't rave about it.",4,positive
This air fryer is top notch.,3,positive
This backpack is unreliable.,2,negative
This laptop is comfortable. The build qaulity is great.,4,positive
"This headphones is frustrating. The size runs way smaller than expected. Also, it feels premium for the price.",3,negative
This smartwatch is shoddy. Customer support never responded.,2,negative
"This backpack is useless. Stopped working within a week. Also, it feels premium for the price.",2,negative
This laptop is amazing. Shipping was fast and packaging was solid.,5,positive
This air fryer is poor. Overall it's not as good as I hoped.,1,negative
"This headphones is poor. However, delivery took about a week.",1,negative
"This smartwatch is okay. Works as described, no surprises.",3,neutral
This yoga mat is average. It does the job but nothing more. Overall it's not great. Rating: 2/5.,2,neutral
"This office chair is superb. Customer service was very helpful. Also, packaging was fine.",4,positive
"This laptop is top notch. That said, stopped working within a week.",4,positive
This yoga mat is worth every penny. It feels premium for the price. Rating: 4/5.,4,positive
"This phone case is affordable. However, the instructions were confusing.",5,positive
This headphones is so-so. Packaging was fine.,4,neutral
Bought this wireless mouse a few weeks ago.,5,positive
This backpack is standard. Packaging was fine. Rating: 3/5.,3,neutral
This vacuum cleaner is great.,4,positive
"Bought this laptop a few weeks ago. However, setup took less than five minutes. Rating: 3/5.",3,neutral
"This smartwatch is acceptable. Some features are useful, others aren't.",4,neutral
Bought this air fryer a few weeks ago.,3,negative
This laptop is standard. Packaging was fine.,3,neutral
Bought this bluetooth speaker a few weeks ago. The build quality is great. Rating: 5/5.,5,positive
"This yoga mat is fine. Works as described, no surprises.",3,neutral
"This blender is acceptable. Works as described, no surprises.",3,neutral
This office chair is useless. Battery drains way too fast.,1,negative
This laptop is top notch. Battery life is impressive.,5,positive
Bought this backpack a few weeks ago. Delivery took about a week. Rating: 4/5.,4,neutral
"This backpack is sturdy. Works perfectly out of the box. That said, battery drains way too fast. Overall it's not bad.",4,positive
This yoga mat is faulty. It's louder than advertised.,2,negative
This desk lamp is affordable. It feels premium for the price.,5,positive
This office chair is worth every penny. Setup took less than five minutes.,5,positive
This office chair is excellent. Setup took less than five minutes. Rating: 5/5.,5,positive
"This coffee maker is standard. Some features are useful, others aren't.",2,neutral
"This coffee maker is fine. It does the job but nothing more. Also, I regret this purchase. Overall it's wouldn't recommend.",4,neutral
Bought this desk lamp a few weeks ago. It does the job but nothing more. Overall it's can't complain. Rating: 3/5.,3,neutral
This blender is uncomfortable.,1,negative
"This desk lamp is nothing special. Some features are useful, others aren't.",3,neutral
This coffee maker is acceptable. It does the job but nothing more.,4,neutral
This blender is smooth. The build quality is great.,3,positive
This coffee maker is well made. Rating: 3/5.,3,positive
Bought this yoga mat a few weeks ago. I regret this purchase.,2,negative
This wireless mouse is useless. Overall it's wouldn't recommend. Rating: 1/5.,1,negative
"Bought this backpack a few weeks ago. I would definitely buy this again. On the plus side, it does the job but nothing more. Rating: 4/5.",4,positive
This office chair is great.,5,positive
"This vacuum cleaner is poor. I regret this purchase. However, setup took less than five minutes.",2,negative
This bluetooth speaker is okay. It's fine for the price but i wouldn't rave about it. Rating: 3/5.,3,neutral
This vacuum cleaner is wonderful.,5,positive
"This blender is responsive. That said, the size runs way smaller than expected. Rating: 5/5.",5,positive
This coffee maker is broken.,2,negative
Bought this air fryer a few weeks ago.,4,positive
"Bought this office chair a few weeks ago. My whole family loves it now. That said, customer support never responded. Rating: 3/5.",3,positive
"Bought this laptop a few weeks ago. The size runs way smaller than expected. That said, packaging was fine. Overall it's not great. Rating: 3/5.",3,negative
"This office chair is affordable. Setup took less than five minutes. Also, works as described, no surprises.",5,positive
This phone case is useless. The size runs way smaller than expected.,2,negative
This office chair is amazing. Shipping was fast and packaging was solid.,3,positive
Bought this wireless mouse a few weeks ago.,3,negative
This phone case is solid. Customer service was very helpful.,4,positive
"This coffee maker is decent. Some features are useful, others aren't. Rating: 2/5.",2,neutral
Bought this vacuum cleaner a few weeks ago. Rating: 2/5.,2,neutral
This desk lamp is responsive.,4,positive
This vacuum cleaner is middle of the road. Delivery took about a week.,3,neutral
This backpack is durable.,5,positive
This wireless mouse is affordable. Rating: 4/5.,4,positive
This phone case is decent.,3,neutral
This coffee maker is disappointing.,3,negative
Bought this vacuum cleaner a few weeks ago. Delivery took about a week. Rating: 3/5.,3,neutral
This desk lamp is middle of the road.,3,negative
This office chair is terrible. I had to return it after two days. Rating: 3/5.,3,neutral
Bought this wireless mouse a few weeks ago.,2,negative
This blender is responsive. The build quality is great. Rating: 4/5.,4,positive
This yoga mat is middle of the road.,2,neutral
"Bought this smartwatch a few weeks ago. Packaging was fine. However, teh material feels cheap. Rating: 2/5.",2,neutral
This running shoes is excellent.,5,positive
This air fryer is fantastic. My whole family loves it now. Overall it's not bad. Rating: 3/5.,3,positive
Bought this headphones a few weeks ago. Delivery took about a week. Rating: 3/5.,3,neutral
This phone case is fine. Delivery took about a week.,3,neutral
This coffee maker is faulty. The size runs way smaller than expected.,2,negative
This air fryer is sturdy.,4,positive
This headphones is wonderful. Setup took less than five minutes.,4,positive
This air fryer is clunky. Rating: 2/5.,2,negative
This smartwatch is unreliable. I regret this purchase. Rating: 3/5.,3,negative
"This bluetooth speaker is worth every penny. Exceeded my expectations. Also, it does the job but nothing more. Overall it's can't complain. Rating: 5/5.",5,positive
This yoga mat is well made. Rating: 4/5.,4,positive
This coffee maker is middle of the road. It does the job but nothing more.,3,neutral
"This headphones is acceptable. Delivery took about a week. Also, battery drains way too fast.",3,neutral
Bought this yoga mat a few weeks ago. It does the job but nothing more.,4,neutral
Bought this coffee maker a few weeks ago.,3,positive
"This backpack is fine. Packaging was fine. That said, it arrived damaged.",3,neutral
"This air fryer is comfortable. It feels premium for teh price. On the plus side, it's fine for the price but I wouldn't rave about it.",4,positive
This vacuum cleaner is overpriced. Rating: 1/5.,1,negative
Bought this backpack a few weeks ago. Customer service was very helpful.,5,positive
Bought this desk lamp a few weeks ago. I would definitely buy this again.,4,positive
This phone case is terrible. The size runs way smaller than expected.,2,negative
This blender is superb. Shipping was fast and packaging was solid.,3,positive
Bought this backpack a few weeks ago. My whole family loves it now. Overall it's not bad.,3,positive
This bluetooth speaker is okay. Packaging was fine.,3,neutral
This backpack is average. Delivery took about a week. Overall it's not bad.,3,neutral
Bought this smartwatch a few weeks ago. Delivery took about a week. Overall it's can't complain.,2,neutral
Bought this coffee maker a few weeks ago. It's fine for the price but i wouldn't rave about it.,3,neutral
This vacuum cleaner is faulty. Battery drains way too fast.,2,negative
"Bought this laptop a few weeks ago. Works as described, no surprises. Rating: 4/5.",4,neutral
This running shoes is middle of the road. It does the job but nothing more.,3,neutral
"This bluetooth speaker is uncomfortable. I regret this purchase. Also, shipping was fast and packaging was solid.",1,negative
This wireless mouse is responsive. Works perfectly out of the box. Rating: 5/5.,5,positive
This backpack is top notch. It feels premium for the price.,5,positive
Bought this smartwatch a few weeks ago.,4,positive
This air fryer is outstanding. Works perfectly out of the box. Rating: 4/5.,4,positive
This desk lamp is durable.,4,positive
"This backpack is okay. Packaging was fine. That said, it arrived damaged.",2,neutral
This vacuum cleaner is responsive.,4,positive
Bought this vacuum cleaner a few weeks ago.,5,positive
"This laptop is fine. Some features are useful, others aren't.",4,neutral
This air fryer is sleek. My whole family loves it now.,3,positive
This bluetooth speaker is fine. It's fine for the price but i wouldn't rave about it. Rating: 3/5.,3,neutral
This coffee maker is responsive. Shipping was fast and packaging was solid.,4,positive
This air fryer is standard. It's fine for the price but i wouldn't rave about it.,3,neutral
Bought this bluetooth speaker a few weeks ago.,3,positive
This wireless mouse is wonderful.,4,positive
This desk lamp is awful. It arrived damaged.,2,negative
This wireless mouse is useless.,2,negative
This backpack is sleek. My whole family loves it now. Rating: 3/5.,3,positive
Bought this phone case a few weeks ago.,3,negative
This running shoes is outstanding. Works perfectly out of the box. Rating: 4/5.,4,positive
This laptop is standard. It does the job but nothing more.,2,neutral
This bluetooth speaker is poor. Customer support never responded.,2,negative
This bluetooth speaker is reliable.,5,positive
"This coffee maker is average. Some features are useful, others aren't. On the plus side, I would definitely buy this again.",4,neutral
This running shoes is reasonable. Rating: 3/5.,3,neutral
This office chair is terrible. Customer support never responded.,2,negative
Bought this backpack a few weeks ago. Delivery took about a week. Overall it's could be better. Rating: 3/5.,3,neutral
This vacuum cleaner is worth every penny. Rating: 4/5.,4,positive
Bought this bluetooth speaker a few weeks ago.,2,negative
Bought this phone case a few weeks ago.,5,positive
This laptop is slow. Rating: 1/5.,1,negative
Bought this desk lamp a few weeks ago. I regret this purchase.,2,negative
This blender is worth every penny. Exceeded my expectations.,4,positive
"Bought this coffee maker a few weeks ago. However, exceeded my expectations.",3,negative
"This headphones is worth every penny. Works perfectly out of the box. However, delivery took about a week. Overall it's wouldn't recommend.",4,positive
"This phone case is so-so. Packaging was fine. On the plus side, I would definitely buy this again. Rating: 3/5.",3,neutral
This vacuum cleaner is superb. It feels premium for the price. Overall it's not great.,4,positive
This desk lamp is reliable.,5,positive
This blender is flimsy. It's louder than advertised.,1,negative
This backpack is impressive. Shipping was fast and packaging was solid.,3,positive
"This laptop is fantastic. I would definitely buy this again. That said, some features are useful, others aren't. Overall it's not bad.",4,positive
This blender is disappointing. The size runs way smaller than expected. Rating: 3/5.,3,negative
This phone case is responsive. Rating: 3/5.,3,positive
"This desk lamp is reliable. Battery life is impressive. However, the material feels cheap. Rating: 4/5.",4,positive
This bluetooth speaker is middle of the road. It's fine for the price but i wouldn't rave about it.,3,neutral
Bought this vacuum cleaner a few weeks ago. Works perfectly out of teh box.,5,positive
"This smartwatch is acceptable. Works as described, no surprises. Rating: 2/5.",2,neutral
"Bought this smartwatch a few weeks ago. Shipping was fast and packaging was solid. That said, the instructions were confusing. Rating: 4/5.",4,positive
"This desk lamp is useless. Stopped working within a week. However, delivery took about a week.",1,negative
This yoga mat is decent. Packaging was fine.,3,neutral
Bought this blender a few weeks ago. The instructions were confusing. Rating: 2/5.,2,negative
This backpack is fast. Battery life is impressive. Rating: 3/5.,3,positive
This laptop is slow.,2,neutral
This backpack is reliable.,4,positive
"This laptop is decent. However, the size runs way smaller than expected.",4,neutral
This air fryer is awful. Stopped working within a week.,3,negative
This air fryer is fine. It's fine for teh price but i wouldn't rave about it.,3,neutral
"This running shoes is nothing special. Works as described, no surprises.",3,neutral
"This yoga mat is awful. Battery drains way too fast. On the plus side, it does the job but nothing more.",1,negative
Bought this bluetooth speaker a few weeks ago. Battery life is impressive.,5,positive
"This desk lamp is superb. However, packaging was fine. Overall it's can't complain.",5,positive
This office chair is unreliable. It's louder than advertised. Overall it's didn't disappoint.,1,negative
This blender is well made. Exceeded my expectations. Rating: 5/5.,5,positive
"Bought this headphones a few weeks ago. It does the job but nothing more. That said, my whole family loves it now.",2,neutral
"Bought this desk lamp a few weeks ago. Setup took less than five minutes. However, I regret this purchase.",3,positive
Bought this air fryer a few weeks ago. Customer support never responded.,1,negative
"Bought this phone case a few weeks ago. Works as described, no surprises.",2,neutral
"This vacuum cleaner is middle of the road. Some features are useful, others aren't.",3,neutral
This laptop is outstanding. Battery life is impressive. Rating: 5/5.,5,positive
"This coffee maker is wonderful. Customer service was very helpful. Also, it's fine for the price but I wouldn't rave about it. Rating: 4/5.",4,positive
"Bought this smartwatch a few weeks ago. My whole family loves it now. That said, the material feels cheap. Rating: 5/5.",5,positive
This smartwatch is sturdy.,3,positive
This running shoes is reasonable. Delivery took about a week.,4,neutral
Bought this vacuum cleaner a few weeks ago. It's louder than advertised. Rating: 1/5.,1,negative
This backpack is cheap. Stopped working within a week. Overall it's not great. Rating: 2/5.,2,negative
This blender is wonderful. The build quality is great. Rating: 4/5.,4,positive
This running shoes is worth every penny.,5,positive
This backpack is clunky.,3,negative
Bought this yoga mat a few weeks ago.,4,positive
This running shoes is excellent.,3,positive
"This backpack is standard. It does teh job but nothing more. That said, battery life is impressive. Overall it's not great.",2,neutral
"This coffee maker is responsive. Setup took less than five minutes. Also, works as described, no surprises.",5,positive
This smartwatch is standard. Packaging was fine.,3,neutral
This running shoes is terrible. Stopped working within a week.,1,negative
This desk lamp is decent. Packaging was fine. Rating: 2/5.,2,neutral
"This running shoes is fantastic. Exceeded my expectations. On teh downside, I regret this purchase.",5,positive
This blender is cheap. The material feels cheap. Rating: 2/5.,2,negative
This running shoes is superb. Customer service was very helpful.,3,positive
"This running shoes is cheap. Also, works as described, no surprises. Overall it's can't complain.",2,negative
This blender is sturdy.,4,positive
This phone case is awful. It's louder than advertised.,1,negative
Bought this blender a few weeks ago.,4,positive
This blender is fantastic. The build quality is great.,3,positive
"This phone case is comfortable. Also, it arrived damaged.",3,positive
This desk lamp is impressive.,4,positive
This headphones is shoddy. It arrived damaged. Rating: 1/5.,1,negative
Bought this smartwatch a few weeks ago. Setup took less than five minutes. Rating: 5/5.,5,positive
This backpack is faulty. Rating: 3/5.,3,negative
Bought this backpack a few weeks ago. Works perfectly out of the box. Overall it's wouldn't recommend.,5,positive
Bought this blender a few weeks ago.,3,neutral
This desk lamp is shoddy.,2,negative
"This yoga mat is disappointing. I had to return it after two days. Also, customer service was very helpful. Overall it's wouldn't recommend. Rating: 1/5.",1,negative
Bought this office chair a few weeks ago. Packaging was fine. Rating: 2/5.,2,neutral
Bought this headphones a few weeks ago. My whole family loves it now. Rating: 3/5.,3,positive
This blender is nothing special.,4,neutral
This yoga mat is badly made.,2,negative
This phone case is middle of the road. Rating: 3/5.,3,neutral
This desk lamp is smooth.,5,positive
This yoga mat is clunky. Battery drains way too fast.,2,negative
Bought this backpack a few weeks ago.,2,negative
"This yoga mat is durable. Customer service was very helpful. That said, it does the job but nothing more.",4,positive
This yoga mat is so-so. Packaging was fine. Rating: 2/5.,2,neutral
Bought this phone case a few weeks ago. It arrived damaged.,3,negative
This smartwatch is not worth it.,1,negative
This smartwatch is defective. Customer support never responded. Overall it's not bad.,3,negative
Bought this backpack a few weeks ago. Works perfectly out of the box. Overall it's could be better. Rating: 4/5.,4,positive
This phone case is top notch. My whole family loves it now. Rating: 5/5.,5,positive
"This bluetooth speaker is average. It does the job but nothing more. Also, customer support never responded.",4,positive
"This laptop is defective. The material feels cheap. However, exceeded my expectations.",1,negative
This wireless mouse is broken. Customer support never responded.,1,negative
"This phone case is affordable. Exceeded my expectations. Also, it does the job but nothing more.",3,positive
Bought this blender a few weeks ago. It's fine for the price but i wouldn't rave about it.,2,neutral
This phone case is terrible. Rating: 2/5.,2,negative
"This blender is sturdy. However, it's louder than advertised.",4,positive
This headphones is okay. It does the job but nothing more.,4,neutral
"This blender is sleek. Exceeded my expectations. On the downside, the material feels cheap.",5,positive
This office chair is terrible. Stopped working within a week. Rating: 3/5.,3,negative
This backpack is faulty. The material feels cheap. Overall it's not bad. Rating: 1/5.,1,negative
Bought this laptop a few weeks ago. It's fine for the price but i wouldn't rave about it.,3,neutral
"This air fryer is unreliable. On the plus side, my whole family loves it now.",2,negative
"This blender is not worth it. It's louder than advertised. That said, it feels premium for the price.",2,negative
Bought this vacuum cleaner a few weeks ago.,4,positive
"Bought this headphones a few weeks ago. It does the job but nothing more. However, I had to return it after two days.",4,neutral
This headphones is fantastic.,5,positive
This headphones is uncomfortable. It arrived damaged.,2,negative
This bluetooth speaker is overpriced. It arrived damaged. Overall it's not bad. Rating: 3/5.,3,negative
This blender is fast. It feels premium for the price.,5,positive
This coffee maker is shoddy. It arrived damaged.,1,negative
"This desk lamp is affordable. It feels premium for the price. On the plus side, delivery took about a week.",5,positive
This phone case is nothing special.,4,neutral
This running shoes is slow. Customer support never responded.,2,negative
This vacuum cleaner is fast. Battery life is impressive. Rating: 5/5.,5,positive
Bought this laptop a few weeks ago. My whole family loves it now.,5,positive
This laptop is fantastic.,5,positive
This bluetooth speaker is reliable. Works perfectly out of the box.,5,positive
"Bought this desk lamp a few weeks ago. Packaging was fine. On the downside, I had to return it after two days.",3,neutral
This headphones is okay.,3,neutral
"Bought this coffee maker a few weeks ago. Setup took less than five minutes. Also, delivery took about a week.",5,positive
"Bought this backpack a few weeks ago. However, the material feels cheap.",4,positive
This air fryer is decent. Rating: 3/5.,3,neutral
This blender is affordable.,5,positive
This vacuum cleaner is uncomfortable.,1,negative
This backpack is responsive. The build qaulity is great.,3,positive
Bought this air fryer a few weeks ago.,3,neutral
This laptop is not worth it. The instructions were confusing. Overall it's wouldn't reccomend.,3,negative
This blender is cheap. Stopped working within a week.,3,negative
This air fryer is solid. My whole family loves it now.,4,positive
"This air fryer is defective. The instructions were confusing. That said, my whole family loves it now. Rating: 1/5.",1,negative
"This smartwatch is impressive. The build quality is great. Also, customer support never responded. Rating: 5/5.",5,positive
This air fryer is unreliable. Customer support never responded.,1,negative
Bought this air fryer a few weeks ago.,3,positive
This desk lamp is standard. Packaging was fine.,3,neutral
Bought this desk lamp a few weeks ago.,4,negative
"This bluetooth speaker is fine. Works as described, no surprises. Also, the build quality is great.",3,neutral
This wireless mouse is amazing.,3,positive
Bought this bluetooth speaker a few weeks ago. Works perfectly out of the box. Rating: 5/5.,5,positive
"Bought this running shoes a few weeks ago. Setup took less than five minutes. On teh downside, I regret this purchase. Overall it's can't complain.",3,neutral
This air fryer is badly made. I regret this purchase. Overall it's not as good as I hoped.,3,negative
This office chair is smooth. I would definately buy this again. Overall it's didn't disappoint.,5,positive
This smartwatch is smooth.,3,positive
"This office chair is broken. Battery drains way too fast. Also, I would definitely buy this again. Overall it's could be better. Rating: 1/5.",1,negative
This yoga mat is middle of the road.,3,neutral
This backpack is subpar. I regret this purchase. Rating: 2/5.,2,negative
This blender is comfortable.,5,positive
This laptop is uncomfortable.,1,negative
"This desk lamp is terrible. On the plus side, it does the job but nothing more.",2,negative
Bought this backpack a few weeks ago. Packaging was fine.,4,neutral
Bought this air fryer a few weeks ago. My whole family loves it now.,5,positive
This office chair is amazing. Battery life is impressive. Rating: 4/5.,4,positive
This vacuum cleaner is amazing.,4,positive
Bought this vacuum cleaner a few weeks ago. Overall it's not great. Rating: 5/5.,5,neutral
This backpack is fantastic. I would definitely buy this again. Rating: 3/5.,3,positive
This coffee maker is well made.,5,positive
Bought this laptop a few weeks ago. Customer service was vary helpful. Overall it's not bad.,4,positive
This desk lamp is comfortable. My whole family loves it now.,5,positive
Bought this coffee maker a few weeks ago. Delivery took about a week.,3,neutral
This headphones is worth every penny. It feels premium for the price.,4,positive
This blender is subpar. It's louder than advertised.,2,negative
This air fryer is average.,4,neutral
This smartwatch is uncomfortable. Customer support never responded.,1,negative
"This bluetooth speaker is well made. Also, I had to return it after two days.",3,positive
This bluetooth speaker is okay.,3,neutral
This blender is fast.,4,positive
This laptop is nothing special. It's fine for the price but i wouldn't rave about it. Overall it's wouldn't recommend. Rating: 2/5.,2,neutral
"This phone case is excellent. I would definitely buy this again. However, customer support never responded. Rating: 3/5.",3,positive
"This running shoes is badly made. Stopped working within a week. That said, exceeded my expectations.",1,negative
This vacuum cleaner is poor. The size runs way smaller than expected. Rating: 2/5.,2,negative
Bought this coffee maker a few weeks ago. Stopped working within a week.,2,negative
"This running shoes is cheap. It's louder than advertised. However, works as described, no surprises.",1,negative
"Bought this backpack a few weeks ago. Some features are useful, others aren't.",4,neutral
This desk lamp is top notch.,5,positive
This phone case is defective. I had to return it after two days. Rating: 1/5.,1,negative
This running shoes is solid. Works perfectly out of the box.,3,positive
Bought this yoga mat a few weeks ago. I would definately buy this again. Overall it's not great.,4,positive
This vacuum cleaner is shoddy. The size runs way smaller than expected. Overall it's could be better.,3,negative
This running shoes is badly made. It's louder than advertised. Overall it's wouldn't recommend.,3,negative
"This smartwatch is acceptable. Delivery took about a week. Also, the size runs way smaller than expected. Overall it's could be better. Rating: 3/5.",3,neutral
This laptop is awful. The material feels cheap.,2,negative
"Bought this air fryer a few weeks ago. Works perfectly out of the box. Also, battery drains way too fast. Rating: 4/5.",4,positive
"This yoga mat is badly made. The size runs way smaller than expected. Also, delivery took about a week. Rating: 2/5.",2,negative
Bought this backpack a few weeks ago. Setup took less than five minutes.,5,positive
This air fryer is great.,4,positive
This wireless mouse is sleek. The build quality is great.,5,positive
This blender is worth every penny. The build quality is great.,4,neutral
This running shoes is average.,2,neutral
This office chair is fantastic. Customer service was very helpful. Rating: 5/5.,5,positive
Bought this smartwatch a few weeks ago. My whole family loves it now.,3,positive
This office chair is outstanding. The build quality is great.,4,positive
"Bought this laptop a few weeks ago. Battery life is impressive. However, I had to return it after two days.",5,positive
"This laptop is terrible. However, some features are useful, others aren't.",2,negative
This wireless mouse is fantastic. Rating: 4/5.,4,positive
This phone case is faulty. The material feels cheap. Rating: 1/5.,1,negative
This coffee maker is frustrating. The size runs way smaller than expected. Rating: 2/5.,2,negative
This desk lamp is flimsy.,3,negative
This smartwatch is fantastic.,3,positive
Bought this wireless mouse a few weeks ago. Customer service was very helpful. Rating: 3/5.,3,positive
"Bought this headphones a few weeks ago. Shipping was fast and packaging was solid. On the downside, stopped working within a week. Rating: 4/5.",4,positive
This running shoes is superb.,4,positive
"This vacuum cleaner is subpar. I had to return it after two days. On the plus side, my whole family loves it now. Rating: 2/5.",2,negative
"This blender is reliable. That said, stopped working within a week. Rating: 3/5.",3,positive
This running shoes is outstanding. The build quality is great.,3,neutral
"This blender is top notch. Customer service was very helpful. However, it does teh job but nothing more. Rating: 5/5.",5,positive
This air fryer is useless. Overall it's could be better.,2,negative
This office chair is nothing special. Delivery took about a week.,4,neutral
This air fryer is slow. It's louder than advertised.,3,negative
Bought this office chair a few weeks ago.,3,neutral
This office chair is impressive. The build quality is great.,3,positive
This air fryer is great. Customer service was very helpful. Overall it's not great. Rating: 3/5.,3,positive
"This vacuum cleaner is amazing. Works perfectly out of the box. Also, it's fine for the price but I wouldn't rave about it.",5,positive
"This office chair is sleek. That said, delivery took about a week.",3,positive
"This wireless mouse is broken. That said, battery life is impressive. Rating: 1/5.",1,negative
This air fryer is disappointing.,1,negative
This smartwatch is sturdy. Rating: 4/5.,4,positive
This vacuum cleaner is responsive. Shipping was fast and packaging was solid.,3,positive
Bought this smartwatch a few weeks ago. My whole family loves it now.,5,positive
"This office chair is broken. I regret this purchase. That said, exceeded my expectations.",2,negative
This yoga mat is okay. Packaging was fine.,4,neutral
This desk lamp is great. Rating: 5/5.,5,positive
"Bought this smartwatch a few weeks ago. I had to return it after two days. However, battery life is impressive.",2,negative
This vacuum cleaner is average. It's fine for the price but i wouldn't rave about it. Rating: 2/5.,2,neutral
This wireless mouse is worth every penny.,3,positive
This desk lamp is badly made. Overall it's wouldn't recommend. Rating: 3/5.,3,neutral
"This bluetooth speaker is clunky. I regret this purchase. On the plus side, some features are useful, others aren't. Overall it's wouldn't recommend. Rating: 1/5.",1,negative
This blender is fantastic. My whole family loves it now.,4,positive
This coffee maker is awful.,1,negative
This coffee maker is nothing special.,3,neutral
This vacuum cleaner is sleek. The build quality is great.,5,positive
This bluetooth speaker is broken. I had to return it after two days.,3,negative
This backpack is great.,5,positive
Bought this laptop a few weeks ago.,1,negative
This running shoes is affordable. Customer service was very helpful.,5,positive
This air fryer is comfortable. My whole family loves it now.,5,positive
This vacuum cleaner is subpar. Rating: 1/5.,1,negative
"Bought this backpack a few weeks ago. Battery life is impressive. However, the instructions were confusing.",3,positive
This blender is overpriced.,2,negative
"This bluetooth speaker is average. Works as described, no surprises. Overall it's not as good as I hoped.",3,neutral
This air fryer is durable. Works perfectly out of the box.,5,positive
This running shoes is cheap. Rating: 1/5.,1,negative
This blender is terrible. I had to return it after two days.,2,negative
This smartwatch is subpar. Overall it's didn't disappoint.,2,negative
This smartwatch is slow. The instructions were confusing. Rating: 1/5.,1,negative
This phone case is uncomfortable. Rating: 2/5.,2,negative
This headphones is affordable. Overall it's wouldn't recommend.,5,positive
Bought this yoga mat a few weeks ago.,5,positive
This blender is fantastic. Works perfectly out of teh box.,4,positive
"This desk lamp is poor. It arrived damaged. That said, shipping was fast and packaging was solid. Rating: 3/5.",3,negative
This running shoes is worth every penny. Exceeded my expectations. Rating: 4/5.,4,positive
This coffee maker is impressive.,4,positive
This coffee maker is comfortable. Exceeded my expectations. Overall it's wouldn't recommend.,5,positive
This office chair is badly made. It arrived damaged.,1,negative
Bought this air fryer a few weeks ago. Setup took less than five minutes.,5,positive
This backpack is outstanding. Shipping was fast and packaging was solid. Rating: 5/5.,5,negative
This laptop is smooth. Setup took less than five minutes.,4,positive
This bluetooth speaker is sturdy.,4,positive
This headphones is amazing.,4,positive
This air fryer is superb.,4,positive
"This laptop is durable. The build quality is great. However, some features are useful, others aren't.",4,positive
"This phone case is poor. It's louder than advertised. On the plus side, teh build quality is great.",1,negative
Bought this laptop a few weeks ago. Exceeded my expectations.,3,positive
This laptop is clunky. The material feels cheap.,3,negative
"This yoga mat is great. Works perfectly out of the box. Also, the size runs way smaller than expected. Rating: 4/5.",4,positive
This vacuum cleaner is unreliable. The instructions were confusing.,1,negative
This air fryer is reasonable.,3,neutral
This smartwatch is shoddy. It's louder than advertised. Rating: 2/5.,2,negative
This coffee maker is top notch.,5,positive
"This laptop is top notch. That said, it does the job but nothing more. Overall it's not as good as I hoped. Rating: 5/5.",5,positive
This laptop is shoddy.,2,negative
"This laptop is affordable. Customer service was very helpful. That said, it's fine for the price but I wouldn't rave about it.",4,positive
This phone case is clunky. Rating: 2/5.,2,negative
This running shoes is great. Shipping was fast and packaging was solid. Overall it's didn't disappoint. Rating: 4/5.,4,positive
This coffee maker is average. Delivery took about a week. Rating: 4/5.,4,neutral
This air fryer is wonderful.,5,positive
"This phone case is fine. Some features are useful, others aren't. That said, the material feels cheap. Overall it's can't complain. Rating: 3/5.",3,neutral
"Bought this wireless mouse a few weeks ago. Works perfectly out of the box. However, delivery took about a week. Overall it's not as good as I hoped.",5,positive
This smartwatch is broken. The material feels cheap.,3,negative
This running shoes is faulty.,2,negative
"This vacuum cleaner is broken. It arrived damaged. Also, customer service was very helpful.",1,negative
This phone case is cheap.,3,negative
This vacuum cleaner is comfortable. Exceeded my expectations.,3,positive
This running shoes is great. Rating: 5/5.,5,positive
This laptop is frustrating.,2,negative
This desk lamp is subpar.,1,negative
Bought this running shoes a few weeks ago.,4,positive
This vacuum cleaner is middle of the road. Delivery took about a week.,3,neutral
This phone case is okay. Delivery took about a week.,2,neutral
This phone case is decent. Delivery took about a week.,3,neutral
"Bought this smartwatch a few weeks ago. The material feels cheap. On teh plus side, some features are useful, others aren't.",1,negative
"This smartwatch is faulty. It arrived damaged. Also, some features are useful, others aren't.",1,negative
"This running shoes is solid. I would definitely buy this again. Also, it's fine for the price but I wouldn't rave about it.",4,positive
This phone case is acceptable. It's fine for the price but i wouldn't rave about it.,2,neutral
This running shoes is comfortable.,4,positive
This office chair is impressive. Customer service was very helpful. Overall it's not great.,3,positive
This laptop is cheap. The material feels cheap.,2,negative
This headphones is cheap. The size runs way smaller than expected. Overall it's could be better.,1,negative
This phone case is unreliable. The instructions were confusing. Overall it's not as good as I hoped.,1,negative
This headphones is great. The build quality is great.,4,positive
This bluetooth speaker is smooth. My whole family loves it now.,3,positive
This backpack is excellent. My whole family loves it now. Rating: 4/5.,4,positive
"This bluetooth speaker is reasonable. It's fine for teh price but i wouldn't rave about it. However, it arrived damaged.",3,neutral
This running shoes is standard. It's fine for teh price but i wouldn't rave about it.,3,neutral
This phone case is badly made. The instructions were confusing.,2,neutral
"This air fryer is flimsy. I regret this purchase. On the plus side, I would definately buy this again. Rating: 1/5.",1,negative
This backpack is smooth. Battery life is impressive.,5,positive
This yoga mat is solid. I would definitely buy this again. Rating: 5/5.,5,positive
This wireless mouse is wonderful. I would definitely buy this again.,5,positive
This bluetooth speaker is amazing.,4,positive
"This running shoes is worth every penny. Setup took less than five minutes. Also, battery drains way too fast.",4,positive
Bought this running shoes a few weeks ago. Stopped working within a week.,1,negative
Bought this bluetooth speaker a few weeks ago. Exceeded my expectations.,3,positive
"This laptop is worth every penny. Setup took less than five minutes. Also, packaging was fine.",4,positive
Bought this headphones a few weeks ago. Battery drains way too fast. Rating: 3/5.,3,negative
This running shoes is reasonable.,2,neutral
Bought this office chair a few weeks ago. I had to return it after two days.,1,negative
Bought this headphones a few weeks ago. Battery drains way too fast. Overall it's can't complain.,3,negative
This air fryer is impressive.,5,positive
Bought this laptop a few weeks ago. It feels premium for the price.,4,positive
"Bought this smartwatch a few weeks ago. I regret this purchase. That said, it does the job but nothing more.",1,negative
This phone case is affordable. Rating: 3/5.,3,positive
"This bluetooth speaker is superb. On the plus side, it's fine for the price but I wouldn't rave about it. Rating: 4/5.",4,positive
Bought this headphones a few weeks ago. Customer service was very helpful. Overall it's didn't disappoint.,4,positive
"This bluetooth speaker is clunky. The size runs way smaller than expected. However, setup took less than five minutes. Overall it's wouldn't recommend.",2,negative
"This backpack is worth every penny. Works perfectly out of teh box. However, delivery took about a week.",3,positive
This blender is faulty. I regret this purchase.,3,negative
This coffee maker is frustrating. The material feels cheap.,1,negative
This blender is responsive. The build quality is great.,5,positive
This blender is reasonable.,2,neutral
Bought this headphones a few weeks ago. My whole family loves it now. Overall it's not as good as I hoped.,5,positive
Bought this blender a few weeks ago. It's louder than advertised. Rating: 2/5.,2,negative
"This laptop is shoddy. Battery drains way too fast. That said, shipping was fast and packaging was solid.",1,negative
This desk lamp is decent.,3,neutral
This headphones is terrible. Customer support never responded.,1,negative
"This desk lamp is sleek. The build qaulity is great. Also, delivery took about a week.",3,positive
Bought this running shoes a few weeks ago.,2,neutral
This coffee maker is responsive.,4,positive
This vacuum cleaner is acceptable. It does the job but nothing more. Overall it's can't complain.,3,neutral
This desk lamp is slow. The instructions were confusing.,3,negative
This running shoes is well made. Shipping was fast and packaging was solid.,5,positive
"Bought this blender a few weeks ago. Setup took less than five minutes. That said, it's louder than advertised.",3,positive
Bought this air fryer a few weeks ago.,2,negative
Bought this phone case a few weeks ago. It feels premium for the price.,4,positive
This wireless mouse is great. Battery life is impressive.,5,positive
"This headphones is badly made. The instructions were confusing. Also, it feels premium for the price.",2,negative
Bought this blender a few weeks ago. I had to return it after two days. Rating: 3/5.,3,negative
Bought this yoga mat a few weeks ago. Customer support never responded.,2,negative
This bluetooth speaker is great.,3,positive
This smartwatch is well made. Exceeded my expectations.,3,positive
Bought this blender a few weeks ago. It's fine for teh price but i wouldn't rave about it.,4,neutral
"This running shoes is top notch. Exceeded my expectations. However, the instructions were confusing.",5,positive
"Bought this blender a few weeks ago. Battery drains way too fast. That said, customer service was very helpful.",1,negative
This office chair is flimsy.,1,negative
This blender is sleek.,4,positive
This air fryer is great.,4,positive
This air fryer is excellent. I would definitely buy this again.,5,positive
This blender is disappointing. Rating: 1/5.,1,negative
This desk lamp is cheap.,1,negative
"Bought this vacuum cleaner a few weeks ago. Exceeded my expectations. Also, it does the job but nothing more.",5,positive
This laptop is standard. It does the job but nothing more.,3,neutral
This backpack is outstanding. Shipping was fast and packaging was solid.,4,positive
This bluetooth speaker is superb. Shipping was fast and packaging was solid. Rating: 5/5.,5,positive
This bluetooth speaker is disappointing. It's louder than advertised.,1,negative
This vacuum cleaner is wonderful.,4,positive
This yoga mat is acceptable.,3,neutral
This office chair is affordable. Rating: 4/5.,4,positive
"Bought this running shoes a few weeks ago. The size runs way smaller than expected. Also, it does the job but nothing more. Rating: 3/5.",3,negative
This headphones is useless. The material feels cheap.,3,negative
This vacuum cleaner is responsive.,4,positive
"This desk lamp is worth every penny. Battery life is impressive. That said, I had to return it after two days.",4,positive
This headphones is solid. Battery life is impressive. Overall it's not as good as I hoped.,5,positive
This headphones is useless. The size runs way smaller than expected. Rating: 1/5.,1,negative
"This bluetooth speaker is nothing special. Also, battery drains way too fast. Overall it's not bad. Rating: 3/5.",3,neutral
This smartwatch is solid.,4,positive
Bought this bluetooth speaker a few weeks ago. Customer service was very helpful.,4,positive
"This air fryer is cheap. On the plus side, it's fine for the price but I wouldn't rave about it.",2,negative
"This headphones is not worth it. I had to return it after two days. However, I would definitely buy this again.",3,negative
"This running shoes is decent. Works as described, no surprises. That said, shipping was fast and packaging was solid.",2,neutral
"This smartwatch is useless. I had to return it after two days. On teh plus side, packaging was fine.",2,negative
This yoga mat is disappointing. It's louder than advertised. Rating: 2/5.,2,negative
"This desk lamp is flimsy. That said, packaging was fine.",3,negative
This headphones is unreliable.,1,negative
"Bought this running shoes a few weeks ago. Some features are useful, others aren't.",3,neutral
This headphones is subpar. The material feels cheap.,1,negative
This smartwatch is defective. Rating: 2/5.,2,negative
Bought this smartwatch a few weeks ago. My whole family loves it now.,3,positive
Bought this backpack a few weeks ago. Rating: 1/5.,1,negative
This office chair is not worth it. The size runs way smaller than expected.,2,negative
This smartwatch is sleek. My whole family loves it now. Overall it's can't complain.,4,positive
Bought this yoga mat a few weeks ago. Works perfectly out of the box.,5,positive
This air fryer is decent. Rating: 3/5.,3,neutral
"This yoga mat is wonderful. The build quality is great. On the downside, teh material feels cheap.",5,positive
"This blender is worth every penny. Works perfectly out of the box. However, the size runs way smaller than expected.",4,negative
Bought this desk lamp a few weeks ago. Rating: 2/5.,2,neutral
"This bluetooth speaker is so-so. Works as described, no surprises.",2,neutral
Bought this yoga mat a few weeks ago.,5,positive
This bluetooth speaker is nothing special. Rating: 4/5.,4,neutral
"This running shoes is fast. Works perfectly out of the box. That said, customer support never responded. Overall it's not great.",4,positive
"This vacuum cleaner is awful. It's louder than advertised. On the plus side, it's fine for the price but I wouldn't rave about it.",2,negative
This coffee maker is so-so. Rating: 4/5.,4,neutral
"This blender is wonderful. Works perfectly out of teh box. That said, I had to return it after two days.",5,positive
Bought this yoga mat a few weeks ago. Rating: 5/5.,5,positive
"This wireless mouse is solid. On the plus side, works as described, no surprises.",4,positive
"This coffee maker is impressive. On the plus side, it's fine for teh price but I wouldn't rave about it.",5,positive
This running shoes is amazing. Customer service was vary helpful. Rating: 3/5.,3,positive
"This vacuum cleaner is fine. Works as described, no surprises. Overall it's wouldn't recommend.",3,neutral
This yoga mat is clunky. Stopped working within a week.,1,negative
This bluetooth speaker is unreliable. The size runs way smaller than expected.,2,negative
Bought this smartwatch a few weeks ago. Battery life is impressive.,4,positive
This bluetooth speaker is smooth. The build quality is great.,3,positive
"This coffee maker is fine. Works as described, no surprises.",2,neutral
This laptop is sturdy.,5,positive
"Bought this laptop a few weeks ago. I regret this purchase. That said, works as described, no surprises.",2,negative
"This yoga mat is standard. Some features are useful, others aren't. On teh downside, I had to return it after two days. Rating: 3/5.",3,neutral
This running shoes is frustrating. I regret this purchase.,2,positive
This vacuum cleaner is outstanding.,5,positive
This yoga mat is impressive. I would definitely buy this again.,4,negative
This vacuum cleaner is frustrating. The instructions were confusing.,1,negative
This vacuum cleaner is impressive. Customer service was very helpful.,5,positive
This backpack is excellent. I would definitely buy this again.,5,positive
Bought this desk lamp a few weeks ago. Battery drains way too fast.,1,negative
Bought this air fryer a few weeks ago. Setup took less than five minutes.,5,positive
This vacuum cleaner is awful. It's louder than advertised.,1,negative
"This wireless mouse is comfortable. The build quality is great. Also, I had to return it after two days.",4,positive
"This coffee maker is subpar. I had to return it after two days. That said, setup took less than five minutes. Overall it's not as good as I hoped.",3,negative
"This wireless mouse is solid. Works perfectly out of the box. However, it's louder than advertised.",4,positive
Bought this wireless mouse a few weeks ago. Battery drains way too fast.,2,negative
This desk lamp is worth every penny. Battery life is impressive. Rating: 5/5.,5,positive
"This blender is comfortable. On the downside, the material feels cheap.",4,positive
"This running shoes is so-so. It does the job but nothing more. That said, customer support never responded. Rating: 3/5.",3,neutral
"This running shoes is so-so. Works as described, no surprises. Rating: 4/5.",4,neutral
This backpack is responsive. It feels premium for the price.,4,positive
This laptop is shoddy. The size runs way smaller than expected.,2,negative
Bought this wireless mouse a few weeks ago. My whole family loves it now. Rating: 5/5.,5,positive
"Bought this bluetooth speaker a few weeks ago. However, customer support never responded.",4,positive
Bought this backpack a few weeks ago. Delivery took about a week. Overall it's not bad. Rating: 3/5.,3,neutral
This desk lamp is amazing. Exceeded my expectations.,4,positive
"This wireless mouse is superb. On the downside, customer support never responded.",4,positive
Bought this blender a few weeks ago. Works perfectly out of the box. Overall it's not as good as I hoped. Rating: 3/5.,3,positive
This desk lamp is slow.,2,negative
This blender is awful.,2,negative
This backpack is well made.,3,positive
This blender is responsive. Works perfectly out of the box.,5,positive
This backpack is worth every penny.,5,positive
"This yoga mat is superb. Exceeded my expectations. That said, some features are useful, others aren't. Rating: 4/5.",4,positive
This air fryer is impressive.,5,positive
This blender is middle of the road. Delivery took about a week.,4,neutral
"Bought this laptop a few weeks ago. Shipping was fast and packaging was solid. That said, the instructions were confusing.",4,positive
Bought this blender a few weeks ago. Stopped working within a week.,1,negative
"Bought this yoga mat a few weeks ago. I had to return it after two days. Also, delivery took about a week. Overall it's wouldn't reccomend.",1,negative
This coffee maker is responsive.,4,positive
"This backpack is reasonable. Packaging was fine. That said, the size runs way smaller than expected. Overall it's wouldn't recommend. Rating: 4/5.",4,neutral
Bought this yoga mat a few weeks ago. It does the job but nothing more. Rating: 2/5.,2,neutral
"This coffee maker is smooth. Shipping was fast and packaging was solid. On the downside, the instructions were confusing. Rating: 5/5.",5,positive
This coffee maker is nothing special. Overall it's wouldn't recommend. Rating: 2/5.,2,neutral
This headphones is nothing special.,3,neutral
This smartwatch is worth every penny. Exceeded my expectations. Overall it's didn't disappoint.,3,positive
This headphones is so-so. Packaging was fine.,3,neutral
This headphones is sturdy.,5,positive
This backpack is terrible.,3,negative
This yoga mat is poor.,1,negative
This running shoes is nothing special. Rating: 3/5.,3,neutral
This phone case is fantastic. Exceeded my expectations. Overall it's not bad. Rating: 5/5.,5,positive
This coffee maker is great. My whole family loves it now.,4,positive
This backpack is wonderful. Works perfectly out of the box.,5,positive
This yoga mat is great. The build quality is great. Rating: 4/5.,4,positive
This phone case is solid. Setup took less than five minutes.,4,positive
This headphones is sleek. Customer service was very helpful. Overall it's not as good as I hoped.,3,positive
"This laptop is solid. Battery life is impressive. Also, I regret this purchase.",5,positive
"This vacuum cleaner is reasonable. Works as described, no surprises. Overall it's wouldn't recommend.",3,neutral
This laptop is average. It does teh job but nothing more. Overall it's could be better. Rating: 2/5.,2,neutral
Bought this yoga mat a few weeks ago. The material feels cheap. Rating: 2/5.,2,negative
This desk lamp is responsive. Battery life is impressive.,3,positive
This desk lamp is standard.,4,neutral
This phone case is great.,3,positive
This vacuum cleaner is badly made.,2,negative
This backpack is broken.,2,negative
"This wireless mouse is standard. Some features are useful, others aren't.",3,neutral
"This coffee maker is acceptable. On teh downside, the size runs way smaller than expected.",2,neutral
This air fryer is responsive.,4,positive
This coffee maker is disappointing.,1,negative
This coffee maker is frustrating. Battery drains way too fast.,2,negative
Bought this laptop a few weeks ago.,3,negative
"This bluetooth speaker is poor. Stopped working within a week. However, it's fine for the price but I wouldn't rave about it. Overall it's can't complain.",2,negative
This headphones is overpriced. It's louder than advertised. Rating: 2/5.,2,negative
This vacuum cleaner is impressive. Shipping was fast and packaging was solid. Overall it's didn't disappoint.,4,positive
Bought this running shoes a few weeks ago. Setup took less than five minutes.,4,positive
This phone case is badly made. Rating: 1/5.,1,negative
This coffee maker is great. It feels premium for the price.,4,positive
This air fryer is not worth it.,1,negative
"This wireless mouse is nothing special. Some features are useful, others aren't.",3,neutral
This yoga mat is slow.,1,negative
This phone case is average.,4,neutral
This phone case is comfortable. Setup took less than five minutes.,4,positive
This yoga mat is sleek.,4,positive
"This desk lamp is fast. Battery life is impressive. On the plus side, it's fine for the price but I wouldn't rave about it.",5,positive
This office chair is decent. Packaging was fine.,3,neutral
This laptop is top notch. My whole family loves it now. Rating: 5/5.,5,positive
Bought this office chair a few weeks ago. The build qaulity is great. Rating: 4/5.,4,positive
"This wireless mouse is disappointing. I regret this purchase. That said, packaging was fine.",1,negative
This yoga mat is fast. Shipping was fast and packaging was solid. Rating: 5/5.,5,positive
This coffee maker is comfortable. Rating: 5/5.,5,positive
Bought this blender a few weeks ago. It arrived damaged.,1,negative
Bought this backpack a few weeks ago. Packaging was fine.,3,neutral
Bought this smartwatch a few weeks ago. Stopped working within a week. Rating: 1/5.,1,negative
This backpack is fast.,5,positive
This yoga mat is great. Battery life is impressive.,4,positive
This running shoes is overpriced. It's louder than advertised. Rating: 2/5.,2,negative
"This air fryer is average. Works as described, no surprises. However, the size runs way smaller than expected.",3,neutral
Bought this blender a few weeks ago. It feels premium for the price.,5,positive
This smartwatch is subpar. The size runs way smaller than expected.,1,negative
This laptop is clunky. The size runs way smaller than expected.,2,negative
This air fryer is defective. I had to return it after two days. Overall it's not bad. Rating: 2/5.,2,negative
"Bought this running shoes a few weeks ago. Battery life is impressive. However, the material feels cheap.",5,positive
This wireless mouse is unreliable. The size runs way smaller than expected.,2,negative
"Bought this smartwatch a few weeks ago. On the downside, I had to return it after two days. Rating: 2/5.",2,neutral
Bought this blender a few weeks ago.,1,negative
Bought this running shoes a few weeks ago. Battery drains way too fast.,3,negative
This blender is outstanding.,3,positive
This blender is so-so.,3,neutral
This coffee maker is excellent. Works perfectly out of the box.,4,positive
This yoga mat is cheap.,2,negative
"This running shoes is sturdy. That said, stopped working within a week. Overall it's not bad.",5,positive
"This bluetooth speaker is subpar. The material feels cheap. On the plus side, exceeded my expectations. Rating: 3/5.",3,negative
This yoga mat is responsive. I would definitely buy this again.,3,positive
This headphones is sturdy. Customer service was very helpful. Overall it's wouldn't recommend.,4,positive
This laptop is overpriced. Overall it's wouldn't recommend. Rating: 1/5.,1,negative
Bought this laptop a few weeks ago.,4,positive
This coffee maker is fast. Overall it's not great.,5,positive
"This bluetooth speaker is fine. Works as described, no surprises.",3,neutral
This yoga mat is outstanding.,4,positive
This air fryer is useless. It's louder than advertised.,2,negative
This backpack is terrible. Customer support never responded.,2,negative
This running shoes is flimsy. I had to return it after two days.,3,negative
This vacuum cleaner is uncomfortable.,2,negative
"This running shoes is subpar. The instructions were confusing. However, works perfectly out of the box.",1,positive
This laptop is superb.,5,positive
This office chair is okay.,3,neutral
This backpack is fast. Rating: 3/5.,3,positive
This phone case is fantastic. My whole family loves it now.,3,positive
This vacuum cleaner is wonderful.,4,positive
This yoga mat is outstanding. Customer service was very helpful.,4,positive
This desk lamp is poor. The material feels cheap. Overall it's not as good as I hoped.,2,negative
This blender is so-so.,2,neutral
This laptop is top notch. The build quality is great. Overall it's could be better.,4,positive
This headphones is responsive. Shipping was fast and packaging was solid. Overall it's wouldn't recommend.,5,positive
This running shoes is outstanding. My whole family loves it now.,3,positive
This vacuum cleaner is comfortable. Overall it's can't complain.,4,positive
This phone case is responsive. Works perfectly out of the box. Rating: 3/5.,3,positive
This air fryer is overpriced.,2,negative
This air fryer is nothing special. Packaging was fine. Rating: 3/5.,3,neutral
This blender is so-so.,2,neutral
This desk lamp is sleek. Shipping was fast and packaging was solid.,3,positive
This backpack is sturdy. Works perfectly out of the box.,5,positive
"This coffee maker is fantastic. The build quality is great. That said, works as described, no surprises. Rating: 4/5.",4,positive
This coffee maker is disappointing.,3,negative
"This smartwatch is great. Customer service was very helpful. However, customer support never responded.",4,positive
"This running shoes is amazing. Works perfectly out of teh box. That said, it's fine for the price but I wouldn't rave about it. Rating: 5/5.",5,positive
This coffee maker is so-so. Delivery took about a week. Overall it's not great.,3,neutral
Bought this wireless mouse a few weeks ago.,5,positive
Bought this smartwatch a few weeks ago. Overall it's wouldn't recommend.,5,neutral
"Bought this headphones a few weeks ago. Works perfectly out of the box. However, the material feels cheap. Rating: 3/5.",3,positive
This air fryer is outstanding. Customer service was very helpful.,5,positive
Bought this air fryer a few weeks ago.,4,positive
This bluetooth speaker is unreliable.,1,negative
This desk lamp is shoddy.,1,negative
This office chair is terrible. It arrived damaged.,1,negative
This phone case is terrible. Battery drains way too fast.,2,positive
This yoga mat is awful. I regret this purchase. Rating: 2/5.,2,negative
This backpack is not worth it.,2,negative
This yoga mat is impressive. Setup took less than five minutes.,4,positive
This backpack is comfortable. I would definitely buy this again. Overall it's not as good as I hoped.,4,positive
This bluetooth speaker is affordable. Battery life is impressive.,5,positive
This smartwatch is poor.,1,positive
Bought this phone case a few weeks ago. Setup took less than five minutes.,4,positive
"This wireless mouse is so-so. Delivery took about a week. On teh plus side, exceeded my expectations. Rating: 3/5.",3,neutral
This running shoes is fantastic. It feels premium for the price. Rating: 3/5.,3,positive
This vacuum cleaner is awful. The instructions were confusing.,2,negative
This wireless mouse is fast. My whole family loves it now.,5,positive
"This laptop is disappointing. It's louder than advertised. However, packaging was fine. Overall it's could be better. Rating: 1/5.",1,negative
This smartwatch is solid. Rating: 4/5.,4,positive
This headphones is unreliable.,1,negative
This coffee maker is fantastic. Works perfectly out of the box. Rating: 5/5.,5,positive
This office chair is durable. Setup took less than five minutes.,4,positive
This yoga mat is sturdy.,4,positive
This coffee maker is excelent. Customer service was very helpful.,5,positive
Bought this wireless mouse a few weeks ago. I regret this purchase. Rating: 1/5.,1,negative
Bought this bluetooth speaker a few weeks ago.,2,negative
This bluetooth speaker is acceptable.,4,neutral
This headphones is sturdy.,5,positive
This laptop is frustrating.,3,negative
Bought this coffee maker a few weeks ago.,5,positive
This desk lamp is well made.,5,positive
"This laptop is not worth it. I regret this purchase. That said, some features are useful, others aren't.",1,negative
This phone case is worth every penny.,4,positive
This smartwatch is nothing special. Delivery took about a week. Overall it's not bad.,2,neutral
This bluetooth speaker is excellent.,4,positive
This laptop is terrible. Customer support never responded. Overall it's could be better.,2,negative
"This office chair is not worth it. Customer support never responded. Also, setup took less than five minutes. Overall it's not as good as I hoped.",1,negative
Bought this wireless mouse a few weeks ago. Battery life is impressive.,5,positive
"This blender is nothing special. Packaging was fine. That said, exceeded my expectations.",3,neutral
This coffee maker is comfortable. Shipping was fast and packaging was solid.,3,positive
This desk lamp is poor.,2,negative
This office chair is outstanding. The build quality is great.,4,positive
This laptop is faulty. The size runs way smaller than expected. Rating: 2/5.,2,negative
"This desk lamp is cheap. The material feels cheap. Also, it does the job but nothing more.",2,negative
This running shoes is outstanding. Battery life is impressive. Rating: 4/5.,4,positive
This blender is reliable.,4,positive
"This bluetooth speaker is unreliable. Also, delivery took about a week.",1,negative
This desk lamp is overpriced. The instructions were confusing.,1,negative
This desk lamp is smooth. Customer service was very helpful. Rating: 3/5.,3,positive
This office chair is reliable. I would definitely buy this again.,4,positive
This vacuum cleaner is subpar. The material feels cheap.,2,negative
This running shoes is nothing special. It's fine for the price but i wouldn't rave about it.,4,neutral
This smartwatch is responsive.,3,positive
This vacuum cleaner is fast.,4,positive
This wireless mouse is durable. My whole family loves it now.,4,positive
This air fryer is broken.,1,positive
Bought this desk lamp a few weeks ago. The build quality is great.,3,positive
This air fryer is okay. Packaging was fine.,3,neutral
"This smartwatch is subpar. It arrived damaged. Also, packaging was fine.",1,negative
This vacuum cleaner is sleek. Setup took less than five minutes.,5,positive
This phone case is badly made. Battery drains way too fast.,2,negative
This desk lamp is uncomfortable. Stopped working within a week. Rating: 2/5.,2,negative
This yoga mat is acceptable.,4,neutral
This headphones is affordable.,4,positive
Bought this running shoes a few weeks ago. The size runs way smaller than expected.,2,negative
Bought this smartwatch a few weeks ago. The build quality is great.,4,positive
This air fryer is clunky. I regret this purchase.,1,negative
Bought this bluetooth speaker a few weeks ago. Customer support never responded.,2,negative
"Bought this blender a few weeks ago. On the plus side, some features are useful, others aren't.",4,positive
This vacuum cleaner is poor. The size runs way smaller than expected. Overall it's not bad.,1,negative
This office chair is sleek. My whole family loves it now. Rating: 3/5.,3,positive
This headphones is fine.,3,neutral
This blender is frustrating. Overall it's wouldn't recommend.,3,negative
This desk lamp is fantastic. My whole family loves it now.,4,positive
This laptop is sleek.,5,neutral
This bluetooth speaker is nothing special.,3,neutral
"This office chair is smooth. Customer service was very helpful. That said, works as described, no surprises.",4,positive
This running shoes is durable. Works perfectly out of the box. Overall it's wouldn't recommend.,4,positive
"This coffee maker is fine. Works as described, no surprises. Rating: 3/5.",3,neutral
This office chair is defective. The material feels cheap. Overall it's wouldn't recommend.,2,negative
This backpack is shoddy. Rating: 3/5.,3,negative
"This yoga mat is reliable. I would definitely buy this again. Also, it does the job but nothing more.",5,neutral
This running shoes is durable.,4,positive
This smartwatch is okay. It does teh job but nothing more.,3,neutral
This running shoes is badly made. Stopped working within a week. Overall it's not bad.,3,negative
This headphones is well made.,4,positive
This headphones is excellent.,4,neutral
This backpack is okay. Packaging was fine.,3,neutral
"Bought this backpack a few weeks ago. I had to return it after two days. That said, it feels premium for the price. Rating: 1/5.",1,negative
This yoga mat is flimsy.,1,negative
This air fryer is solid. Setup took less than five minutes. Rating: 5/5.,5,positive
Bought this phone case a few weeks ago. It does the job but nothing more.,3,neutral
Bought this yoga mat a few weeks ago.,3,positive
This desk lamp is middle of the road. It does the job but nothing more.,2,neutral
This coffee maker is affordable. Shipping was fast and packaging was solid.,5,positive
"This smartwatch is superb. Customer service was very helpful. However, it's fine for the price but I wouldn't rave about it.",4,positive
Bought this headphones a few weeks ago.,3,positive
Bought this blender a few weeks ago.,4,positive
This air fryer is shoddy. I had to return it after two days. Rating: 1/5.,1,negative
Bought this yoga mat a few weeks ago. I regret this purchase. Overall it's didn't disappoint.,2,negative
This yoga mat is unreliable. Stopped working within a week.,1,negative
Bought this blender a few weeks ago. My whole family loves it now.,4,positive
Bought this wireless mouse a few weeks ago.,1,negative
This headphones is overpriced. It's louder than advertised.,2,negative
"This desk lamp is outstanding. The build quality is great. On teh downside, stopped working within a week.",4,negative
Bought this desk lamp a few weeks ago. My whole family loves it now.,4,positive
"This vacuum cleaner is poor. The instructions were confusing. That said, it does teh job but nothing more.",1,negative
This yoga mat is unreliable. Rating: 3/5.,3,negative
Bought this backpack a few weeks ago.,1,negative
This desk lamp is worth every penny. It feels premium for the price.,5,positive
This coffee maker is okay. It does the job but nothing more.,3,neutral
This phone case is amazing. Battery life is impressive.,4,positive
"Bought this coffee maker a few weeks ago. I would definitely buy this again. Also, I had to return it after two days.",5,positive
This yoga mat is badly made. Stopped working within a week.,2,negative
This headphones is shoddy.,2,negative
This laptop is okay.,4,neutral
This bluetooth speaker is shoddy. It arrived damaged. Overall it's wouldn't reccomend.,2,positive
"This bluetooth speaker is amazing. However, works as described, no surprises.",4,positive
Bought this vacuum cleaner a few weeks ago. I regret this purchase.,1,negative
This office chair is middle of teh road.,4,neutral
Bought this blender a few weeks ago. It feels premium for the price.,5,positive
Bought this bluetooth speaker a few weeks ago.,3,positive
This yoga mat is fast. Rating: 4/5.,4,positive
Bought this headphones a few weeks ago. It arrived damaged. Rating: 2/5.,2,negative
"This blender is acceptable. It does the job but nothing more. However, the material feels cheap.",3,neutral
"Bought this blender a few weeks ago. Customer service was very helpful. Also, the size runs way smaller than expected. Rating: 5/5.",5,positive
This yoga mat is middle of the road. Delivery took about a week.,2,neutral
This coffee maker is nothing special.,3,neutral
This vacuum cleaner is impressive.,4,positive
This backpack is disappointing. It arrived damaged.,1,negative
This wireless mouse is disappointing. The instructions were confusing. Rating: 1/5.,1,negative
This smartwatch is decent. Delivery took about a week.,3,neutral
"This coffee maker is amazing. The build qaulity is great. However, it's fine for the price but I wouldn't rave about it.",5,positive
"Bought this smartwatch a few weeks ago. Works as described, no surprises.",3,neutral
This desk lamp is defective. Battery drains way too fast.,3,negative
This coffee maker is disappointing. I regret this purchase.,1,negative
This air fryer is top notch. It feels premium for the price. Overall it's wouldn't recommend.,5,positive
This desk lamp is smooth. Battery life is impressive.,5,positive
This headphones is cheap. It's louder than advertised. Rating: 2/5.,2,negative
Bought this coffee maker a few weeks ago. Exceeded my expectations.,5,positive
This smartwatch is standard. Packaging was fine.,3,neutral
Bought this smartwatch a few weeks ago.,2,neutral
Bought this coffee maker a few weeks ago. Setup took less than five minutes.,5,positive
"This phone case is cheap. I had to return it after two days. However, it does the job but nothing more.",2,negative
"This backpack is impressive. The build quality is great. However, delivery took about a week.",4,positive
This bluetooth speaker is fine.,3,neutral
This air fryer is standard.,4,neutral
"Bought this running shoes a few weeks ago. It's louder than advertised. That said, it's fine for the price but I wouldn't rave about it. Overall it's didn't disappoint. Rating: 1/5.",1,negative
"This coffee maker is acceptable. Delivery took about a week. Also, I would definitely buy this again.",3,neutral
"This air fryer is great. I would definitely buy this again. Also, it's louder than advertised.",5,positive
"This blender is comfortable. It feels premium for the price. Also, delivery took about a week.",5,positive
This yoga mat is average.,3,neutral
This blender is awful. The instructions were confusing.,2,negative
"This running shoes is unreliable. I regret this purchase. On teh plus side, it's fine for the price but I wouldn't rave about it. Rating: 2/5.",2,negative
Bought this yoga mat a few weeks ago. Works perfectly out of the box. Overall it's didn't disappoint.,5,positive
"This coffee maker is poor. Battery drains way too fast. Also, works as described, no surprises. Rating: 1/5.",1,negative
This vacuum cleaner is okay.,3,neutral
This smartwatch is shoddy.,2,positive
This desk lamp is durable. The build quality is great.,4,positive
Bought this blender a few weeks ago.,1,negative
This air fryer is flimsy. I had to return it after two days. Overall it's could be better.,2,negative
This yoga mat is reliable. I would definately buy this again. Rating: 4/5.,4,positive
This office chair is nothing special. Packaging was fine.,2,neutral
This headphones is well made. Works perfectly out of the box.,5,negative
This coffee maker is poor. I had to return it after two days. Rating: 1/5.,1,negative
This backpack is excellent. Setup took less than five minutes. Overall it's wouldn't recommend.,3,positive
This air fryer is acceptable. Rating: 3/5.,3,neutral
"Bought this office chair a few weeks ago. Exceeded my expectations. On the plus side, some features are useful, others aren't.",5,positive
"This bluetooth speaker is top notch. Also, the material feels cheap. Overall it's could be better.",4,positive
This desk lamp is subpar.,1,negative
This office chair is fast. Exceeded my expectations.,4,positive
"This yoga mat is affordable. On the plus side, delivery took about a week.",4,positive
Bought this blender a few weeks ago.,4,positive
This laptop is sleek. Customer service was very helpful.,5,positive
This bluetooth speaker is useless. The instructions were confusing. Rating: 1/5.,1,negative
This blender is awful. It arrived damaged.,2,negative
"Bought this coffee maker a few weeks ago. Works as described, no surprises. Overall it's not as good as I hoped.",4,neutral
This smartwatch is useless.,3,negative
This office chair is defective. I had to return it after two days. Overall it's didn't disappoint.,2,negative
This backpack is impressive. My whole family loves it now.,4,positive
This bluetooth speaker is poor.,2,negative
This headphones is smooth. I would definately buy this again.,5,positive
This smartwatch is not worth it. I regret this purchase.,1,negative
"This phone case is decent. Some features are useful, others aren't. Overall it's not bad. Rating: 3/5.",3,neutral
"This backpack is outstanding. That said, the material feels cheap.",4,neutral
This laptop is well made. It feels premium for the price.,4,positive
"This desk lamp is amazing. Setup took less than five minutes. Also, works as described, no surprises.",5,positive
"Bought this backpack a few weeks ago. Also, customer service was very helpful.",2,negative
This phone case is top notch. Works perfectly out of the box.,3,neutral
This vacuum cleaner is impressive. The build quality is great.,5,positive
"Bought this headphones a few weeks ago. Also, it's louder than advertised.",5,positive
This laptop is frustrating. The instructions were confusing.,2,negative
This headphones is reasonable. It's fine for the price but i wouldn't rave about it.,2,neutral
This backpack is unreliable. It arrived damaged.,2,negative
This yoga mat is fast. Shipping was fast and packaging was solid. Overall it's didn't disappoint. Rating: 3/5.,3,positive
This running shoes is okay.,3,neutral
This vacuum cleaner is terrible. The size runs way smaller than expected.,1,negative
This running shoes is badly made. The size runs way smaller than expected.,3,negative
"This phone case is nothing special. Also, teh instructions were confusing.",2,neutral
This laptop is cheap.,3,negative
This headphones is responsive. Setup took less than five minutes.,5,positive
This smartwatch is comfortable. Exceeded my expectations. Overall it's not bad. Rating: 4/5.,4,positive
"This smartwatch is average. Delivery took about a week. However, the build quality is great.",3,neutral
"This smartwatch is poor. Battery drains way too fast. However, battery life is impressive.",2,negative
This yoga mat is frustrating. It's louder than advertised. Rating: 1/5.,1,negative
This coffee maker is reliable. Setup took less than five minutes. Rating: 5/5.,5,negative
"This coffee maker is overpriced. The instructions were confusing. Also, delivery took about a week. Overall it's not bad. Rating: 3/5.",3,negative
This phone case is worth every penny. Exceeded my expectations. Rating: 4/5.,4,positive
Bought this headphones a few weeks ago. I had to return it after two days. Rating: 2/5.,2,negative
This headphones is broken. It's louder than advertised. Rating: 2/5.,2,negative
This running shoes is faulty. I had to return it after two days. Rating: 1/5.,1,negative
"Bought this air fryer a few weeks ago. It does the job but nothing more. However, setup took less than five minutes.",3,positive
This desk lamp is great.,4,positive
This vacuum cleaner is flimsy.,2,negative
This bluetooth speaker is affordable. Customer service was vary helpful. Rating: 5/5.,5,positive
This running shoes is shoddy.,1,negative
This wireless mouse is unreliable. I regret this purchase. Rating: 2/5.,2,negative
This running shoes is wonderful. It feels premium for the price.,3,positive
Bought this phone case a few weeks ago.,5,positive
"This backpack is middle of the road. Works as described, no surprises. Rating: 3/5.",3,neutral
This wireless mouse is nothing special. It does the job but nothing more.,3,neutral
"Bought this backpack a few weeks ago. I had to return it after two days. Also, it does the job but nothing more.",2,negative
This phone case is decent.,2,neutral
Bought this yoga mat a few weeks ago.,3,neutral
"This coffee maker is sturdy. However, it arrived damaged.",4,positive
"This smartwatch is fine. Works as described, no surprises. On the downside, battery drains way too fast.",2,neutral
This wireless mouse is reliable. Customer service was very helpful.,3,positive
Bought this blender a few weeks ago.,1,negative
This blender is durable. My whole family loves it now.,3,positive
This vacuum cleaner is not worth it. The size runs way smaller than expected.,2,negative
This desk lamp is badly made. Battery drains way too fast. Overall it's not great. Rating: 1/5.,1,negative
This phone case is fast. It feels premium for the price.,3,positive
This headphones is standard. Packaging was fine. Overall it's not great.,4,neutral
This office chair is impressive.,5,positive
This smartwatch is solid. Rating: 4/5.,4,positive
This yoga mat is terrible.,2,negative
"This phone case is not worth it. That said, some features are useful, others aren't. Overall it's didn't disappoint. Rating: 1/5.",1,negative
"This vacuum cleaner is sturdy. Shipping was fast and packaging was solid. However, it does teh job but nothing more.",5,positive
This phone case is frustrating. The instructions were confusing. Rating: 1/5.,1,negative
This running shoes is shoddy.,2,negative
This laptop is sleek. Battery life is impressive.,4,positive
"This office chair is decent. Works as described, no surprises. Overall it's not great.",4,neutral
Bought this blender a few weeks ago.,3,neutral
"Bought this smartwatch a few weeks ago. It's fine for the price but i wouldn't rave about it. That said, the build quality is great. Overall it's not great. Rating: 3/5.",3,neutral
This blender is shoddy.,2,negative
Bought this running shoes a few weeks ago. The build quality is great. Rating: 4/5.,4,positive
This running shoes is terrible. I regret this purchase.,2,negative
This phone case is badly made.,1,negative
This smartwatch is comfortable. My whole family loves it now.,4,positive
"This laptop is terrible. It arrived damaged. However, works perfectly out of the box.",1,negative
"This smartwatch is well made. Setup took less than five minutes. However, it's fine for the price but I wouldn't rave about it.",4,positive
Bought this wireless mouse a few weeks ago. Overall it's can't complain.,2,negative
This bluetooth speaker is subpar. I regret this purchase.,2,negative
"This vacuum cleaner is fast. Setup took less than five minutes. Also, it does the job but nothing more.",3,positive
Bought this desk lamp a few weeks ago. Overall it's wouldn't recommend. Rating: 5/5.,5,positive
This vacuum cleaner is unreliable.,1,negative
This blender is terrible.,1,negative
This air fryer is unreliable. I had to return it after two days.,2,negative
"This air fryer is okay. Delivery took about a week. That said, shipping was fast and packaging was solid.",2,neutral
This backpack is fast. Customer service was very helpful. Rating: 4/5.,4,positive
"This phone case is useless. Also, packaging was fine.",2,negative
"This smartwatch is terrible. On the plus side, it does teh job but nothing more.",1,negative
This headphones is comfortable. Rating: 4/5.,4,positive
"This vacuum cleaner is okay. Works as described, no surprises. That said, it's louder than advertised. Rating: 2/5.",2,neutral
"Bought this backpack a few weeks ago. Also, the build quality is great. Rating: 2/5.",2,negative
This backpack is awful. Battery drains way too fast.,1,negative
Bought this air fryer a few weeks ago. Packaging was fine. Rating: 4/5.,4,neutral
This laptop is overpriced. Customer support never responded.,2,negative
This vacuum cleaner is superb. The build qaulity is great.,4,positive
This coffee maker is solid. Setup took less than five minutes.,4,positive
"Bought this headphones a few weeks ago. Delivery took about a week. On the plus side, setup took less than five minutes.",3,neutral
Bought this smartwatch a few weeks ago.,2,negative
This running shoes is useless. It's louder than advertised. Overall it's can't complain. Rating: 2/5.,2,negative
This bluetooth speaker is fast. Works perfectly out of the box.,4,neutral
Bought this running shoes a few weeks ago. The size runs way smaller than expected. Rating: 1/5.,1,negative
This office chair is affordable. Setup took less than five minutes.,4,positive
"This office chair is reasonable. Some features are useful, others aren't. Rating: 2/5.",2,neutral
This bluetooth speaker is sleek.,4,positive
Bought this blender a few weeks ago.,3,positive
This desk lamp is reliable. Works perfectly out of the box.,3,positive
This desk lamp is comfortable.,5,positive
This running shoes is slow.,2,negative
This running shoes is average.,3,neutral
"This smartwatch is overpriced. It arrived damaged. On the plus side, the build quality is great. Rating: 3/5.",3,negative
This backpack is superb. Shipping was fast and packaging was solid. Rating: 5/5.,5,positive
This backpack is poor. I had to return it after two days.,3,negative
"This coffee maker is solid. Exceeded my expectations. That said, the material feels cheap.",4,positive
This smartwatch is impressive. Works perfectly out of the box. Rating: 4/5.,4,positive
This phone case is reliable. Setup took less than five minutes.,3,positive
This phone case is wonderful.,5,positive
"This laptop is outstanding. Shipping was fast and packaging was solid. That said, stopped working within a week.",3,positive
"This laptop is unreliable. It arrived damaged. Also, works as described, no surprises.",2,negative
This yoga mat is average.,2,neutral
This air fryer is outstanding. Rating: 5/5.,5,positive
This desk lamp is overpriced. Customer support never responded.,3,negative
"Bought this phone case a few weeks ago. My whole family loves it now. That said, the instructions were confusing. Rating: 4/5.",4,positive
This wireless mouse is top notch.,4,positive
"This laptop is smooth. Battery life is impressive. Also, the material feels cheap.",4,positive
This phone case is decent. It's fine for teh price but i wouldn't rave about it. Rating: 3/5.,3,neutral
This headphones is so-so. Packaging was fine.,2,neutral
"Bought this vacuum cleaner a few weeks ago. Some features are useful, others aren't.",2,neutral
This backpack is frustrating. Stopped working within a week.,2,negative
This desk lamp is wonderful. I would definitely buy this again.,5,positive
This smartwatch is flimsy.,1,negative
"Bought this headphones a few weeks ago. On the plus side, some features are useful, others aren't. Rating: 1/5.",1,negative
This wireless mouse is terrible.,1,negative
Bought this air fryer a few weeks ago.,4,neutral
This air fryer is awful. It's louder than advertised.,3,negative
"This yoga mat is fantastic. Setup took less than five minutes. That said, works as described, no surprises. Overall it's wouldn't recommend.",4,positive
"This coffee maker is top notch. Battery life is impressive. On the downside, the size runs way smaller than expected.",5,positive
Bought this running shoes a few weeks ago. Packaging was fine. Overall it's didn't disappoint.,2,neutral
"This laptop is fine. Some features are useful, others aren't. Also, my whole family loves it now.",3,positive
This yoga mat is broken.,3,negative
Bought this yoga mat a few weeks ago.,2,neutral
This bluetooth speaker is amazing. Battery life is impressive. Rating: 4/5.,4,positive
This yoga mat is reasonable.,4,neutral
This backpack is terrible.,1,negative
Bought this desk lamp a few weeks ago.,4,positive
Bought this backpack a few weeks ago.,3,negative
This vacuum cleaner is excellent.,4,positive
"This air fryer is durable. Works perfectly out of the box. That said, it arrived damaged.",3,positive
Bought this headphones a few weeks ago. It does teh job but nothing more. Rating: 3/5.,3,neutral
"This blender is top notch. Also, I regret this purchase. Rating: 4/5.",4,positive
"Bought this yoga mat a few weeks ago. On the plus side, packaging was fine.",2,negative
"Bought this smartwatch a few weeks ago. The instructions were confusing. On the plus side, works as described, no surprises. Overall it's not as good as I hoped.",2,negative
This yoga mat is affordable. The build quality is great.,4,positive
Bought this yoga mat a few weeks ago.,3,neutral
This bluetooth speaker is badly made.,2,neutral
Bought this smartwatch a few weeks ago. Customer service was very helpful.,5,positive
This coffee maker is acceptable. Delivery took about a week. Overall it's not great.,3,neutral
This desk lamp is reliable. Shipping was fast and packaging was solid. Overall it's could be better. Rating: 3/5.,3,positive
This desk lamp is defective. The size runs way smaller than expected. Overall it's could be better. Rating: 1/5.,1,negative
This phone case is smooth.,4,positive
This desk lamp is fantastic. The build qaulity is great.,5,positive
"This bluetooth speaker is nothing special. That said, the size runs way smaller than expected. Overall it's didn't disappoint.",3,neutral
This laptop is standard.,3,positive
This blender is wonderful.,4,positive
This wireless mouse is subpar. The instructions were confusing. Rating: 2/5.,2,negative
This vacuum cleaner is useless.,1,negative
"This running shoes is worth every penny. However, customer support never responded.",4,positive
"This desk lamp is nothing special. Works as described, no surprises.",3,neutral
Bought this desk lamp a few weeks ago.,2,neutral
"This laptop is impressive. I would definitely buy this again. However, delivery took about a week.",4,positive
This office chair is acceptable. Rating: 2/5.,2,neutral
This headphones is acceptable. It's fine for the price but i wouldn't rave about it. Overall it's not bad.,3,neutral
This headphones is top notch. Rating: 5/5.,5,positive
This wireless mouse is top notch.,4,positive
This bluetooth speaker is overpriced.,1,negative
"Bought this yoga mat a few weeks ago. It feels premium for the price. However, I had to return it after two days. Overall it's not as good as I hoped.",3,positive
"This office chair is excellent. My whole family loves it now. However, some features are useful, others aren't.",5,positive
This smartwatch is nothing special. Rating: 3/5.,3,neutral
This yoga mat is cheap.,1,negative
"This backpack is overpriced. Stopped working within a week. That said, shipping was fast and packaging was solid.",1,negative
Bought this laptop a few weeks ago. Customer support never responded.,2,negative
"This laptop is okay. Works as described, no surprises.",3,neutral
Bought this blender a few weeks ago. Packaging was fine.,2,neutral
This running shoes is fast. Shipping was fast and packaging was solid.,5,positive
This vacuum cleaner is broken. I had to return it after two days.,1,negative
This desk lamp is flimsy. The material feels cheap.,1,negative
This coffee maker is outstanding.,4,positive
This wireless mouse is faulty. I had to return it after two days.,2,negative
This vacuum cleaner is well made. Battery life is impressive. Overall it's wouldn't recommend.,4,neutral
Bought this laptop a few weeks ago. Overall it's didn't disappoint.,1,negative
This bluetooth speaker is amazing. Works perfectly out of the box.,3,positive
This blender is great. My whole family loves it now. Rating: 5/5.,5,positive
This running shoes is broken. Stopped working within a week. Rating: 3/5.,3,negative
This wireless mouse is middle of the road. It's fine for the price but i wouldn't rave about it. Rating: 3/5.,3,neutral
This wireless mouse is responsive. Works perfectly out of the box. Rating: 4/5.,4,positive
Bought this running shoes a few weeks ago. Customer service was vary helpful. Overall it's didn't disappoint. Rating: 4/5.,4,positive
Bought this smartwatch a few weeks ago. It arrived damaged.,1,negative
Bought this bluetooth speaker a few weeks ago. Customer support never responded.,3,negative
This office chair is cheap. Customer support never responded. Rating: 1/5.,1,negative
"This desk lamp is affordable. On teh downside, the material feels cheap. Overall it's didn't disappoint.",3,positive
This phone case is shoddy.,3,negative
"This phone case is smooth. It feels premium for the price. On the downside, it's louder than advertised.",5,positive
Bought this running shoes a few weeks ago. It's louder than advertised.,2,negative
This office chair is badly made. Stopped working within a week.,3,negative
This desk lamp is shoddy. It arrived damaged. Rating: 3/5.,3,negative
Bought this office chair a few weeks ago. Setup took less than five minutes.,3,positive
This running shoes is terrible.,1,negative
This backpack is clunky.,2,negative
Bought this running shoes a few weeks ago. It's fine for the price but i wouldn't rave about it.,4,neutral
This running shoes is fantastic. It feels premium for the price.,5,positive
This laptop is impressive. Overall it's not bad.,3,positive
"This office chair is average. Packaging was fine. Also, my whole family loves it now.",3,neutral
This wireless mouse is flimsy.,3,negative
"This desk lamp is impressive. Battery life is impressive. On the downside, battery drains way too fast. Rating: 4/5.",4,positive
"Bought this smartwatch a few weeks ago. It does the job but nothing more. Also, my whole family loves it now.",2,negative
This laptop is responsive. Customer service was vary helpful.,4,positive
This vacuum cleaner is outstanding. My whole family loves it now.,4,positive
"Bought this blender a few weeks ago. Exceeded my expectations. However, the instructions were confusing.",5,positive
This yoga mat is great. I would definitely buy this again.,4,positive
Bought this headphones a few weeks ago. Rating: 5/5.,5,positive
"This bluetooth speaker is middle of the road. Some features are useful, others aren't.",3,neutral
This yoga mat is excellent. I would definitely buy this again. Overall it's could be better.,3,positive
"Bought this coffee maker a few weeks ago. On the plus side, it's fine for teh price but I wouldn't rave about it.",3,positive
This wireless mouse is nothing special. It's fine for the price but i wouldn't rave about it. Rating: 3/5.,3,neutral
This headphones is slow.,2,negative
This yoga mat is terrible.,2,negative
This phone case is comfortable. Battery life is impressive.,4,positive
This air fryer is frustrating. Stopped working within a week.,3,negative
This yoga mat is wonderful. Overall it's not bad.,5,positive
This backpack is unreliable. The size runs way smaller than expected.,1,negative
This coffee maker is superb.,5,positive
This office chair is outstanding.,4,positive
This running shoes is disappointing. The material feels cheap.,1,negative
"This vacuum cleaner is poor. It's louder than advertised. That said, some features are useful, others aren't.",1,negative
This backpack is affordable.,5,positive
Bought this backpack a few weeks ago. I regret this purchase.,2,negative
This blender is great. Shipping was fast and packaging was solid. Rating: 5/5.,5,positive
Bought this laptop a few weeks ago. Rating: 1/5.,1,negative
This headphones is flimsy. Battery drains way too fast. Overall it's not as good as I hoped.,1,negative
This yoga mat is top notch.,5,positive
This laptop is acceptable.,4,neutral
This coffee maker is decent.,3,neutral
Bought this wireless mouse a few weeks ago. Delivery took about a week. Overall it's didn't disappoint. Rating: 3/5.,3,neutral
"Bought this desk lamp a few weeks ago. I would definitely buy this again. However, the instructions were confusing. Overall it's not bad.",5,positive
Bought this running shoes a few weeks ago. The material feels cheap.,2,negative
This vacuum cleaner is uncomfortable. It arrived damaged.,2,negative
This laptop is okay.,3,neutral
This running shoes is affordable.,5,positive
This desk lamp is middle of the road. It's fine for the price but i wouldn't rave about it. Overall it's could be better. Rating: 2/5.,2,neutral
"This smartwatch is poor. It's louder than advertised. On the plus side, shipping was fast and packaging was solid.",3,negative
This coffee maker is nothing special. It does teh job but nothing more. Rating: 3/5.,3,neutral
"This office chair is fantastic. Also, works as described, no surprises.",5,positive
This running shoes is frustrating. The size runs way smaller than expected.,2,negative
This air fryer is subpar. The instructions were confusing.,1,negative
This coffee maker is wonderful. My whole family loves it now.,5,positive
"This vacuum cleaner is fast. On the downside, I had to return it after two days. Rating: 5/5.",5,positive
This blender is fine.,2,neutral
This phone case is superb. The build quality is great.,4,positive
This vacuum cleaner is comfortable.,4,positive
This bluetooth speaker is impressive. Battery life is impressive. Overall it's didn't disappoint.,4,positive
This yoga mat is terrible. Rating: 3/5.,3,negative
"Bought this air fryer a few weeks ago. Customer service was very helpful. However, I had to return it after two days. Rating: 4/5.",4,positive
"This laptop is okay. It's fine for the price but i wouldn't rave about it. However, my whole family loves it now.",3,neutral
This headphones is frustrating. Battery drains way too fast.,2,negative
This desk lamp is standard.,4,neutral
This coffee maker is overpriced. I regret this purchase.,3,negative
Bought this smartwatch a few weeks ago. The instructions were confusing.,1,negative
This blender is not worth it.,3,negative
"This headphones is flimsy. I regret this purchase. On the plus side, my whole family loves it now.",1,negative
This smartwatch is defective. It arrived damaged. Rating: 3/5.,3,negative
This headphones is outstanding. Battery life is impressive.,3,positive
This blender is smooth. Setup took less than five minutes.,4,positive
This running shoes is excellent.,5,positive
"Bought this yoga mat a few weeks ago. However, my whole family loves it now.",2,negative
This blender is impressive. Works perfectly out of the box. Rating: 5/5.,5,positive
"This coffee maker is smooth. It feels premium for the price. Also, the material feels cheap.",3,positive
This backpack is overpriced.,2,negative
This running shoes is well made. It feels premium for the price.,5,positive
Bought this smartwatch a few weeks ago.,4,positive
This backpack is frustrating. The size runs way smaller than expected.,1,negative
This wireless mouse is fantastic.,5,positive
This wireless mouse is cheap. Rating: 1/5.,1,negative
Bought this laptop a few weeks ago. Customer support never responded.,2,negative
This smartwatch is uncomfortable. The instructions were confusing. Rating: 1/5.,1,negative
This air fryer is excelent. Works perfectly out of the box.,4,positive
Bought this blender a few weeks ago. Exceeded my expectations. Rating: 4/5.,4,positive
This office chair is superb. Shipping was fast and packaging was solid. Rating: 4/5.,4,positive
This yoga mat is uncomfortable. Stopped working within a week. Rating: 2/5.,2,negative
This coffee maker is top notch. I would definitely buy this again. Rating: 4/5.,4,positive
This smartwatch is badly made.,2,negative
This backpack is fast.,3,positive
"Bought this wireless mouse a few weeks ago. Delivery took about a week. However, it feels premium for the price.",3,neutral
"This coffee maker is amazing. The build quality is great. That said, teh material feels cheap. Overall it's not as good as I hoped.",4,positive
This blender is sleek.,4,positive
This office chair is so-so. Packaging was fine.,3,negative
This coffee maker is fantastic. Rating: 5/5.,5,positive
This blender is uncomfortable. The material feels cheap.,1,negative
"This office chair is disappointing. I regret this purchase. Also, it does the job but nothing more. Overall it's can't complain.",2,negative
This office chair is outstanding. I would definitely buy this again.,5,positive
This vacuum cleaner is fantastic. Setup took less than five minutes.,4,positive
Bought this wireless mouse a few weeks ago.,1,negative
"This bluetooth speaker is fast. On the plus side, some features are useful, others aren't. Overall it's wouldn't recommend.",3,positive
"This blender is comfortable. Customer service was very helpful. On the plus side, works as described, no surprises. Rating: 5/5.",5,positive
This backpack is top notch.,5,positive
This office chair is outstanding. I would definitely buy this again.,3,negative
This desk lamp is terrible. It's louder than advertised.,1,negative
This coffee maker is poor.,2,negative
Bought this running shoes a few weeks ago. Exceeded my expectations. Overall it's not bad.,4,positive
This headphones is cheap.,1,negative
This laptop is sturdy.,4,positive
"Bought this yoga mat a few weeks ago. It's fine for the price but i wouldn't rave about it. However, it arrived damaged.",4,neutral
This laptop is decent.,3,neutral
Bought this headphones a few weeks ago. Stopped working within a week.,2,negative
This laptop is subpar. Stopped working within a week. Rating: 3/5.,3,negative
"This coffee maker is amazing. However, I regret this purchase. Overall it's not as good as I hoped. Rating: 4/5.",4,positive
This blender is worth every penny. Works perfectly out of the box. Overall it's not great. Rating: 5/5.,5,positive
This air fryer is faulty. Stopped working within a week. Rating: 1/5.,1,negative
"This smartwatch is okay. Packaging was fine. On teh downside, the size runs way smaller than expected.",4,neutral
This coffee maker is comfortable. My whole family loves it now.,5,positive
Bought this coffee maker a few weeks ago. Stopped working within a week.,2,negative
This phone case is worth every penny.,4,positive
"This office chair is decent. Also, I regret this purchase.",3,neutral
This coffee maker is unreliable. Battery drains way too fast.,2,negative
Bought this wireless mouse a few weeks ago.,5,positive
This blender is fast. I would definitely buy this again. Rating: 3/5.,3,positive
This desk lamp is impressive. My whole family loves it now. Rating: 5/5.,5,positive
"This yoga mat is useless. Stopped working within a week. Also, works as described, no surprises.",2,negative
"This headphones is cheap. However, it feels premium for the price.",2,negative
This smartwatch is excelent. I would definitely buy this again. Rating: 5/5.,5,positive
This bluetooth speaker is not worth it.,2,negative
"This blender is fast. That said, works as described, no surprises.",5,positive
This air fryer is superb.,4,positive
This wireless mouse is awful. The size runs way smaller than expected. Rating: 1/5.,1,neutral
This laptop is standard. It does the job but nothing more. Rating: 3/5.,3,neutral
This yoga mat is subpar. The size runs way smaller than expected.,2,negative
This backpack is overpriced. Battery drains way too fast. Rating: 2/5.,2,negative
"This air fryer is overpriced. It's louder than advertised. However, customer service was very helpful.",3,negative
"This air fryer is wonderful. I would definately buy this again. However, packaging was fine.",4,positive
This desk lamp is so-so. Delivery took about a week.,4,neutral
This running shoes is affordable.,5,positive
This yoga mat is slow. I had to return it after two days.,3,negative
This yoga mat is affordable.,4,positive
Bought this vacuum cleaner a few weeks ago. Battery drains way too fast.,1,negative
This headphones is broken.,2,negative
"This bluetooth speaker is standard. Some features are useful, others aren't.",2,neutral
This coffee maker is okay. Rating: 3/5.,3,neutral
Bought this wireless mouse a few weeks ago. Customer service was very helpful.,4,positive
This laptop is cheap.,2,negative
"This running shoes is middle of the road. Some features are useful, others aren't. On the downside, it arrived damaged. Rating: 3/5.",3,neutral
This wireless mouse is affordable. The build quality is great. Overall it's could be better.,4,positive
Bought this wireless mouse a few weeks ago. Overall it's didn't disappoint.,1,negative
"This desk lamp is fine. Some features are useful, others aren't.",4,neutral
"Bought this air fryer a few weeks ago. Works as described, no surprises.",3,neutral
This laptop is superb. Setup took less than five minutes.,3,positive
This bluetooth speaker is reliable.,4,positive
This laptop is comfortable. Shipping was fast and packaging was solid. Overall it's not great. Rating: 4/5.,4,positive
This backpack is uncomfortable. Battery drains way too fast. Overall it's could be better. Rating: 2/5.,2,negative
"This wireless mouse is terrible. The material feels cheap. Also, delivery took about a week.",2,negative
This vacuum cleaner is okay.,3,neutral
Bought this air fryer a few weeks ago. I would definitely buy this again.,4,positive
Bought this backpack a few weeks ago. Rating: 3/5.,3,positive
This blender is nothing special. Packaging was fine. Overall it's can't complain.,4,neutral
"This coffee maker is cheap. I had to return it after two days. However, shipping was fast and packaging was solid. Overall it's not as good as I hoped.",2,negative
"Bought this laptop a few weeks ago. The build quality is great. Also, teh instructions were confusing. Rating: 5/5.",5,positive
This wireless mouse is awful. It arrived damaged. Rating: 2/5.,2,negative
This yoga mat is average. Packaging was fine.,2,neutral
This bluetooth speaker is superb. I would definitely buy this again.,5,positive
This office chair is terrible. Customer support never responded.,2,negative
This yoga mat is slow. Rating: 1/5.,1,negative
This vacuum cleaner is wonderful. Rating: 4/5.,4,positive
This smartwatch is sleek. The build quality is great.,3,positive
This yoga mat is overpriced. Battery drains way too fast. Rating: 3/5.,3,negative
"This phone case is smooth. Exceeded my expectations. However, some features are useful, others aren't. Rating: 5/5.",5,positive
"This smartwatch is cheap. It arrived damaged. That said, packaging was fine. Rating: 2/5.",2,negative
This blender is standard. Packaging was fine.,3,neutral
This coffee maker is top notch. My whole family loves it now.,4,positive
This bluetooth speaker is okay. Packaging was fine.,2,neutral
This desk lamp is middle of the road. Overall it's could be better.,4,neutral
"This blender is unreliable. Customer support never responded. Also, the build quality is great.",1,negative
Bought this smartwatch a few weeks ago.,5,positive
This office chair is slow. The instructions were confusing. Rating: 2/5.,2,negative
This phone case is shoddy. It arrived damaged.,2,negative
This headphones is responsive. Rating: 4/5.,4,positive
This desk lamp is useless. It arrived damaged.,3,negative
This backpack is average.,3,neutral
This vacuum cleaner is flimsy. Stopped working within a week.,1,negative
This vacuum cleaner is disappointing. Rating: 1/5.,1,negative
This headphones is uncomfortable.,1,negative
This running shoes is okay. It's fine for the price but i wouldn't rave about it.,3,neutral
This vacuum cleaner is slow. Battery drains way too fast.,1,negative
This wireless mouse is durable. Customer service was very helpful.,4,neutral
This smartwatch is frustrating. Customer support never responded.,1,negative
This laptop is overpriced. I regret this purchase.,2,negative
This coffee maker is great. Battery life is impressive.,5,positive
This backpack is top notch. Works perfectly out of the box. Rating: 3/5.,3,positive
"This vacuum cleaner is badly made. That said, packaging was fine. Rating: 3/5.",3,negative
This yoga mat is responsive. Rating: 4/5.,4,positive
This office chair is fast. I would definitely buy this again. Overall it's didn't disappoint. Rating: 5/5.,5,positive
This smartwatch is terrible.,2,negative
This vacuum cleaner is sleek. Customer service was very helpful. Overall it's not bad. Rating: 4/5.,4,positive
This backpack is responsive. It feels premium for the price. Rating: 3/5.,3,positive
"This office chair is not worth it. Also, the build quality is great.",1,negative
This blender is frustrating. Rating: 1/5.,1,negative
"This vacuum cleaner is average. Some features are useful, others aren't. Rating: 4/5.",4,neutral
This phone case is badly made. I had to return it after two days.,2,negative
"This smartwatch is subpar. I regret this purchase. That said, it feels premium for the price. Rating: 2/5.",2,negative
This air fryer is standard. It's fine for the price but i wouldn't rave about it.,3,neutral
This bluetooth speaker is standard. It's fine for the price but i wouldn't rave about it.,3,neutral
This bluetooth speaker is okay.,3,neutral
This office chair is acceptable. Overall it's didn't disappoint.,4,neutral
This bluetooth speaker is disappointing.,3,negative
"This smartwatch is worth every penny. Also, the size runs way smaller than expected.",5,positive
Bought this coffee maker a few weeks ago.,3,positive
This backpack is clunky.,2,negative
"This smartwatch is slow. It's louder than advertised. However, I would definitely buy this again. Rating: 1/5.",1,negative
This yoga mat is wonderful. Rating: 4/5.,4,positive
"This vacuum cleaner is durable. I would definitely buy this again. That said, some features are useful, others aren't.",5,positive
Bought this smartwatch a few weeks ago. Setup took less than five minutes.,5,neutral
This laptop is terrible.,3,negative
Bought this blender a few weeks ago. Packaging was fine.,2,neutral
This bluetooth speaker is standard. It does the job but nothing more.,4,neutral
Bought this blender a few weeks ago.,2,negative
This phone case is sturdy. I would definitely buy this again.,4,positive
This smartwatch is awful. I regret this purchase. Overall it's wouldn't recommend. Rating: 2/5.,2,negative
Bought this laptop a few weeks ago. Overall it's not as good as I hoped.,1,negative
This office chair is faulty. Battery drains way too fast.,3,negative
This smartwatch is great. The build quality is great.,4,positive
This coffee maker is frustrating. I regret this purchase. Rating: 2/5.,2,negative
This office chair is not worth it. Overall it's not bad.,1,negative
Bought this wireless mouse a few weeks ago. Setup took less than five minutes.,4,positive
"This yoga mat is flimsy. Customer support never responded. Also, packaging was fine. Rating: 2/5.",2,negative
This office chair is decent. Rating: 2/5.,2,neutral
This yoga mat is sleek. Rating: 5/5.,5,positive
This air fryer is outstanding. Rating: 4/5.,4,positive
This blender is clunky.,2,negative
"This yoga mat is outstanding. Setup took less than five minutes. That said, it does teh job but nothing more.",4,positive
"This yoga mat is outstanding. Setup took less than five minutes. That said, the material feels cheap. Overall it's could be better.",5,positive
"This bluetooth speaker is solid. Customer service was vary helpful. On the plus side, some features are useful, others aren't.",4,positive
This bluetooth speaker is decent.,4,neutral
This wireless mouse is well made. Works perfectly out of teh box. Overall it's not great.,4,positive
This desk lamp is fantastic.,5,positive
This coffee maker is uncomfortable. Customer support never responded.,2,negative
This coffee maker is affordable.,5,positive
This headphones is faulty. The size runs way smaller than expected. Overall it's not bad.,1,negative
This desk lamp is durable. Rating: 4/5.,4,positive
"Bought this vacuum cleaner a few weeks ago. It feels premium for the price. That said, works as described, no surprises.",3,positive
"This desk lamp is durable. Works perfectly out of the box. However, I had to return it after two days. Overall it's can't complain.",4,negative
This yoga mat is overpriced.,1,negative
Bought this air fryer a few weeks ago.,5,positive
Bought this yoga mat a few weeks ago. I would definitely buy this again.,4,positive
Bought this office chair a few weeks ago. Customer support never responded. Rating: 2/5.,2,neutral
This vacuum cleaner is unreliable. Rating: 3/5.,3,negative
"This desk lamp is middle of the road. Some features are useful, others aren't. That said, exceeded my expectations. Rating: 3/5.",3,neutral
This yoga mat is okay. Delivery took about a week.,2,neutral
This backpack is decent.,4,neutral
"This smartwatch is badly made. Customer support never responded. However, the build quality is great. Rating: 2/5.",2,negative
This blender is unreliable. Rating: 2/5.,2,negative
This yoga mat is middle of the road.,3,neutral
This phone case is sleek. Overall it's not great.,4,positive
This laptop is shoddy.,2,negative
This bluetooth speaker is superb.,5,positive
This running shoes is fast. Customer service was very helpful. Rating: 4/5.,4,positive
"This yoga mat is solid. That said, stopped working within a week.",3,positive
This vacuum cleaner is shoddy. The instructions were confusing.,3,negative
This laptop is so-so.,4,neutral
This air fryer is impressive. Setup took less than five minutes.,3,positive
"This coffee maker is acceptable. Packaging was fine. On teh plus side, the build quality is great. Overall it's not great.",3,negative
"This laptop is great. It feels premium for the price. That said, works as described, no surprises. Rating: 4/5.",4,positive
This wireless mouse is frustrating. The size runs way smaller than expected.,1,negative
This backpack is fine. Delivery took about a week.,2,neutral
"This smartwatch is slow. However, works perfectly out of the box.",1,negative
"This backpack is durable. Battery life is impressive. Also, stopped working within a week.",5,positive
This desk lamp is impressive. I would definitely buy this again.,5,positive
This bluetooth speaker is unreliable. Customer support never responded. Rating: 2/5.,2,negative
"This coffee maker is not worth it. Stopped working within a week. That said, exceeded my expectations.",1,negative
"This smartwatch is defective. The instructions were confusing. Also, my whole family loves it now.",2,negative
Bought this vacuum cleaner a few weeks ago.,5,positive
This blender is excellent. Rating: 4/5.,4,positive
This backpack is cheap. I regret this purchase.,1,negative
"This blender is overpriced. Customer support never responded. Also, shipping was fast and packaging was solid. Rating: 2/5.",2,negative
"This vacuum cleaner is impressive. Exceeded my expectations. On the downside, I had to return it after two days.",4,positive
"This yoga mat is faulty. I had to return it after two days. That said, delivery took about a week. Rating: 3/5.",3,negative
This smartwatch is okay. Rating: 3/5.,3,neutral
This running shoes is poor.,1,negative
This laptop is reliable.,4,positive
"Bought this wireless mouse a few weeks ago. It arrived damaged. That said, exceeded my expectations. Rating: 1/5.",1,negative
This coffee maker is clunky. I had to return it after two days.,2,negative
This headphones is nothing special.,3,neutral
This vacuum cleaner is frustrating. The instructions were confusing. Overall it's not great.,3,negative
Bought this phone case a few weeks ago. It's fine for the price but i wouldn't rave about it. Rating: 3/5.,3,neutral
Bought this office chair a few weeks ago.,3,positive
This headphones is excellent.,3,positive
This coffee maker is slow. Stopped working within a week.,3,negative
This yoga mat is impressive.,5,positive
This bluetooth speaker is worth every penny. It feels premium for the price. Rating: 4/5.,4,positive
"This laptop is acceptable. Delivery took about a week. Also, I would definitely buy this again.",3,neutral
Bought this bluetooth speaker a few weeks ago. It does the job but nothing more. Rating: 3/5.,3,neutral
This blender is decent.,3,neutral
Bought this phone case a few weeks ago. Setup took less than five minutes.,3,positive
"Bought this coffee maker a few weeks ago. On the plus side, packaging was fine. Overall it's not great.",3,positive
This smartwatch is worth every penny. Exceeded my expectations.,5,positive
This air fryer is affordable.,3,positive
"Bought this vacuum cleaner a few weeks ago. It does the job but nothing more. Also, customer service was very helpful.",3,neutral
This office chair is average. It's fine for the price but i wouldn't rave about it. Overall it's not great. Rating: 3/5.,3,neutral
"This air fryer is terrible. It arrived damaged. That said, battery life is impressive.",1,negative
This coffee maker is fast.,4,positive
This phone case is terrible.,2,negative
This smartwatch is reasonable. It's fine for teh price but i wouldn't rave about it.,3,neutral
Bought this headphones a few weeks ago.,1,negative
This vacuum cleaner is subpar. The size runs way smaller than expected.,1,negative
Bought this desk lamp a few weeks ago. It arrived damaged.,1,negative
"This phone case is great. I would definitely buy this again. That said, battery drains way too fast. Overall it's didn't disappoint. Rating: 5/5.",5,positive
This backpack is smooth. My whole family loves it now. Overall it's didn't disappoint. Rating: 5/5.,5,positive
This vacuum cleaner is solid.,5,positive
This office chair is decent. It's fine for the price but i wouldn't rave about it. Overall it's can't complain.,4,neutral
Bought this smartwatch a few weeks ago.,4,positive
This headphones is broken. Stopped working within a week.,3,negative
"This air fryer is top notch. Shipping was fast and packaging was solid. Also, I regret this purchase.",4,positive
Bought this bluetooth speaker a few weeks ago. I regret this purchase. Rating: 2/5.,2,negative
This coffee maker is reasonable. Packaging was fine. Rating: 2/5.,2,neutral
This office chair is standard.,4,neutral
This bluetooth speaker is solid. Overall it's not great.,3,negative
This bluetooth speaker is sleek. Overall it's didn't disappoint.,5,positive
Bought this bluetooth speaker a few weeks ago. Exceeded my expectations.,3,positive
"This blender is solid. Exceeded my expectations. However, the size runs way smaller than expected. Overall it's not great.",4,positive
This smartwatch is so-so. It does the job but nothing more.,3,neutral
This laptop is middle of the road. It's fine for teh price but i wouldn't rave about it.,2,neutral
This yoga mat is middle of the road.,3,neutral
This coffee maker is responsive. Battery life is impressive. Rating: 4/5.,4,positive
Bought this phone case a few weeks ago. Delivery took about a week. Overall it's can't complain.,3,neutral
This backpack is fast. It feels premium for the price.,5,positive
This phone case is average. Rating: 2/5.,2,neutral
Bought this phone case a few weeks ago. Rating: 4/5.,4,positive
This phone case is great.,5,positive
This running shoes is fine.,2,neutral
Bought this vacuum cleaner a few weeks ago.,4,neutral
This phone case is fine. Rating: 4/5.,4,positive
This backpack is defective.,2,negative
This running shoes is sturdy. Shipping was fast and packaging was solid. Overall it's not great.,4,positive
This wireless mouse is smooth.,4,positive
"This coffee maker is acceptable. It's fine for teh price but i wouldn't rave about it. However, setup took less than five minutes. Overall it's could be better.",2,neutral
This smartwatch is affordable.,5,positive
This bluetooth speaker is solid. Setup took less than five minutes. Rating: 4/5.,4,positive
This desk lamp is subpar. It arrived damaged. Rating: 3/5.,3,negative
This blender is terrible. I regret this purchase.,2,negative
This bluetooth speaker is top notch. Exceeded my expectations. Overall it's not great.,4,positive
This wireless mouse is outstanding. Shipping was fast and packaging was solid. Overall it's can't complain.,5,positive
"This desk lamp is worth every penny. I would definitely buy this again. Also, works as described, no surprises. Rating: 4/5.",4,positive
This vacuum cleaner is average.,3,neutral
"This smartwatch is fine. Works as described, no surprises. Overall it's could be better. Rating: 3/5.",3,neutral
Bought this air fryer a few weeks ago. The size runs way smaller than expected.,1,negative
Bought this phone case a few weeks ago. Stopped working within a week.,3,negative
This desk lamp is affordable.,5,positive
"Bought this backpack a few weeks ago. The build quality is great. That said, it does the job but nothing more. Rating: 4/5.",4,positive
"Bought this backpack a few weeks ago. I had to return it after two days. Also, delivery took about a week. Rating: 2/5.",2,negative
This desk lamp is disappointing. Customer support never responded. Rating: 2/5.,2,negative
This running shoes is reasonable.,3,neutral
Bought this desk lamp a few weeks ago. I had to return it after two days.,2,negative
Bought this laptop a few weeks ago. Packaging was fine.,2,neutral
This vacuum cleaner is sturdy. Rating: 5/5.,5,positive
This office chair is so-so. Delivery took about a week. Rating: 3/5.,3,neutral
This vacuum cleaner is comfortable. The build quality is great.,4,positive
This laptop is useless. Overall it's wouldn't recommend.,1,negative
"This desk lamp is cheap. On the plus side, I would definitely buy this again. Overall it's could be better. Rating: 2/5.",2,negative
"Bought this blender a few weeks ago. However, shipping was fast and packaging was solid.",4,neutral
Bought this backpack a few weeks ago. Delivery took about a week.,3,neutral
This backpack is standard.,2,neutral
This air fryer is durable. Setup took less than five minutes.,4,positive
This wireless mouse is amazing. I would definitely buy this again. Overall it's could be better. Rating: 5/5.,5,positive
This bluetooth speaker is sleek. My whole family loves it now.,5,positive
"This backpack is sleek. I would definitely buy this again. However, the material feels cheap. Overall it's could be better.",5,positive
This office chair is sleek.,3,neutral
This desk lamp is defective. The size runs way smaller than expected. Rating: 1/5.,1,positive
This bluetooth speaker is impressive. Exceeded my expectations. Rating: 5/5.,5,positive
Bought this smartwatch a few weeks ago.,4,positive
This wireless mouse is fantastic.,4,positive
Bought this headphones a few weeks ago.,1,negative
This office chair is defective. Customer support never responded. Rating: 2/5.,2,negative
"This laptop is disappointing. On the plus side, it feels premium for the price.",2,negative
This coffee maker is clunky.,1,negative
Bought this backpack a few weeks ago.,3,neutral
This laptop is unreliable. Customer support never responded. Rating: 2/5.,2,negative
This office chair is frustrating. The instructions were confusing. Rating: 1/5.,1,negative
Bought this headphones a few weeks ago. Battery life is impressive.,5,positive
This smartwatch is excelent. Shipping was fast and packaging was solid.,4,positive
This office chair is awful. It's louder than advertised. Rating: 2/5.,2,negative
This yoga mat is defective. I had to return it after two days.,1,negative
This wireless mouse is reasonable.,3,neutral
This coffee maker is subpar. The material feels cheap.,3,negative
This wireless mouse is fantastic.,5,positive
This backpack is sleek. Shipping was fast and packaging was solid.,4,positive
This air fryer is so-so. Delivery took about a week. Rating: 3/5.,3,neutral
"This wireless mouse is acceptable. Packaging was fine. On the downside, I had to return it after two days.",3,neutral
Bought this yoga mat a few weeks ago.,1,negative
This vacuum cleaner is comfortable. Setup took less than five minutes.,4,positive
"Bought this coffee maker a few weeks ago. Also, customer service was vary helpful. Rating: 3/5.",3,neutral
This running shoes is amazing. Works perfectly out of teh box.,3,positive
Bought this air fryer a few weeks ago. Rating: 5/5.,5,positive
This desk lamp is reasonable. Delivery took about a week.,4,positive
"This headphones is superb. Exceeded my expectations. That said, teh size runs way smaller than expected.",3,positive
This wireless mouse is sleek.,4,positive
This air fryer is durable. Exceeded my expectations.,4,positive
"This wireless mouse is cheap. The size runs way smaller than expected. Also, it does teh job but nothing more. Rating: 3/5.",3,negative
This vacuum cleaner is durable.,5,positive
This bluetooth speaker is broken. Customer support never responded. Overall it's could be better. Rating: 3/5.,3,negative
This headphones is frustrating. Rating: 3/5.,3,negative
"This office chair is reasonable. Works as described, no surprises.",3,neutral
This backpack is clunky.,3,negative
This vacuum cleaner is slow. Rating: 1/5.,1,negative
This coffee maker is slow.,1,negative
"Bought this wireless mouse a few weeks ago. Shipping was fast and packaging was solid. Also, the material feels cheap.",5,positive
This yoga mat is broken. Stopped working within a week.,3,negative
This desk lamp is clunky. Stopped working within a week. Rating: 3/5.,3,neutral
"Bought this headphones a few weeks ago. Setup took less than five minutes. That said, delivery took about a week.",4,positive
This smartwatch is well made. Rating: 3/5.,3,positive
This phone case is okay. Rating: 2/5.,2,neutral
Bought this smartwatch a few weeks ago.,2,negative
This smartwatch is smooth. The build quality is great. Overall it's not as good as I hoped. Rating: 5/5.,5,positive
This smartwatch is cheap. I regret this purchase. Rating: 1/5.,1,negative
"This yoga mat is overpriced. On the plus side, setup took less than five minutes.",1,negative
This running shoes is impressive. Overall it's didn't disappoint.,4,positive
This desk lamp is not worth it. Battery drains way too fast. Overall it's not bad. Rating: 1/5.,1,negative
This wireless mouse is affordable. Shipping was fast and packaging was solid.,4,positive
This smartwatch is faulty. Stopped working within a week. Overall it's not great.,3,negative
Bought this smartwatch a few weeks ago. It feels premium for the price.,3,positive
This bluetooth speaker is solid. I would definitely buy this again.,3,positive
"Bought this phone case a few weeks ago. However, the material feels cheap.",3,neutral
Bought this office chair a few weeks ago. My whole family loves it now.,5,positive
This laptop is decent.,3,neutral
"Bought this laptop a few weeks ago. Works as described, no surprises. Rating: 3/5.",3,negative
Bought this yoga mat a few weeks ago.,3,positive
This wireless mouse is excelent. Shipping was fast and packaging was solid.,4,positive
This headphones is fast. Exceeded my expectations.,4,positive
Bought this coffee maker a few weeks ago. Battery life is impressive. Overall it's not bad.,3,positive
Bought this blender a few weeks ago.,4,positive
This office chair is awful. Customer support never responded. Overall it's not as good as I hoped.,1,negative
This office chair is excellent. Overall it's can't complain.,3,positive
This running shoes is not worth it. Customer support never responded.,2,negative
This smartwatch is not worth it. The size runs way smaller than expected.,2,negative
This yoga mat is defective.,2,negative
This running shoes is responsive. Works perfectly out of the box. Rating: 3/5.,3,positive
This yoga mat is broken.,2,negative
This air fryer is decent. It's fine for the price but i wouldn't rave about it.,2,neutral
This running shoes is acceptable.,2,neutral
"This bluetooth speaker is frustrating. I had to return it after two days. That said, works perfectly out of the box. Rating: 1/5.",1,negative
This backpack is wonderful. Battery life is impressive.,4,positive
This running shoes is clunky. The size runs way smaller than expected.,3,negative
This yoga mat is outstanding. Works perfectly out of teh box. Overall it's could be better.,3,positive
Bought this desk lamp a few weeks ago. Shipping was fast and packaging was solid.,4,positive
This air fryer is great. Shipping was fast and packaging was solid. Overall it's can't complain. Rating: 4/5.,4,positive
This desk lamp is badly made. Battery drains way too fast.,1,negative
This smartwatch is fantastic. Battery life is impressive.,3,positive
"This office chair is responsive. My whole family loves it now. On the downside, I had to return it after two days.",5,positive
This headphones is fine. It does the job but nothing more. Overall it's could be better.,3,neutral
This desk lamp is great. Customer service was very helpful. Rating: 4/5.,4,positive
This coffee maker is outstanding. I would definitely buy this again.,5,negative
"This yoga mat is middle of the road. Packaging was fine. Also, battery drains way too fast.",3,neutral
"This vacuum cleaner is excellent. My whole family loves it now. However, it's louder than advertised.",5,positive
Bought this running shoes a few weeks ago. I regret this purchase. Rating: 3/5.,3,negative
This laptop is excelent. Exceeded my expectations.,3,positive
This smartwatch is fantastic.,4,positive
This blender is shoddy. Customer support never responded.,2,negative
Bought this office chair a few weeks ago. The build quality is great.,4,positive
This wireless mouse is reliable. The build quality is great.,4,positive
This headphones is sturdy.,3,positive
"This coffee maker is acceptable. However, the size runs way smaller than expected. Rating: 4/5.",4,neutral
This phone case is smooth. Battery life is impressive.,5,positive
"Bought this desk lamp a few weeks ago. It's fine for the price but i wouldn't rave about it. Also, I had to return it after two days.",2,neutral
Bought this coffee maker a few weeks ago. Exceeded my expectations.,5,positive
"This vacuum cleaner is average. It does the job but nothing more. However, customer support never responded.",3,neutral
Bought this blender a few weeks ago. It feels premium for the price. Rating: 5/5.,5,positive
Bought this yoga mat a few weeks ago.,4,neutral
This running shoes is affordable. Exceeded my expectations.,4,positive
This phone case is fantastic.,4,positive
This bluetooth speaker is terrible. Customer support never responded. Rating: 1/5.,1,negative
"This smartwatch is subpar. Customer support never responded. On the plus side, works as described, no surprises.",3,negative
This laptop is frustrating. Overall it's not great. Rating: 3/5.,3,negative
This headphones is decent. Rating: 4/5.,4,neutral
"Bought this office chair a few weeks ago. The instructions were confusing. That said, I would definitely buy this again.",3,negative
"This blender is wonderful. I would definitely buy this again. Also, the size runs way smaller than expected. Rating: 3/5.",3,positive
This headphones is clunky. It's louder than advertised. Rating: 1/5.,1,negative
This office chair is smooth. Exceeded my expectations.,5,positive
This blender is not worth it. Stopped working within a week.,2,negative
This office chair is great.,4,positive
This office chair is impressive. Works perfectly out of the box.,3,positive
This smartwatch is middle of the road. It's fine for the price but i wouldn't rave about it.,2,neutral
This laptop is frustrating. I had to return it after two days.,3,negative
This vacuum cleaner is comfortable.,5,positive
This air fryer is sleek. My whole family loves it now. Overall it's not bad. Rating: 3/5.,3,positive
"This desk lamp is average. Some features are useful, others aren't. Overall it's not bad.",4,neutral
This vacuum cleaner is frustrating.,2,negative
"This yoga mat is nothing special. Works as described, no surprises. On the downside, customer support never responded.",3,neutral
This backpack is nothing special. Delivery took about a week. Overall it's didn't disappoint.,2,neutral
This headphones is worth every penny. It feels premium for the price.,5,positive
This backpack is decent. Overall it's not bad. Rating: 3/5.,3,neutral
This wireless mouse is wonderful. My whole family loves it now.,4,positive
This running shoes is well made.,3,positive
This smartwatch is top notch. It feels premium for teh price. Rating: 3/5.,3,positive
This smartwatch is durable. Setup took less than five minutes.,4,positive
This laptop is useless. The size runs way smaller than expected.,1,negative
This running shoes is fast. Shipping was fast and packaging was solid. Rating: 4/5.,4,positive
This vacuum cleaner is poor. The material feels cheap.,3,negative
This desk lamp is amazing.,4,positive
This headphones is solid. Overall it's not as good as I hoped. Rating: 4/5.,4,positive
Bought this laptop a few weeks ago. I had to return it after two days.,1,negative
"This desk lamp is well made. Customer service was very helpful. That said, some features are useful, others aren't. Overall it's can't complain. Rating: 5/5.",5,positive
This headphones is superb. Rating: 4/5.,4,positive
This air fryer is flimsy.,1,negative
This bluetooth speaker is decent. Packaging was fine. Rating: 4/5.,4,neutral
"This vacuum cleaner is flimsy. Battery drains way too fast. On the plus side, it does the job but nothing more. Overall it's wouldn't reccomend. Rating: 1/5.",1,negative
This office chair is reliable.,4,positive
"This backpack is awful. The material feels cheap. However, packaging was fine.",1,negative
"This office chair is nothing special. Works as described, no surprises. That said, the build quality is great. Overall it's not as good as I hoped. Rating: 3/5.",3,neutral
This phone case is wonderful. Setup took less than five minutes. Overall it's didn't disappoint. Rating: 3/5.,3,positive
This backpack is faulty. Customer support never responded.,2,negative
This running shoes is impressive.,4,positive
This bluetooth speaker is well made. Setup took less than five minutes. Rating: 4/5.,4,positive
This phone case is cheap.,1,negative
"This wireless mouse is disappointing. Battery drains way too fast. On the plus side, customer service was very helpful. Rating: 2/5.",2,negative
"This coffee maker is flimsy. It's louder than advertised. Also, delivery took about a week.",3,negative
This coffee maker is overpriced. It arrived damaged.,3,positive
This smartwatch is unreliable. It's louder than advertised. Rating: 2/5.,2,negative
This wireless mouse is affordable. The build quality is great.,3,positive
"Bought this air fryer a few weeks ago. Stopped working within a week. That said, it does the job but nothing more.",1,negative
This office chair is impressive.,4,positive
This yoga mat is disappointing. Customer support never responded. Overall it's not as good as I hoped. Rating: 3/5.,3,negative
This office chair is sleek. Battery life is impressive. Rating: 3/5.,3,positive
This smartwatch is wonderful. Customer service was very helpful. Rating: 4/5.,4,positive
This running shoes is reliable.,5,positive
This desk lamp is standard. It's fine for the price but i wouldn't rave about it.,2,neutral
This phone case is broken. It arrived damaged. Rating: 1/5.,1,negative
"This backpack is clunky. The material feels cheap. On the plus side, it's fine for the price but I wouldn't rave about it. Rating: 1/5.",1,negative
This phone case is reasonable.,3,neutral
This office chair is okay. It does the job but nothing more. Rating: 2/5.,2,neutral
Bought this coffee maker a few weeks ago.,2,negative
This air fryer is useless.,3,negative
"This laptop is excellent. It feels premium for the price. That said, stopped working within a week.",4,positive
"This bluetooth speaker is sturdy. Also, I regret this purchase. Rating: 5/5.",5,positive
Bought this bluetooth speaker a few weeks ago. Customer support never responded.,2,negative
This desk lamp is sleek. Works perfectly out of the box.,5,positive
This phone case is cheap. It arrived damaged. Overall it's not as good as I hoped. Rating: 3/5.,3,negative
This phone case is reliable. Customer service was very helpful. Rating: 5/5.,5,negative
Bought this vacuum cleaner a few weeks ago.,5,positive
This phone case is defective. I had to return it after two days. Rating: 2/5.,2,negative
"This smartwatch is great. My whole family loves it now. However, it's louder than advertised.",5,positive
This phone case is wonderful. Battery life is impressive. Rating: 4/5.,4,positive
This headphones is top notch. Customer service was very helpful. Rating: 5/5.,5,positive
"This running shoes is top notch. It feels premium for the price. Also, it's louder than advertised.",3,positive
Bought this wireless mouse a few weeks ago. The size runs way smaller than expected.,3,negative
Bought this air fryer a few weeks ago.,4,positive
"This desk lamp is uncomfortable. It arrived damaged. On the plus side, some features are useful, others aren't. Rating: 1/5.",1,negative
This air fryer is terrible. Battery drains way too fast. Rating: 1/5.,1,negative
This smartwatch is defective. The material feels cheap. Overall it's can't complain. Rating: 1/5.,1,negative
"Bought this backpack a few weeks ago. Battery life is impressive. On the downside, stopped working within a week.",5,positive
"This coffee maker is frustrating. I regret this purchase. However, delivery took about a week.",1,negative
"This office chair is reliable. Customer service was vary helpful. Also, works as described, no surprises. Overall it's wouldn't recommend.",4,positive
"Bought this vacuum cleaner a few weeks ago. The size runs way smaller than expected. However, setup took less than five minutes.",1,negative
"Bought this running shoes a few weeks ago. It arrived damaged. That said, shipping was fast and packaging was solid. Rating: 1/5.",1,negative
Bought this blender a few weeks ago.,4,neutral
This desk lamp is shoddy. I had to return it after two days. Rating: 2/5.,2,negative
This vacuum cleaner is worth every penny.,4,positive
"This bluetooth speaker is excellent. Exceeded my expectations. Also, it's louder than advertised.",5,positive
This bluetooth speaker is top notch. It feels premium for the price.,5,positive
Bought this office chair a few weeks ago. Customer support never responded. Rating: 1/5.,1,positive
Bought this headphones a few weeks ago.,1,negative
This vacuum cleaner is flimsy.,2,negative
Bought this wireless mouse a few weeks ago. I regret this purchase.,2,negative
This bluetooth speaker is superb.,4,positive
This air fryer is defective. Rating: 1/5.,1,negative
This yoga mat is frustrating. The size runs way smaller than expected. Overall it's not great.,2,negative
"This smartwatch is decent. Packaging was fine. That said, battery drains way too fast. Rating: 3/5.",3,neutral
"This laptop is disappointing. The instructions were confusing. On the plus side, packaging was fine. Rating: 2/5.",2,negative
Bought this desk lamp a few weeks ago. Exceeded my expectations. Overall it's could be better. Rating: 4/5.,4,positive
This phone case is comfortable. Works perfectly out of the box.,4,positive
"Bought this phone case a few weeks ago. Shipping was fast and packaging was solid. On the downside, it arrived damaged. Overall it's didn't disappoint. Rating: 4/5.",4,positive
Bought this running shoes a few weeks ago.,4,negative
This headphones is standard. Packaging was fine. Overall it's didn't disappoint.,4,neutral
This coffee maker is uncomfortable.,3,negative
This air fryer is durable. I would definitely buy this again. Rating: 3/5.,3,positive
Bought this air fryer a few weeks ago.,2,negative
This air fryer is subpar. I had to return it after two days.,2,positive
This desk lamp is affordable. I would definitely buy this again.,4,positive
This headphones is sturdy. Works perfectly out of the box.,5,positive
This air fryer is defective. It's louder than advertised.,2,negative
This air fryer is great. Works perfectly out of the box.,3,positive
This air fryer is badly made.,3,negative
"Bought this yoga mat a few weeks ago. Setup took less than five minutes. On the plus side, works as described, no surprises.",3,positive
Bought this headphones a few weeks ago. Packaging was fine.,3,neutral
"This wireless mouse is smooth. Shipping was fast and packaging was solid. That said, the size runs way smaller than expected.",4,positive
"This desk lamp is sleek. Also, works as described, no surprises. Overall it's not as good as I hoped.",4,positive
"This laptop is solid. It feels premium for teh price. However, works as described, no surprises. Rating: 5/5.",5,positive
This laptop is badly made. Customer support never responded.,1,negative
"Bought this blender a few weeks ago. It feels premium for the price. Also, the material feels cheap.",4,neutral
"This blender is smooth. It feels premium for the price. On the downside, I had to return it after two days.",5,positive
This office chair is worth every penny. Rating: 4/5.,4,positive
This desk lamp is comfortable. Battery life is impressive.,4,positive
"This wireless mouse is sturdy. Battery life is impressive. However, delivery took about a week. Overall it's can't complain.",5,positive
"This smartwatch is reasonable. Some features are useful, others aren't. Also, battery drains way too fast.",2,neutral
This office chair is fast.,5,positive
This laptop is fast. Setup took less than five minutes. Overall it's not great.,3,positive
This wireless mouse is useless.,1,negative
"This wireless mouse is outstanding. On the plus side, it's fine for teh price but I wouldn't rave about it.",5,positive
Bought this smartwatch a few weeks ago.,1,negative
"Bought this yoga mat a few weeks ago. Setup took less than five minutes. Also, customer support never responded.",3,positive
"This smartwatch is middle of the road. Some features are useful, others aren't.",2,neutral
This headphones is outstanding. The build quality is great.,4,positive
Bought this backpack a few weeks ago. Shipping was fast and packaging was solid.,5,neutral
This vacuum cleaner is excellent. The build quality is great. Rating: 3/5.,3,positive
This coffee maker is superb. Rating: 3/5.,3,positive
Bought this running shoes a few weeks ago.,3,neutral
"This running shoes is fine. It does the job but nothing more. That said, battery life is impressive.",4,neutral
This blender is useless. It's louder than advertised.,1,negative
Bought this bluetooth speaker a few weeks ago.,4,positive
Bought this office chair a few weeks ago. My whole family loves it now.,3,positive
This desk lamp is slow. It's louder than advertised.,3,negative
Bought this backpack a few weeks ago. Exceeded my expectations.,4,positive
This backpack is amazing. The build quality is great.,5,positive
"This desk lamp is great. I would definately buy this again. That said, it's louder than advertised. Overall it's could be better.",5,positive
This blender is fantastic. Shipping was fast and packaging was solid.,3,positive
This laptop is superb.,3,positive
This vacuum cleaner is awful.,1,negative
"This blender is acceptable. It's fine for teh price but i wouldn't rave about it. That said, I had to return it after two days. Overall it's could be better. Rating: 3/5.",3,negative
This laptop is subpar. I regret this purchase.,2,negative
"This air fryer is great. Also, packaging was fine.",3,positive
This office chair is outstanding.,3,positive
Bought this backpack a few weeks ago. It's louder than advertised. Rating: 1/5.,1,negative
This air fryer is useless. It's louder than advertised.,1,negative
This yoga mat is reasonable. Overall it's can't complain.,4,neutral
"This backpack is badly made. However, it feels premium for the price.",2,negative
This desk lamp is durable. It feels premium for the price.,5,positive
Bought this yoga mat a few weeks ago.,2,negative
"This office chair is faulty. However, works perfectly out of teh box. Rating: 2/5.",2,negative
This laptop is not worth it.,2,negative
This coffee maker is superb. It feels premium for the price.,4,positive
Bought this wireless mouse a few weeks ago. The instructions were confusing.,1,negative
This running shoes is disappointing.,3,negative
"This vacuum cleaner is nothing special. Some features are useful, others aren't.",3,neutral
This smartwatch is awful. Stopped working within a week. Rating: 1/5.,1,negative
Bought this desk lamp a few weeks ago.,3,neutral
Bought this running shoes a few weeks ago.,5,positive
This laptop is average. It does the job but nothing more. Rating: 3/5.,3,neutral
"This running shoes is fine. However, works perfectly out of the box.",3,neutral
This bluetooth speaker is broken. The material feels cheap.,2,negative
This backpack is reliable.,4,negative
Bought this smartwatch a few weeks ago. Customer service was very helpful. Overall it's not bad.,3,positive
Bought this office chair a few weeks ago.,5,positive
Bought this desk lamp a few weeks ago. The size runs way smaller than expected.,1,neutral
This office chair is reliable. Battery life is impressive.,4,positive
This desk lamp is outstanding.,3,positive
"This blender is decent. It does teh job but nothing more. However, battery drains way too fast. Rating: 3/5.",3,neutral
This blender is slow. Overall it's not great.,2,negative
This backpack is defective.,2,negative
"Bought this headphones a few weeks ago. The material feels cheap. On the plus side, it feels premium for the price.",2,negative
This coffee maker is fine. Delivery took about a week.,3,neutral
This bluetooth speaker is clunky. Customer support never responded. Overall it's wouldn't recommend. Rating: 1/5.,1,negative
This wireless mouse is decent. Packaging was fine. Overall it's could be better. Rating: 2/5.,2,neutral
"Bought this smartwatch a few weeks ago. Shipping was fast and packaging was solid. Also, I regret this purchase. Rating: 4/5.",4,positive
This headphones is terrible.,1,negative
This desk lamp is reliable.,5,positive
Bought this phone case a few weeks ago.,3,negative
This bluetooth speaker is comfortable. My whole family loves it now. Overall it's could be better.,5,positive
Bought this headphones a few weeks ago. Rating: 4/5.,4,positive
This blender is cheap. I had to return it after two days.,2,negative
This blender is fantastic. Customer service was very helpful.,3,positive
This backpack is reasonable. It does the job but nothing more. Rating: 2/5.,2,positive
This blender is shoddy. The instructions were confusing.,1,negative
This laptop is superb. Works perfectly out of the box. Rating: 4/5.,4,positive
This office chair is clunky. Stopped working within a week.,2,negative
Bought this bluetooth speaker a few weeks ago. It's louder than advertised. Overall it's can't complain. Rating: 2/5.,2,negative
This headphones is terrible.,1,negative
This office chair is overpriced.,2,negative
Bought this laptop a few weeks ago.,3,neutral
"Bought this phone case a few weeks ago. On the plus side, it does the job but nothing more. Overall it's not great. Rating: 4/5.",4,positive
"This headphones is slow. The material feels cheap. On the plus side, exceeded my expectations.",1,negative
"This wireless mouse is excellent. Also, I regret this purchase.",5,positive
This laptop is badly made. The instructions were confusing. Overall it's can't complain. Rating: 2/5.,2,negative
"This smartwatch is okay. Also, the material feels cheap. Rating: 2/5.",2,neutral
This backpack is standard. Delivery took about a week.,4,neutral
This yoga mat is standard. Packaging was fine. Rating: 4/5.,4,neutral
This vacuum cleaner is disappointing.,2,negative
This headphones is defective. It arrived damaged.,2,negative
This air fryer is comfortable.,4,positive
This phone case is standard. Delivery took about a week. Rating: 3/5.,3,neutral
This laptop is solid.,4,positive
This running shoes is not worth it. Overall it's didn't disappoint.,1,negative
Bought this blender a few weeks ago.,1,negative
This office chair is wonderful. I would definitely buy this again.,3,positive
This desk lamp is outstanding.,5,positive
This running shoes is durable.,5,positive
Bought this blender a few weeks ago.,4,neutral
This desk lamp is smooth.,4,positive
This coffee maker is impressive.,3,positive
This laptop is poor. Customer support never responded. Rating: 1/5.,1,negative
This air fryer is terrible. I regret this purchase.,2,negative
Bought this running shoes a few weeks ago.,1,negative
This coffee maker is fine. Rating: 3/5.,3,neutral
"This headphones is affordable. It feels premium for the price. However, the material feels cheap.",3,positive
This smartwatch is acceptable. It's fine for the price but i wouldn't rave about it. Rating: 4/5.,4,neutral
This laptop is disappointing. I regret this purchase.,1,negative
Bought this wireless mouse a few weeks ago. Setup took less than five minutes.,5,positive
This coffee maker is shoddy.,1,negative
This laptop is excellent. Works perfectly out of the box.,3,positive
This wireless mouse is responsive. Setup took less than five minutes.,4,neutral
Bought this smartwatch a few weeks ago.,5,positive
"This coffee maker is clunky. Stopped working within a week. However, exceeded my expectations.",3,negative
Bought this bluetooth speaker a few weeks ago. It arrived damaged.,3,negative
This blender is not worth it. The instructions were confusing. Rating: 1/5.,1,negative
"This headphones is worth every penny. It feels premium for the price. Also, the material feels cheap.",5,positive
This running shoes is nothing special.,3,neutral
This laptop is standard. It's fine for the price but i wouldn't rave about it. Rating: 3/5.,3,neutral
This air fryer is flimsy. Rating: 3/5.,3,negative
This laptop is flimsy. Rating: 2/5.,2,negative
This headphones is fine.,3,neutral
This vacuum cleaner is smooth.,5,positive
This air fryer is smooth. I would definitely buy this again. Rating: 5/5.,5,positive
This wireless mouse is responsive. Exceeded my expectations.,3,positive
Bought this blender a few weeks ago. Battery drains way too fast. Rating: 2/5.,2,negative
This laptop is great. Battery life is impressive. Overall it's could be better.,5,positive
This wireless mouse is outstanding. Works perfectly out of the box.,4,positive
This wireless mouse is average. It does the job but nothing more. Overall it's wouldn't recommend.,3,neutral
This backpack is subpar. The instructions were confusing.,2,negative
This blender is faulty.,1,negative
This phone case is shoddy.,2,negative
Bought this air fryer a few weeks ago. The build quality is great.,3,positive
"Bought this vacuum cleaner a few weeks ago. Setup took less than five minutes. Also, works as described, no surprises.",4,positive
This wireless mouse is great. Setup took less than five minutes. Rating: 3/5.,3,positive
This vacuum cleaner is amazing.,4,positive
Bought this vacuum cleaner a few weeks ago.,3,positive
"This headphones is smooth. I would definitely buy this again. On the plus side, it does the job but nothing more.",3,positive
This yoga mat is cheap.,3,negative
This running shoes is reasonable. Delivery took about a week.,3,neutral
"This smartwatch is okay. Some features are useful, others aren't. Overall it's not as good as I hoped.",3,neutral
Bought this coffee maker a few weeks ago.,4,positive
This headphones is badly made.,2,negative
This smartwatch is fine. Rating: 3/5.,3,neutral
This wireless mouse is unreliable.,1,negative
This headphones is superb. My whole family loves it now. Overall it's wouldn't recommend.,4,positive
This laptop is faulty. It arrived damaged.,1,negative
Bought this blender a few weeks ago. Battery drains way too fast.,3,negative
Bought this office chair a few weeks ago. It's louder than advertised.,3,negative
This desk lamp is smooth. Shipping was fast and packaging was solid. Rating: 5/5.,5,positive
Bought this coffee maker a few weeks ago.,3,negative
This office chair is unreliable. Overall it's wouldn't recommend. Rating: 1/5.,1,negative
This blender is poor.,1,negative
Bought this yoga mat a few weeks ago.,2,negative
This vacuum cleaner is overpriced.,2,negative
Bought this desk lamp a few weeks ago.,3,positive
This backpack is decent. It does the job but nothing more.,4,neutral
This blender is fine. It does teh job but nothing more. Overall it's not bad.,3,neutral
This running shoes is fast.,4,positive
This desk lamp is impressive. Shipping was fast and packaging was solid. Rating: 5/5.,5,positive
This desk lamp is fast. I would definitely buy this again. Overall it's can't complain. Rating: 5/5.,5,positive
This headphones is top notch. Setup took less than five minutes.,4,positive
This desk lamp is poor. Rating: 1/5.,1,negative
"This wireless mouse is shoddy. That said, it's fine for the price but I wouldn't rave about it.",1,negative
Bought this desk lamp a few weeks ago. Overall it's can't complain. Rating: 5/5.,5,positive
"Bought this running shoes a few weeks ago. On the plus side, my whole family loves it now. Overall it's didn't disappoint.",1,negative
This yoga mat is flimsy. Battery drains way too fast. Overall it's not as good as I hoped.,2,negative
This desk lamp is comfortable. Shipping was fast and packaging was solid. Overall it's not bad. Rating: 4/5.,4,positive
"Bought this office chair a few weeks ago. Packaging was fine. Also, I regret this purchase.",3,neutral
"Bought this laptop a few weeks ago. That said, I had to return it after two days.",3,positive
"This running shoes is clunky. I had to return it after two days. However, delivery took about a week.",2,negative
"This vacuum cleaner is okay. Some features are useful, others aren't. Overall it's can't complain. Rating: 3/5.",3,neutral
This phone case is terrible. Battery drains way too fast.,3,negative
This smartwatch is fast.,5,positive
Bought this laptop a few weeks ago. My whole family loves it now. Rating: 5/5.,5,positive
Bought this headphones a few weeks ago. It's louder than advertised.,3,negative
"This coffee maker is badly made. On the plus side, packaging was fine. Rating: 2/5.",2,negative
This desk lamp is flimsy. The material feels cheap. Rating: 1/5.,1,negative
"This office chair is excellent. Customer service was very helpful. That said, battery drains way too fast.",5,positive
"This backpack is nothing special. Works as described, no surprises.",3,neutral
This smartwatch is outstanding. Exceeded my expectations. Rating: 4/5.,4,positive
This bluetooth speaker is slow. The size runs way smaller than expected.,1,negative
This vacuum cleaner is so-so. It does the job but nothing more. Overall it's could be better.,3,neutral
Bought this bluetooth speaker a few weeks ago. The size runs way smaller than expected. Rating: 1/5.,1,negative
"This bluetooth speaker is acceptable. It's fine for the price but i wouldn't rave about it. However, battery drains way too fast.",4,neutral
"This phone case is disappointing. That said, packaging was fine. Rating: 2/5.",2,negative
This phone case is well made.,5,positive
"This headphones is reasonable. Packaging was fine. However, the build quality is great.",2,neutral
This smartwatch is disappointing. It's louder than advertised.,3,negative
This bluetooth speaker is fantastic. I would definitely buy this again. Rating: 4/5.,4,positive
"This vacuum cleaner is superb. I would definitely buy this again. Also, teh size runs way smaller than expected. Rating: 3/5.",3,positive
This phone case is affordable. Shipping was fast and packaging was solid.,5,positive
This wireless mouse is flimsy. The material feels cheap. Overall it's can't complain. Rating: 2/5.,2,negative
"This smartwatch is amazing. Battery life is impressive. That said, it's louder than advertised. Rating: 5/5.",5,positive
"This office chair is sleek. Also, I regret this purchase.",4,positive
This backpack is impressive. Shipping was fast and packaging was solid.,5,positive
Bought this wireless mouse a few weeks ago.,5,positive
"Bought this office chair a few weeks ago. Also, I regret this purchase. Rating: 4/5.",4,positive
"Bought this backpack a few weeks ago. Exceeded my expectations. However, it's louder than advertised.",4,positive
"Bought this yoga mat a few weeks ago. The instructions were confusing. On the plus side, exceeded my expectations.",2,negative
"This office chair is reasonable. It does the job but nothing more. Also, my whole family loves it now.",2,neutral
"Bought this backpack a few weeks ago. Works as described, no surprises. On the plus side, exceeded my expectations.",3,neutral
This desk lamp is durable. It feels premium for the price.,4,positive
This vacuum cleaner is wonderful.,4,positive
This yoga mat is acceptable.,2,neutral
This laptop is useless.,2,negative
Bought this smartwatch a few weeks ago. Overall it's can't complain.,3,negative
This blender is acceptable.,3,neutral
This desk lamp is solid.,4,positive
This vacuum cleaner is superb. The build quality is great.,3,positive
This phone case is comfortable.,3,positive
"This blender is comfortable. My whole family loves it now. On teh plus side, packaging was fine.",4,positive
"This vacuum cleaner is shoddy. Battery drains way too fast. That said, works as described, no surprises. Rating: 3/5.",3,negative
Bought this desk lamp a few weeks ago. Rating: 3/5.,3,negative
This wireless mouse is slow. The material feels cheap.,2,negative
This desk lamp is responsive. My whole family loves it now. Overall it's can't complain.,4,positive
This running shoes is frustrating. Overall it's can't complain.,1,negative
This wireless mouse is impressive. Customer service was very helpful.,5,positive
"This headphones is nothing special. On the downside, it arrived damaged.",3,neutral
This wireless mouse is awful. Rating: 1/5.,1,negative
Bought this wireless mouse a few weeks ago. Rating: 1/5.,1,negative
This phone case is solid. Setup took less than five minutes.,4,positive
This vacuum cleaner is overpriced. The instructions were confusing. Rating: 2/5.,2,negative
Bought this backpack a few weeks ago. Delivery took about a week.,3,neutral
This desk lamp is reliable.,4,positive
This yoga mat is so-so. Rating: 3/5.,3,neutral
This yoga mat is excelent. It feels premium for the price.,4,positive
"This headphones is reliable. That said, battery drains way too fast.",3,positive
This bluetooth speaker is slow. It arrived damaged. Rating: 2/5.,2,negative
This headphones is defective.,1,negative
"Bought this running shoes a few weeks ago. Customer service was very helpful. On teh downside, I had to return it after two days.",4,positive
This coffee maker is reliable. I would definitely buy this again. Rating: 4/5.,4,positive
This running shoes is shoddy. Rating: 1/5.,1,negative
"Bought this yoga mat a few weeks ago. I had to return it after two days. Also, shipping was fast and packaging was solid.",2,negative
Bought this office chair a few weeks ago. Battery life is impressive.,5,positive
This air fryer is cheap.,2,neutral
"This phone case is decent. Works as described, no surprises. Also, the instructions were confusing.",4,neutral
This wireless mouse is outstanding. Rating: 4/5.,4,positive
"This smartwatch is reliable. Setup took less than five minutes. On the plus side, packaging was fine.",4,positive
"This wireless mouse is poor. Battery drains way too fast. On the plus side, it feels premium for the price.",2,negative
This yoga mat is okay. It's fine for the price but i wouldn't rave about it.,2,neutral
"This wireless mouse is amazing. I would definitely buy this again. On the downside, the size runs way smaller than expected. Rating: 3/5.",3,positive
This running shoes is uncomfortable.,2,negative
Bought this smartwatch a few weeks ago. It's fine for the price but i wouldn't rave about it. Rating: 4/5.,4,neutral
"This phone case is nothing special. Some features are useful, others aren't. Overall it's not great. Rating: 4/5.",4,neutral
"This desk lamp is reliable. It feels premium for the price. Also, it's fine for the price but I wouldn't rave about it. Rating: 5/5.",5,positive
This desk lamp is reasonable.,2,neutral
This running shoes is smooth. Exceeded my expectations.,3,positive
This backpack is clunky.,3,negative
Bought this coffee maker a few weeks ago.,3,positive
"This backpack is subpar. I had to return it after two days. On the plus side, exceeded my expectations.",3,negative
Bought this yoga mat a few weeks ago.,3,negative
"This smartwatch is faulty. Stopped working within a week. On the plus side, exceeded my expectations.",1,negative
This air fryer is reliable. Shipping was fast and packaging was solid.,5,positive
This smartwatch is sturdy. Customer service was very helpful.,4,positive
This desk lamp is defective. It arrived damaged.,2,negative
This wireless mouse is solid.,5,positive
This phone case is durable. Customer service was very helpful. Rating: 5/5.,5,neutral
This phone case is fast. The build quality is great. Overall it's can't complain.,4,positive
This laptop is fast.,4,positive
"This coffee maker is reasonable. On teh plus side, shipping was fast and packaging was solid. Overall it's didn't disappoint.",3,neutral
Bought this office chair a few weeks ago. It's fine for the price but i wouldn't rave about it.,3,neutral
This desk lamp is superb. The build quality is great.,4,negative
"This running shoes is clunky. It's louder than advertised. However, packaging was fine.",2,negative
This wireless mouse is uncomfortable. The material feels cheap.,1,negative
This phone case is shoddy. The material feels cheap. Overall it's can't complain.,1,neutral
This wireless mouse is broken. The size runs way smaller than expected.,1,negative
"This laptop is amazing. Shipping was fast and packaging was solid. That said, packaging was fine.",5,positive
This vacuum cleaner is broken. The instructions were confusing.,1,negative
This vacuum cleaner is frustrating.,3,negative
"This blender is wonderful. Shipping was fast and packaging was solid. That said, delivery took about a week. Rating: 4/5.",4,positive
This backpack is badly made. I had to return it after two days.,1,negative
"This headphones is decent. Some features are useful, others aren't. Overall it's not great.",3,neutral
Bought this yoga mat a few weeks ago.,1,negative
"This coffee maker is nothing special. Some features are useful, others aren't. That said, it's louder than advertised. Rating: 3/5.",3,neutral
"This wireless mouse is amazing. However, I regret this purchase.",4,positive
This vacuum cleaner is sturdy.,4,positive
"This coffee maker is smooth. Battery life is impressive. Also, some features are useful, others aren't. Rating: 3/5.",3,positive
This vacuum cleaner is flimsy.,3,negative
Bought this phone case a few weeks ago. My whole family loves it now. Overall it's not as good as I hoped. Rating: 5/5.,5,positive
"This laptop is solid. My whole family loves it now. That said, it does the job but nothing more.",5,positive
Bought this bluetooth speaker a few weeks ago. It does teh job but nothing more.,2,neutral
"Bought this running shoes a few weeks ago. Some features are useful, others aren't.",3,neutral
This running shoes is impressive. I would definitely buy this again.,4,positive
This phone case is faulty. The instructions were confusing.,2,negative
This phone case is solid. I would definitely buy this again.,4,positive
This smartwatch is middle of the road. It's fine for the price but i wouldn't rave about it. Overall it's can't complain.,4,neutral
"This desk lamp is poor. The material feels cheap. On the plus side, exceeded my expectations. Overall it's wouldn't reccomend.",1,negative
This vacuum cleaner is unreliable. I had to return it after two days. Rating: 2/5.,2,negative
This bluetooth speaker is reliable.,3,positive
This smartwatch is smooth.,5,positive
"This backpack is reasonable. It does teh job but nothing more. That said, the instructions were confusing.",3,neutral
This blender is average. It's fine for the price but i wouldn't rave about it. Overall it's can't complain. Rating: 4/5.,4,neutral
"This headphones is useless. It arrived damaged. That said, my whole family loves it now.",3,negative
This air fryer is nothing special. Delivery took about a week. Rating: 4/5.,4,neutral
"Bought this wireless mouse a few weeks ago. Also, shipping was fast and packaging was solid. Overall it's not bad.",3,neutral
"This bluetooth speaker is awful. It arrived damaged. However, some features are useful, others aren't.",3,negative
This bluetooth speaker is cheap.,1,negative
This vacuum cleaner is terrible.,1,negative
This wireless mouse is great. It feels premium for the price. Overall it's didn't disappoint.,4,positive
This backpack is slow.,2,negative
This office chair is reasonable. Packaging was fine.,2,neutral
Bought this office chair a few weeks ago. It arrived damaged.,1,negative
This air fryer is comfortable. Overall it's not great. Rating: 4/5.,4,positive
This laptop is nothing special.,3,neutral
This bluetooth speaker is uncomfortable. I had to return it after two days. Overall it's not as good as I hoped.,1,negative
This bluetooth speaker is subpar. The material feels cheap. Rating: 1/5.,1,negative
Bought this coffee maker a few weeks ago. My whole family loves it now.,5,positive
This backpack is affordable. Exceeded my expectations.,3,positive
This vacuum cleaner is fantastic.,5,positive
This smartwatch is uncomfortable. The material feels cheap. Overall it's wouldn't recommend.,2,negative
This office chair is fast.,5,positive
"This smartwatch is decent. Some features are useful, others aren't. Rating: 3/5.",3,neutral
This air fryer is fine.,3,neutral
"This desk lamp is acceptable. Works as described, no surprises.",3,neutral
This blender is defective. The size runs way smaller than expected. Rating: 1/5.,1,negative
This running shoes is overpriced.,3,negative
Bought this wireless mouse a few weeks ago. It does the job but nothing more. Overall it's didn't disappoint.,3,neutral
This air fryer is okay.,3,neutral
This air fryer is excellent.,5,positive
This vacuum cleaner is clunky.,3,negative
This phone case is worth every penny.,4,positive
"This smartwatch is okay. However, customer service was vary helpful.",3,neutral
Bought this blender a few weeks ago. Stopped working within a week. Rating: 3/5.,3,negative
"This running shoes is middle of the road. Some features are useful, others aren't. On the downside, the instructions were confusing.",3,neutral
This air fryer is disappointing. Customer support never responded. Overall it's not great.,1,negative
"This phone case is impressive. I would definately buy this again. On the downside, stopped working within a week. Overall it's not as good as I hoped.",5,positive
This phone case is nothing special. Delivery took about a week.,3,neutral
"This air fryer is poor. The size runs way smaller than expected. On the plus side, it does the job but nothing more. Rating: 2/5.",2,negative
"Bought this smartwatch a few weeks ago. Stopped working within a week. However, delivery took about a week. Overall it's could be better.",1,negative
This running shoes is broken. I regret this purchase.,2,negative
This office chair is smooth. The build quality is great. Rating: 3/5.,3,positive
This air fryer is top notch. Shipping was fast and packaging was solid. Overall it's can't complain.,4,positive
This smartwatch is disappointing. Overall it's wouldn't reccomend. Rating: 2/5.,2,negative
Bought this office chair a few weeks ago. I regret this purchase.,1,negative
"Bought this yoga mat a few weeks ago. However, packaging was fine.",4,positive
Bought this vacuum cleaner a few weeks ago. The material feels cheap. Rating: 1/5.,1,negative
This headphones is comfortable.,4,positive
This backpack is solid. Exceeded my expectations.,3,positive
This office chair is cheap. It's louder than advertised. Overall it's can't complain.,1,negative
"This blender is clunky. It's louder than advertised. On the plus side, packaging was fine. Rating: 1/5.",1,negative
"This headphones is affordable. Exceeded my expectations. Also, works as described, no surprises. Rating: 4/5.",4,positive
"This desk lamp is acceptable. It's fine for the price but i wouldn't rave about it. Also, the size runs way smaller than expected. Rating: 3/5.",3,neutral
"This running shoes is so-so. Delivery took about a week. On teh downside, I had to return it after two days. Overall it's could be better.",2,neutral
This yoga mat is overpriced.,1,negative
This vacuum cleaner is fine.,3,neutral
This desk lamp is middle of the road.,3,neutral
This desk lamp is smooth. Shipping was fast and packaging was solid.,5,positive
This laptop is terrible. The size runs way smaller than expected.,2,negative
This office chair is not worth it.,2,negative
This office chair is solid. I would definitely buy this again.,5,positive
This office chair is responsive.,5,positive
This yoga mat is smooth. It feels premium for the price.,4,positive
This bluetooth speaker is cheap.,2,negative
This bluetooth speaker is sleek. My whole family loves it now.,4,positive
"This wireless mouse is acceptable. Works as described, no surprises.",2,neutral
"This blender is not worth it. However, setup took less than five minutes. Rating: 2/5.",2,negative
This coffee maker is superb.,5,positive
This running shoes is amazing. Setup took less than five minutes.,5,positive
This air fryer is acceptable. It does the job but nothing more. Rating: 3/5.,3,neutral
This air fryer is broken.,2,negative
Bought this office chair a few weeks ago. Customer service was very helpful. Overall it's not great.,5,positive
This laptop is unreliable. It arrived damaged.,1,negative
This phone case is useless. The material feels cheap. Rating: 2/5.,2,negative
Bought this yoga mat a few weeks ago.,4,positive
This laptop is disappointing. Customer support never responded.,1,negative
This air fryer is amazing. Setup took less than five minutes. Overall it's not as good as I hoped.,4,positive
This desk lamp is slow. It's louder than advertised. Rating: 2/5.,2,negative
This desk lamp is badly made. I had to return it after two days.,1,negative
This backpack is superb. Shipping was fast and packaging was solid. Rating: 4/5.,4,positive
"This laptop is okay. Packaging was fine. That said, customer service was very helpful. Rating: 4/5.",4,neutral
This desk lamp is shoddy. Customer support never responded.,1,negative
This bluetooth speaker is sturdy.,4,positive
Bought this wireless mouse a few weeks ago. The size runs way smaller than expected. Rating: 1/5.,1,negative
This office chair is affordable. Shipping was fast and packaging was solid.,3,positive
This coffee maker is smooth. Setup took less than five minutes.,5,positive
"This vacuum cleaner is broken. It arrived damaged. However, it does the job but nothing more. Overall it's didn't disappoint. Rating: 3/5.",3,negative
This yoga mat is wonderful. The build qaulity is great. Overall it's not great. Rating: 4/5.,4,positive
"This wireless mouse is amazing. Setup took less than five minutes. That said, it does the job but nothing more. Overall it's didn't disappoint.",5,positive
"This running shoes is slow. Customer support never responded. That said, it does the job but nothing more.",1,negative
This phone case is amazing.,3,positive
This headphones is excellent. It feels premium for the price.,4,positive
This phone case is affordable. Works perfectly out of the box. Rating: 3/5.,3,positive
This running shoes is faulty.,1,negative
This laptop is top notch. Shipping was fast and packaging was solid.,5,neutral
This phone case is overpriced.,3,negative
"Bought this wireless mouse a few weeks ago. However, I regret this purchase.",3,neutral
"This phone case is fast. That said, some features are useful, others aren't.",3,positive
This headphones is top notch.,5,positive
"This yoga mat is durable. The build quality is great. Also, delivery took about a week. Rating: 5/5.",5,positive
"This desk lamp is outstanding. Battery life is impressive. That said, I regret this purchase.",3,positive
This vacuum cleaner is affordable. Setup took less than five minutes.,4,positive
"This yoga mat is responsive. Exceeded my expectations. On the plus side, some features are useful, others aren't. Rating: 4/5.",4,positive
This backpack is faulty. Overall it's can't complain.,2,negative
This coffee maker is standard. Delivery took about a week.,2,neutral
This wireless mouse is top notch.,4,positive
This blender is sturdy. The build quality is great.,4,positive
This blender is nothing special.,3,neutral
This vacuum cleaner is amazing. Customer service was very helpful.,5,positive
"This smartwatch is decent. Packaging was fine. On teh plus side, battery life is impressive. Overall it's wouldn't recommend. Rating: 3/5.",3,neutral
"This air fryer is top notch. I would definitely buy this again. Also, delivery took about a week. Rating: 3/5.",3,positive
This wireless mouse is fine. Delivery took about a week. Rating: 3/5.,3,neutral
This smartwatch is responsive.,5,positive
This yoga mat is great. My whole family loves it now.,4,positive
Bought this coffee maker a few weeks ago. It does the job but nothing more.,4,neutral
"This desk lamp is outstanding. I would definitely buy this again. That said, delivery took about a week. Rating: 4/5.",4,positive
This desk lamp is broken. The size runs way smaller than expected. Rating: 1/5.,1,positive
"This wireless mouse is clunky. The material feels cheap. Also, it's fine for the price but I wouldn't rave about it. Overall it's could be better.",1,negative
This air fryer is sleek. Shipping was fast and packaging was solid. Rating: 4/5.,4,positive
This coffee maker is faulty. I had to return it after two days. Rating: 3/5.,3,neutral
This bluetooth speaker is fine. It does the job but nothing more.,3,neutral
This air fryer is subpar.,2,negative
This laptop is sturdy. The build quality is great. Rating: 5/5.,5,positive
Bought this laptop a few weeks ago. Rating: 5/5.,5,positive
"This laptop is unreliable. That said, delivery took about a week. Rating: 3/5.",3,negative
This laptop is solid. The build qaulity is great.,3,positive
Bought this office chair a few weeks ago.,3,positive
"This air fryer is nothing special. It's fine for the price but i wouldn't rave about it. That said, the material feels cheap. Overall it's wouldn't recommend.",3,neutral
This office chair is so-so. It's fine for the price but i wouldn't rave about it. Rating: 3/5.,3,neutral
This headphones is overpriced. It's louder than advertised. Rating: 1/5.,1,negative
"Bought this phone case a few weeks ago. It does teh job but nothing more. However, customer support never responded. Rating: 3/5.",3,neutral
Bought this yoga mat a few weeks ago.,2,neutral
This backpack is smooth. Overall it's not bad. Rating: 4/5.,4,positive
Bought this coffee maker a few weeks ago. Rating: 3/5.,3,positive
This backpack is useless. Customer support never responded.,2,negative
Bought this running shoes a few weeks ago. Shipping was fast and packaging was solid.,3,positive
This backpack is impressive. Customer service was very helpful.,5,positive
"This running shoes is worth every penny. That said, it's fine for the price but I wouldn't rave about it. Overall it's not bad. Rating: 5/5.",5,positive
This smartwatch is fine. Delivery took about a week.,3,neutral
This laptop is reliable.,3,positive
This yoga mat is clunky. Rating: 1/5.,1,negative
Bought this running shoes a few weeks ago. Customer support never responded.,1,negative
"This running shoes is so-so. However, customer service was very helpful. Overall it's not bad.",4,neutral
This backpack is subpar.,3,negative
This vacuum cleaner is cheap. I had to return it after two days. Overall it's not great. Rating: 1/5.,1,negative
Bought this smartwatch a few weeks ago.,4,positive
Bought this headphones a few weeks ago.,5,positive
"This yoga mat is useless. On the plus side, it's fine for the price but I wouldn't rave about it.",2,negative
This bluetooth speaker is fine.,3,neutral
This office chair is amazing.,3,positive
This blender is faulty. Stopped working within a week. Rating: 2/5.,2,negative
Bought this laptop a few weeks ago.,5,positive
This smartwatch is responsive.,4,positive
This running shoes is reasonable. Delivery took about a week.,3,neutral
This headphones is fantastic.,5,positive
This wireless mouse is fantastic.,4,positive
This headphones is overpriced. Overall it's didn't disappoint.,1,negative
This vacuum cleaner is reasonable. It does the job but nothing more.,2,neutral
This bluetooth speaker is wonderful. Overall it's can't complain. Rating: 4/5.,4,positive
This bluetooth speaker is superb. Setup took less than five minutes.,4,positive
"This office chair is average. Works as described, no surprises.",3,neutral
This laptop is reliable. Overall it's can't complain. Rating: 3/5.,3,positive
This office chair is standard.,2,neutral
Bought this vacuum cleaner a few weeks ago.,4,positive
"Bought this vacuum cleaner a few weeks ago. That said, delivery took about a week.",5,positive
This bluetooth speaker is fast. Exceeded my expectations.,3,positive
This coffee maker is sleek. Overall it's didn't disappoint.,5,positive
"Bought this phone case a few weeks ago. Some features are useful, others aren't.",2,neutral
"This office chair is worth every penny. That said, packaging was fine.",5,positive
This yoga mat is sturdy.,5,positive
This bluetooth speaker is sturdy.,5,positive
This yoga mat is impressive. Exceeded my expectations.,5,positive
"This wireless mouse is solid. On the downside, customer support never responded. Overall it's can't complain. Rating: 4/5.",4,positive
This laptop is sturdy. It feels premium for the price.,5,positive
This running shoes is defective.,2,negative
This coffee maker is disappointing. I had to return it after two days. Rating: 3/5.,3,negative
This desk lamp is fantastic. I would definitely buy this again. Rating: 5/5.,5,positive
"This bluetooth speaker is smooth. However, delivery took about a week.",4,positive
This vacuum cleaner is slow. The material feels cheap.,3,negative
This headphones is slow. The material feels cheap. Overall it's not bad. Rating: 3/5.,3,negative
This air fryer is unreliable.,1,negative
This phone case is flimsy. Rating: 2/5.,2,negative
This running shoes is excellent. My whole family loves it now. Rating: 5/5.,5,positive
Bought this headphones a few weeks ago. Exceeded my expectations. Overall it's not bad. Rating: 4/5.,4,positive
This blender is affordable. My whole family loves it now.,3,positive
This running shoes is worth every penny. Setup took less than five minutes. Overall it's can't complain.,3,positive
This office chair is sturdy. I would definitely buy this again. Rating: 5/5.,5,positive
This running shoes is shoddy. I regret this purchase. Rating: 1/5.,1,negative
Bought this bluetooth speaker a few weeks ago. Delivery took about a week. Rating: 4/5.,4,neutral
Bought this air fryer a few weeks ago. Rating: 4/5.,4,neutral
Bought this wireless mouse a few weeks ago. Overall it's can't complain. Rating: 3/5.,3,positive
This desk lamp is impressive.,5,positive
This air fryer is sleek.,4,negative
This office chair is sturdy. I would definitely buy this again.,3,positive
This laptop is worth every penny.,5,positive
"Bought this smartwatch a few weeks ago. Shipping was fast and packaging was solid. However, delivery took about a week. Rating: 5/5.",5,positive
This air fryer is standard.,3,neutral
Bought this desk lamp a few weeks ago.,3,positive
This yoga mat is reasonable. Packaging was fine. Rating: 3/5.,3,neutral
Bought this yoga mat a few weeks ago. It does teh job but nothing more.,3,neutral
This office chair is okay. Packaging was fine.,2,neutral
"Bought this bluetooth speaker a few weeks ago. It's louder than advertised. However, works as described, no surprises.",2,negative
This office chair is defective. The size runs way smaller than expected.,1,negative
This running shoes is fantastic.,4,positive
This vacuum cleaner is not worth it.,3,negative
This phone case is impressive. I would definitely buy this again.,4,positive
This office chair is great. Rating: 4/5.,4,neutral
This phone case is impressive. Shipping was fast and packaging was solid.,4,positive
This phone case is broken. Overall it's didn't disappoint.,3,negative
This coffee maker is frustrating. Customer support never responded. Rating: 3/5.,3,negative
This laptop is clunky. Rating: 2/5.,2,negative
This headphones is impressive. Shipping was fast and packaging was solid. Overall it's can't complain.,5,positive
"This yoga mat is fast. On the plus side, packaging was fine. Rating: 5/5.",5,positive
This wireless mouse is solid. The build quality is great.,3,positive
This coffee maker is standard. It's fine for the price but i wouldn't rave about it. Overall it's could be better.,3,neutral
"This coffee maker is shoddy. Customer support never responded. However, it does the job but nothing more. Rating: 3/5.",3,negative
"This yoga mat is fantastic. However, battery drains way too fast. Rating: 3/5.",3,positive
"This air fryer is sturdy. It feels premium for the price. Also, works as described, no surprises. Rating: 4/5.",4,positive
This air fryer is fantastic.,5,positive
This headphones is subpar. Rating: 2/5.,2,negative
This office chair is solid.,5,positive
This backpack is okay. Delivery took about a week.,2,neutral
"This office chair is unreliable. The material feels cheap. Also, my whole family loves it now. Rating: 2/5.",2,negative
Bought this blender a few weeks ago. Rating: 3/5.,3,negative
This backpack is clunky. It arrived damaged. Rating: 2/5.,2,negative
This phone case is reliable. Battery life is impressive.,4,positive
This vacuum cleaner is not worth it. The size runs way smaller than expected.,1,negative
Bought this desk lamp a few weeks ago. It's fine for teh price but i wouldn't rave about it.,3,neutral
This air fryer is reliable. Works perfectly out of the box. Rating: 4/5.,4,positive
Bought this smartwatch a few weeks ago.,3,negative
This laptop is cheap.,3,negative
This coffee maker is terrible.,1,negative
This yoga mat is fantastic. The build quality is great. Rating: 3/5.,3,neutral
Bought this office chair a few weeks ago. Rating: 3/5.,3,neutral
This coffee maker is sturdy. Exceeded my expectations. Rating: 3/5.,3,positive
This desk lamp is sturdy.,4,positive
Bought this office chair a few weeks ago. It's louder than advertised.,3,negative
This yoga mat is shoddy. Customer support never responded. Rating: 1/5.,1,negative
Bought this coffee maker a few weeks ago.,3,negative
Bought this headphones a few weeks ago. Battery life is impressive.,4,positive
This vacuum cleaner is overpriced.,2,negative
This yoga mat is wonderful.,4,positive
This coffee maker is useless.,1,negative
This headphones is disappointing. Stopped working within a week.,2,negative
Bought this phone case a few weeks ago.,5,positive
This phone case is so-so. Rating: 4/5.,4,neutral
Bought this wireless mouse a few weeks ago. I had to return it after two days.,2,negative
Bought this headphones a few weeks ago. The build quality is great. Rating: 3/5.,3,positive
This running shoes is affordable. My whole family loves it now.,3,positive
This blender is unreliable. It's louder than advertised. Rating: 2/5.,2,negative
This smartwatch is unreliable. Customer support never responded.,1,negative
"This phone case is flimsy. On the plus side, shipping was fast and packaging was solid.",1,negative
This backpack is fine.,3,neutral
This vacuum cleaner is nothing special.,3,neutral
"This desk lamp is middle of the road. It does the job but nothing more. Also, battery drains way too fast.",4,neutral
This air fryer is durable. Exceeded my expectations. Rating: 5/5.,5,positive
This vacuum cleaner is poor. Overall it's can't complain.,2,negative
This air fryer is useless. Battery drains way too fast.,2,negative
This vacuum cleaner is durable. Battery life is impressive.,4,positive
This bluetooth speaker is amazing. Rating: 5/5.,5,positive
This coffee maker is average. Delivery took about a week. Rating: 4/5.,4,neutral
This office chair is cheap. Stopped working within a week. Rating: 2/5.,2,negative
"Bought this laptop a few weeks ago. I would definitely buy this again. That said, it's fine for the price but I wouldn't rave about it. Overall it's not great. Rating: 3/5.",3,positive
This coffee maker is reasonable. Packaging was fine. Overall it's not as good as I hoped.,4,neutral
This running shoes is smooth. Shipping was fast and packaging was solid. Rating: 4/5.,4,positive
This office chair is middle of the road. Rating: 3/5.,3,negative
This yoga mat is wonderful. Works perfectly out of the box. Rating: 4/5.,4,positive
This headphones is average. Rating: 3/5.,3,neutral
This phone case is fine. Delivery took about a week.,3,neutral
This vacuum cleaner is slow.,2,negative
"This blender is fine. Some features are useful, others aren't.",3,neutral
This yoga mat is comfortable.,4,positive
Bought this backpack a few weeks ago. The size runs way smaller than expected.,1,negative
This desk lamp is worth every penny.,3,positive
This laptop is affordable.,4,positive
Bought this office chair a few weeks ago.,4,positive
This wireless mouse is well made. My whole family loves it now.,5,positive
This wireless mouse is wonderful.,4,positive
This smartwatch is top notch. The build quality is great. Rating: 5/5.,5,neutral
"This running shoes is standard. On the plus side, I would definitely buy this again.",2,neutral
"This blender is standard. Some features are useful, others aren't.",4,neutral
"This phone case is average. Works as described, no surprises.",3,neutral
This running shoes is unreliable. Battery drains way too fast.,3,negative
Bought this vacuum cleaner a few weeks ago. I had to return it after two days.,3,negative
This vacuum cleaner is fantastic.,3,positive
"Bought this wireless mouse a few weeks ago. Works as described, no surprises.",2,neutral
This phone case is amazing. Setup took less than five minutes.,5,positive
This office chair is solid. Exceeded my expectations. Rating: 4/5.,4,positive
"This office chair is decent. Some features are useful, others aren't. On teh plus side, the build quality is great.",4,neutral
This bluetooth speaker is uncomfortable.,3,negative
This headphones is broken.,1,positive
"This smartwatch is affordable. I would definitely buy this again. That said, works as described, no surprises.",4,positive
Bought this backpack a few weeks ago. Customer service was vary helpful. Rating: 4/5.,4,positive
This headphones is solid. I would definitely buy this again.,3,positive
This coffee maker is standard. Delivery took about a week.,3,neutral
This bluetooth speaker is durable. Customer service was very helpful.,4,positive
This office chair is reasonable. Packaging was fine.,3,neutral
"This office chair is decent. Some features are useful, others aren't. Overall it's not bad.",3,neutral
This phone case is great.,4,positive
This bluetooth speaker is wonderful. It feels premium for teh price.,4,positive
This coffee maker is awful.,1,negative
This yoga mat is clunky. Rating: 2/5.,2,negative
Bought this bluetooth speaker a few weeks ago. Rating: 3/5.,3,neutral
Bought this laptop a few weeks ago.,4,positive
This phone case is great. Exceeded my expectations. Overall it's not great. Rating: 4/5.,4,positive
This phone case is uncomfortable. The instructions were confusing.,2,neutral
This running shoes is excellent.,4,positive
This smartwatch is average. Rating: 3/5.,3,neutral
This running shoes is so-so. Delivery took about a week.,3,neutral
This office chair is unreliable. It's louder than advertised. Rating: 2/5.,2,negative
This running shoes is sleek. Exceeded my expectations.,3,positive
This desk lamp is flimsy. It arrived damaged. Rating: 2/5.,2,negative
This office chair is smooth.,4,positive
This smartwatch is comfortable.,4,positive
This coffee maker is worth every penny.,4,positive
"This phone case is acceptable. Works as described, no surprises. Overall it's wouldn't recommend.",3,neutral
"Bought this yoga mat a few weeks ago. It's fine for the price but i wouldn't rave about it. On the plus side, exceeded my expectations.",3,neutral
Bought this office chair a few weeks ago. My whole family loves it now.,5,positive
Bought this air fryer a few weeks ago. Overall it's didn't disappoint.,3,neutral
Bought this yoga mat a few weeks ago. The instructions were confusing.,1,neutral
This bluetooth speaker is subpar.,2,negative
This wireless mouse is disappointing.,1,negative
This blender is poor. It's louder than advertised. Overall it's could be better.,1,negative
This coffee maker is durable. Rating: 4/5.,4,positive
This backpack is useless. The instructions were confusing. Rating: 1/5.,1,negative
This vacuum cleaner is sturdy.,4,positive
This vacuum cleaner is superb.,4,positive
Bought this phone case a few weeks ago. The build quality is great.,4,positive
"This smartwatch is acceptable. Works as described, no surprises. Overall it's wouldn't recommend.",3,neutral
Bought this office chair a few weeks ago. It arrived damaged.,2,negative
"This headphones is comfortable. Setup took less than five minutes. On the downside, the material feels cheap.",5,positive
This air fryer is superb. Setup took less than five minutes.,5,positive
Bought this desk lamp a few weeks ago. I had to return it after two days. Rating: 2/5.,2,negative
This air fryer is useless. The size runs way smaller than expected. Overall it's didn't disappoint.,2,negative
This office chair is awful. The size runs way smaller than expected. Rating: 1/5.,1,negative
This blender is well made. I would definitely buy this again.,5,positive
This laptop is shoddy. I had to return it after two days. Overall it's didn't disappoint. Rating: 1/5.,1,negative
"Bought this desk lamp a few weeks ago. That said, I would definitely buy this again. Overall it's wouldn't recommend. Rating: 2/5.",2,positive
"This phone case is fine. Some features are useful, others aren't. Overall it's not bad. Rating: 3/5.",3,neutral
This desk lamp is average. Packaging was fine.,3,neutral
This smartwatch is unreliable. The instructions were confusing.,2,negative
This yoga mat is top notch. Rating: 4/5.,4,neutral
This backpack is so-so. Packaging was fine.,4,neutral
This phone case is affordable. Exceeded my expectations. Rating: 5/5.,5,positive
This wireless mouse is average. It's fine for the price but i wouldn't rave about it.,2,neutral
Bought this coffee maker a few weeks ago. Packaging was fine.,3,neutral
"Bought this wireless mouse a few weeks ago. That said, battery life is impressive. Rating: 1/5.",1,negative
"This headphones is standard. It does the job but nothing more. That said, setup took less than five minutes. Overall it's wouldn't recommend. Rating: 2/5.",2,neutral
Bought this running shoes a few weeks ago.,5,positive
This vacuum cleaner is impressive. Rating: 4/5.,4,positive
"This office chair is fast. Shipping was fast and packaging was solid. However, packaging was fine.",4,positive
This wireless mouse is faulty. Overall it's can't complain.,1,negative
This office chair is disappointing. It's louder than advertised. Overall it's not as good as I hoped. Rating: 3/5.,3,negative
"This laptop is average. On the downside, customer support never responded. Overall it's could be better. Rating: 3/5.",3,neutral
This desk lamp is faulty. Stopped working within a week. Rating: 3/5.,3,negative
This backpack is sleek. It feels premium for the price.,4,positive
This headphones is subpar.,1,negative
This running shoes is flimsy. It arrived damaged. Rating: 2/5.,2,negative
This air fryer is shoddy. Battery drains way too fast.,1,negative
Bought this air fryer a few weeks ago.,1,negative
This bluetooth speaker is subpar.,3,negative
"Bought this backpack a few weeks ago. Shipping was fast and packaging was solid. On the downside, stopped working within a week. Overall it's can't complain.",5,positive
This air fryer is frustrating. I regret this purchase.,3,negative
This air fryer is flimsy.,1,negative
This running shoes is unreliable. The instructions were confusing.,3,negative
This yoga mat is flimsy.,3,negative
This laptop is acceptable.,3,neutral
This air fryer is frustrating. It's louder than advertised.,2,negative
Bought this headphones a few weeks ago.,4,positive
This desk lamp is flimsy. The size runs way smaller than expected.,1,negative
This backpack is standard. Packaging was fine.,4,neutral
This air fryer is awful. Stopped working within a week.,1,negative
This headphones is solid. I would definitely buy this again. Rating: 5/5.,5,positive
This wireless mouse is unreliable. The instructions were confusing.,2,negative
This laptop is outstanding. Customer service was very helpful. Overall it's not as good as I hoped. Rating: 4/5.,4,positive
This wireless mouse is reasonable. It does the job but nothing more.,3,neutral
Bought this vacuum cleaner a few weeks ago.,5,positive
"Bought this smartwatch a few weeks ago. Setup took less than five minutes. That said, I regret this purchase.",5,positive
This yoga mat is worth every penny.,4,positive
"Bought this office chair a few weeks ago. Shipping was fast and packaging was solid. However, delivery took about a week.",3,neutral
This running shoes is cheap.,1,negative
This running shoes is awful. The material feels cheap.,1,negative
This wireless mouse is awful. Stopped working within a week. Rating: 2/5.,2,negative
Bought this office chair a few weeks ago. Shipping was fast and packaging was solid.,3,negative
"This running shoes is worth every penny. I would definitely buy this again. That said, battery drains way too fast. Overall it's not as good as I hoped. Rating: 5/5.",5,positive
This bluetooth speaker is responsive. Setup took less than five minutes.,4,positive
This bluetooth speaker is acceptable. Packaging was fine.,4,neutral
"This vacuum cleaner is useless. Battery drains way too fast. Also, it does the job but nothing more. Overall it's wouldn't recommend. Rating: 3/5.",3,negative
"Bought this wireless mouse a few weeks ago. Works as described, no surprises. Overall it's not as good as I hoped. Rating: 3/5.",3,neutral
"This smartwatch is broken. The instructions were confusing. Also, setup took less than five minutes.",1,negative
"Bought this phone case a few weeks ago. Also, my whole family loves it now.",3,neutral
This air fryer is slow. Customer support never responded. Overall it's can't complain. Rating: 2/5.,2,negative
Bought this laptop a few weeks ago. Shipping was fast and packaging was solid.,4,positive
This headphones is outstanding. Rating: 5/5.,5,positive
This vacuum cleaner is amazing.,4,positive
This wireless mouse is smooth.,5,positive
This office chair is superb. Overall it's wouldn't recommend.,5,positive
This headphones is reasonable.,3,neutral
Bought this coffee maker a few weeks ago.,4,positive
Bought this coffee maker a few weeks ago. It feels premium for the price.,4,positive
"This phone case is sturdy. I would definitely buy this again. However, it does teh job but nothing more.",5,positive
"This desk lamp is standard. Packaging was fine. That said, customer service was very helpful. Rating: 2/5.",2,neutral
"This vacuum cleaner is so-so. Some features are useful, others aren't. Overall it's not as good as I hoped. Rating: 4/5.",4,neutral
This laptop is slow. Customer support never responded.,1,negative
Bought this headphones a few weeks ago. Battery drains way too fast.,3,negative
This backpack is faulty. Stopped working within a week.,3,negative
"Bought this desk lamp a few weeks ago. Customer service was very helpful. That said, it arrived damaged. Rating: 4/5.",4,positive
This yoga mat is outstanding. Exceeded my expectations.,4,positive
"This desk lamp is decent. Some features are useful, others aren't. Rating: 3/5.",3,neutral
This wireless mouse is impressive. It feels premium for the price.,3,positive
"This coffee maker is shoddy. I had to return it after two days. However, it feels premium for the price. Overall it's not bad. Rating: 3/5.",3,negative
This coffee maker is middle of the road. It's fine for the price but i wouldn't rave about it.,2,neutral
Bought this laptop a few weeks ago.,3,positive
Bought this blender a few weeks ago. It feels premium for teh price.,3,positive
Bought this yoga mat a few weeks ago. Rating: 5/5.,5,positive
This headphones is subpar.,2,negative
This bluetooth speaker is responsive. It feels premium for teh price.,4,positive
"This desk lamp is so-so. Works as described, no surprises.",3,neutral
This air fryer is useless. It's louder than advertised. Overall it's not as good as I hoped.,2,negative
"This smartwatch is fantastic. On the plus side, it does the job but nothing more.",3,positive
This backpack is fine.,3,neutral
"This vacuum cleaner is top notch. Shipping was fast and packaging was solid. That said, it's fine for the price but I wouldn't rave about it. Rating: 3/5.",3,positive
Bought this office chair a few weeks ago. Setup took less than five minutes.,4,positive
This running shoes is worth every penny. Exceeded my expectations. Overall it's not bad.,4,positive
This smartwatch is faulty.,1,negative
This bluetooth speaker is awful. The material feels cheap. Overall it's didn't disappoint.,2,negative
This phone case is solid. Setup took less than five minutes.,4,positive
Bought this air fryer a few weeks ago. The build quality is great. Rating: 4/5.,4,positive
This coffee maker is amazing. Exceeded my expectations.,3,positive
"This bluetooth speaker is okay. Works as described, no surprises. Rating: 3/5.",3,neutral
This yoga mat is durable. Overall it's didn't disappoint.,4,positive
This backpack is terrible. Overall it's not great.,2,negative
"This desk lamp is so-so. It's fine for the price but i wouldn't rave about it. On teh downside, the size runs way smaller than expected. Rating: 2/5.",2,neutral
Bought this phone case a few weeks ago. Overall it's could be better. Rating: 3/5.,3,negative
"This desk lamp is middle of the road. Some features are useful, others aren't.",2,neutral
Bought this backpack a few weeks ago.,2,negative
This coffee maker is great. It feels premium for the price.,5,negative
"This phone case is frustrating. Also, I would definitely buy this again.",2,negative
This coffee maker is wonderful.,5,positive
This smartwatch is broken.,1,neutral
This laptop is sturdy. Setup took less than five minutes. Rating: 5/5.,5,positive
Bought this running shoes a few weeks ago.,3,positive
This office chair is sturdy. Customer service was very helpful.,5,positive
This office chair is disappointing. Battery drains way too fast.,2,negative
"This air fryer is poor. Customer support never responded. Also, packaging was fine. Overall it's can't complain.",1,positive
Bought this coffee maker a few weeks ago. The instructions were confusing. Overall it's could be better.,2,negative
"This office chair is terrible. It's louder than advertised. Also, works as described, no surprises. Overall it's could be better. Rating: 2/5.",2,negative
This air fryer is durable. I would definitely buy this again.,3,positive
This headphones is decent. Packaging was fine. Rating: 2/5.,2,positive
This desk lamp is wonderful. It feels premium for teh price. Rating: 4/5.,4,positive
This backpack is sturdy. I would definitely buy this again.,5,positive
This office chair is disappointing.,1,negative
This backpack is fast. It feels premium for the price.,5,positive
This bluetooth speaker is solid.,4,positive
"This blender is unreliable. Stopped working within a week. Also, customer service was very helpful. Rating: 2/5.",2,negative
This running shoes is not worth it.,2,negative
This blender is impressive. Works perfectly out of the box. Rating: 3/5.,3,positive
This backpack is wonderful.,5,positive
Bought this wireless mouse a few weeks ago. Battery drains way too fast.,1,negative
"Bought this air fryer a few weeks ago. Customer support never responded. That said, delivery took about a week.",2,negative
This coffee maker is great.,5,positive
This vacuum cleaner is affordable.,3,positive
This vacuum cleaner is flimsy. The instructions were confusing.,1,negative
This coffee maker is terrible. The instructions were confusing.,1,negative
"This air fryer is smooth. Setup took less than five minutes. However, teh material feels cheap. Rating: 4/5.",4,positive
"This smartwatch is acceptable. Delivery took about a week. Also, works perfectly out of the box. Rating: 4/5.",4,neutral
Bought this office chair a few weeks ago. It arrived damaged.,1,neutral
Bought this backpack a few weeks ago.,1,negative
"This air fryer is unreliable. The material feels cheap. Also, customer service was very helpful. Rating: 2/5.",2,negative
This air fryer is reasonable. Packaging was fine.,4,neutral
This bluetooth speaker is poor.,3,negative
This office chair is comfortable.,5,positive
Bought this air fryer a few weeks ago.,5,positive
"Bought this running shoes a few weeks ago. It's fine for teh price but i wouldn't rave about it. However, I regret this purchase.",4,neutral
This backpack is well made. Setup took less than five minutes.,3,positive
This wireless mouse is disappointing. I had to return it after two days. Rating: 1/5.,1,negative
Bought this bluetooth speaker a few weeks ago. The size runs way smaller than expected. Rating: 3/5.,3,neutral
This blender is acceptable.,3,neutral
This desk lamp is flimsy.,2,negative
"This desk lamp is faulty. However, I would definitely buy this again.",2,negative
This blender is worth every penny. Overall it's not as good as I hoped.,4,positive
This phone case is nothing special. It's fine for the price but i wouldn't rave about it.,2,neutral
This headphones is comfortable. Overall it's not as good as I hoped.,3,positive
Bought this backpack a few weeks ago. Rating: 3/5.,3,positive
This smartwatch is fantastic. Exceeded my expectations. Rating: 4/5.,4,positive
This smartwatch is badly made. It's louder than advertised. Rating: 2/5.,2,negative
This vacuum cleaner is sturdy.,4,positive
This office chair is great.,5,positive
This backpack is fantastic. It feels premium for teh price.,5,positive
This desk lamp is fine. It does the job but nothing more. Rating: 3/5.,3,neutral
"This blender is fine. It does teh job but nothing more. On the plus side, it feels premium for the price.",3,neutral
"Bought this backpack a few weeks ago. Packaging was fine. However, I regret this purchase.",3,neutral
"This vacuum cleaner is useless. The size runs way smaller than expected. However, it's fine for the price but I wouldn't rave about it.",3,negative
This backpack is reliable. Shipping was fast and packaging was solid.,5,positive
Bought this smartwatch a few weeks ago. Shipping was fast and packaging was solid. Overall it's could be better.,4,positive
"This yoga mat is worth every penny. However, stopped working within a week.",4,positive
Bought this phone case a few weeks ago. Customer support never responded.,1,neutral
This office chair is smooth. I would definitely buy this again.,3,positive
Bought this air fryer a few weeks ago.,2,neutral
This running shoes is fast. Setup took less than five minutes. Rating: 5/5.,5,positive
This bluetooth speaker is acceptable.,2,neutral
This wireless mouse is disappointing. I regret this purchase.,2,negative
"This headphones is broken. Battery drains way too fast. Also, delivery took about a week.",2,negative
This yoga mat is faulty. It arrived damaged.,1,negative
This backpack is average.,3,neutral
This blender is fast.,4,positive
This phone case is awful.,2,negative
This running shoes is fantastic.,5,positive
This desk lamp is affordable.,5,positive
Bought this desk lamp a few weeks ago. Overall it's didn't disappoint. Rating: 5/5.,5,positive
This phone case is amazing.,5,positive
This phone case is average. It's fine for the price but i wouldn't rave about it.,2,neutral
This coffee maker is comfortable. It feels premium for the price. Rating: 4/5.,4,positive
This desk lamp is overpriced. The material feels cheap.,1,negative
This backpack is slow. I regret this purchase.,1,negative
Bought this laptop a few weeks ago.,5,positive
This running shoes is okay.,4,neutral
This headphones is worth every penny. Setup took less than five minutes. Overall it's didn't disappoint.,3,positive
This smartwatch is overpriced. The size runs way smaller than expected. Overall it's not bad.,1,negative
This blender is disappointing. Stopped working within a week.,2,negative
This wireless mouse is sleek. Exceeded my expectations.,4,positive
Bought this desk lamp a few weeks ago. Rating: 4/5.,4,positive
"This vacuum cleaner is reasonable. Some features are useful, others aren't. Also, battery life is impressive. Overall it's not bad.",3,neutral
This vacuum cleaner is responsive. Rating: 5/5.,5,positive
This air fryer is slow.,2,negative
This running shoes is reliable. Setup took less than five minutes.,5,positive
This running shoes is defective.,1,negative
"This headphones is solid. My whole family loves it now. Also, it's louder than advertised. Overall it's wouldn't recommend.",3,positive
"This laptop is slow. The material feels cheap. Also, shipping was fast and packaging was solid.",1,negative
This headphones is flimsy. Stopped working within a week.,3,negative
This running shoes is worth every penny. Exceeded my expectations.,5,positive
This office chair is flimsy.,1,negative
This office chair is shoddy. The instructions were confusing.,2,negative
Bought this yoga mat a few weeks ago. My whole family loves it now.,4,positive
This coffee maker is superb. Works perfectly out of the box.,5,positive
This air fryer is awful. I regret this purchase.,3,negative
"This coffee maker is sleek. It feels premium for the price. However, delivery took about a week.",4,positive
"This coffee maker is acceptable. It does the job but nothing more. Also, the build quality is great. Overall it's not as good as I hoped.",4,neutral
This bluetooth speaker is subpar. Customer support never responded.,1,negative
This smartwatch is fast. Overall it's not as good as I hoped. Rating: 5/5.,5,positive
This bluetooth speaker is so-so. It's fine for teh price but i wouldn't rave about it.,2,neutral
This yoga mat is so-so.,3,neutral
"This desk lamp is sleek. It feels premium for the price. On the plus side, some features are useful, others aren't.",4,positive
Bought this office chair a few weeks ago. Delivery took about a week.,3,neutral
"This bluetooth speaker is defective. Battery drains way too fast. However, it does the job but nothing more.",2,negative
This office chair is poor. Rating: 2/5.,2,negative
"This headphones is unreliable. The instructions were confusing. That said, shipping was fast and packaging was solid.",2,negative
Bought this smartwatch a few weeks ago.,5,positive
This coffee maker is worth every penny. Customer service was very helpful.,5,positive
This air fryer is fantastic. Exceeded my expectations.,4,positive
Bought this coffee maker a few weeks ago. The size runs way smaller than expected.,3,negative
This wireless mouse is reliable.,3,positive
Bought this vacuum cleaner a few weeks ago. Rating: 4/5.,4,positive
This laptop is shoddy.,2,negative
This running shoes is clunky. Stopped working within a week. Overall it's not as good as I hoped.,3,negative
This laptop is broken. It arrived damaged. Overall it's wouldn't recommend. Rating: 1/5.,1,negative
Bought this headphones a few weeks ago. The instructions were confusing.,2,negative
This bluetooth speaker is top notch. My whole family loves it now.,4,positive
This office chair is reliable. The build quality is great.,5,positive
Bought this smartwatch a few weeks ago. It does the job but nothing more.,3,neutral
This laptop is not worth it.,1,negative
This laptop is terrible. Customer support never responded. Overall it's could be better.,2,negative
This blender is awful.,3,negative
This yoga mat is affordable. Exceeded my expectations. Overall it's not great.,3,positive
This office chair is worth every penny.,4,positive
Bought this wireless mouse a few weeks ago. Exceeded my expectations.,3,positive
"This bluetooth speaker is wonderful. Setup took less than five minutes. That said, it's fine for the price but I wouldn't rave about it.",5,positive
This bluetooth speaker is faulty. Stopped working within a week.,1,negative
"This yoga mat is worth every penny. However, battery drains way too fast. Rating: 4/5.",4,positive
This coffee maker is reliable.,5,positive
"This office chair is amazing. It feels premium for the price. Also, I had to return it after two days.",4,positive
This air fryer is durable. I would definitely buy this again.,5,positive
Bought this blender a few weeks ago. Packaging was fine. Overall it's not bad.,3,neutral
"Bought this headphones a few weeks ago. The build quality is great. However, it does the job but nothing more.",4,positive
This backpack is sleek. I would definitely buy this again.,5,positive
This running shoes is clunky. The material feels cheap. Overall it's can't complain.,3,negative
This air fryer is smooth. It feels premium for the price.,3,positive
This wireless mouse is average.,3,neutral
"This wireless mouse is okay. Some features are useful, others aren't.",3,neutral
"Bought this wireless mouse a few weeks ago. That said, packaging was fine. Rating: 2/5.",2,negative
"This running shoes is affordable. Battery life is impressive. That said, packaging was fine.",4,positive
"This coffee maker is solid. It feels premium for the price. On the plus side, it does the job but nothing more. Rating: 4/5.",4,positive
Bought this wireless mouse a few weeks ago.,1,negative
This headphones is well made. Exceeded my expectations.,4,positive
This headphones is useless.,3,negative
"Bought this desk lamp a few weeks ago. Works as described, no surprises.",2,neutral
This office chair is excelent.,3,positive
This phone case is not worth it.,1,negative
Bought this phone case a few weeks ago.,3,neutral
This blender is durable.,5,positive
This smartwatch is acceptable. It does the job but nothing more.,2,neutral
This bluetooth speaker is amazing. Shipping was fast and packaging was solid. Rating: 4/5.,4,positive
Bought this phone case a few weeks ago. Packaging was fine. Rating: 3/5.,3,neutral
"This backpack is amazing. Battery life is impressive. Also, customer support never responded.",3,positive
This headphones is broken. I regret this purchase. Rating: 2/5.,2,negative
"This smartwatch is reasonable. Works as described, no surprises.",3,neutral
This office chair is standard. Packaging was fine. Overall it's not as good as I hoped.,3,neutral
This blender is standard. It does the job but nothing more. Overall it's not bad.,3,neutral
This laptop is well made.,4,positive
"This coffee maker is nothing special. Some features are useful, others aren't.",2,neutral
This wireless mouse is worth every penny.,3,positive
Bought this phone case a few weeks ago.,4,positive
This office chair is uncomfortable. It's louder than advertised.,1,negative
"This bluetooth speaker is durable. That said, I regret this purchase. Overall it's can't complain.",5,positive
This headphones is clunky. The material feels cheap. Rating: 3/5.,3,negative
"This phone case is decent. Some features are useful, others aren't.",3,neutral
This coffee maker is awful. Customer support never responded. Overall it's not great. Rating: 2/5.,2,negative
This vacuum cleaner is average.,3,neutral
"This office chair is useless. Battery drains way too fast. On the plus side, the build quality is great.",2,negative
"This air fryer is nothing special. However, exceeded my expectations. Rating: 3/5.",3,neutral
"This headphones is overpriced. The instructions were confusing. That said, setup took less than five minutes.",1,negative
This running shoes is average. Packaging was fine. Rating: 3/5.,3,neutral
This air fryer is broken.,3,negative
"This bluetooth speaker is acceptable. It's fine for the price but i wouldn't rave about it. Also, battery life is impressive. Overall it's wouldn't recommend. Rating: 2/5.",2,neutral
Bought this desk lamp a few weeks ago. It feels premium for teh price.,4,positive
"This headphones is superb. I would definitely buy this again. Also, I had to return it after two days.",4,positive
This wireless mouse is reasonable. Delivery took about a week.,3,neutral
This phone case is fantastic.,3,positive
This desk lamp is reliable. Exceeded my expectations.,5,positive
Bought this smartwatch a few weeks ago. The instructions were confusing.,3,negative
This phone case is well made. It feels premium for the price. Rating: 3/5.,3,positive
"This running shoes is impressive. My whole family loves it now. On the plus side, packaging was fine.",5,positive
"This bluetooth speaker is clunky. However, works as described, no surprises.",1,negative
This bluetooth speaker is disappointing. I regret this purchase.,3,negative
"This backpack is nothing special. Also, I would definitely buy this again. Rating: 2/5.",2,neutral
This blender is poor. Stopped working within a week.,3,negative
This desk lamp is badly made. Customer support never responded.,2,negative
This wireless mouse is uncomfortable. It's louder than advertised.,2,negative
This yoga mat is durable. Works perfectly out of the box. Overall it's could be better.,5,positive
Bought this air fryer a few weeks ago. Battery life is impressive.,3,positive
"This office chair is smooth. Customer service was very helpful. On the downside, customer support never responded. Rating: 4/5.",4,positive
This wireless mouse is solid. My whole family loves it now.,5,positive
This desk lamp is slow. The size runs way smaller than expected. Rating: 1/5.,1,negative
"This phone case is terrible. Battery drains way too fast. On the plus side, works perfectly out of the box. Rating: 2/5.",2,negative
Bought this yoga mat a few weeks ago. The build quality is great.,5,positive
This yoga mat is worth every penny. Shipping was fast and packaging was solid.,5,positive
This headphones is frustrating. It's louder than advertised.,2,negative
"This yoga mat is acceptable. Works as described, no surprises.",3,neutral
Bought this phone case a few weeks ago.,4,positive
"This blender is worth every penny. I would definitely buy this again. Also, I had to return it after two days.",3,positive
This air fryer is overpriced. The material feels cheap. Rating: 2/5.,2,negative
Bought this smartwatch a few weeks ago.,5,positive
"This yoga mat is comfortable. The build quality is great. Also, works as described, no surprises. Overall it's wouldn't recommend. Rating: 5/5.",5,positive
This smartwatch is unreliable.,2,negative
Bought this smartwatch a few weeks ago.,5,positive
This smartwatch is comfortable. Exceeded my expectations. Rating: 5/5.,5,positive
This phone case is excelent. Rating: 4/5.,4,positive
This blender is poor.,1,negative
"This desk lamp is decent. Works as described, no surprises.",4,neutral
This laptop is solid. My whole family loves it now.,4,positive
This backpack is excellent. Exceeded my expectations.,5,positive
"This blender is affordable. Also, battery drains way too fast.",5,positive
This phone case is excellent.,5,positive
Bought this backpack a few weeks ago. Shipping was fast and packaging was solid.,5,positive
"Bought this headphones a few weeks ago. That said, it does teh job but nothing more.",2,negative
"This backpack is outstanding. Setup took less than five minutes. That said, it does the job but nothing more.",4,positive
Bought this backpack a few weeks ago. It feels premium for the price. Rating: 5/5.,5,positive
This air fryer is fast. I would definitely buy this again.,4,positive
This backpack is nothing special.,3,neutral
This phone case is average. It does the job but nothing more.,3,neutral
This wireless mouse is acceptable. Rating: 3/5.,3,neutral
This phone case is poor. It arrived damaged.,2,negative
This backpack is sleek.,5,positive
"Bought this blender a few weeks ago. The material feels cheap. That said, it's fine for the price but I wouldn't rave about it. Rating: 3/5.",3,negative
"This bluetooth speaker is durable. On the downside, stopped working within a week. Rating: 5/5.",5,positive
This air fryer is fantastic. Battery life is impressive. Overall it's could be better.,5,positive
"This vacuum cleaner is reasonable. It's fine for the price but i wouldn't rave about it. Also, I had to return it after two days.",3,neutral
Bought this coffee maker a few weeks ago. Overall it's didn't disappoint. Rating: 2/5.,2,negative
Bought this phone case a few weeks ago. It does the job but nothing more. Rating: 3/5.,3,neutral
This air fryer is middle of the road. Delivery took about a week.,4,neutral
Bought this laptop a few weeks ago. Customer support never responded.,3,negative
This blender is overpriced.,3,negative
This vacuum cleaner is overpriced. Stopped working within a week.,2,negative
This backpack is useless. It arrived damaged. Overall it's didn't disappoint.,2,negative
"This wireless mouse is wonderful. It feels premium for the price. That said, packaging was fine.",4,positive
This blender is poor.,2,negative
This office chair is so-so.,3,neutral
"This smartwatch is amazing. That said, the instructions were confusing.",5,positive
This smartwatch is disappointing.,1,negative
"This air fryer is nothing special. Packaging was fine. However, the size runs way smaller than expected.",3,neutral
This bluetooth speaker is comfortable. My whole family loves it now.,4,positive
This headphones is reasonable. Packaging was fine. Overall it's didn't disappoint.,2,neutral
This running shoes is fantastic.,5,positive
Bought this coffee maker a few weeks ago.,3,positive
Bought this office chair a few weeks ago. It feels premium for teh price. Overall it's could be better. Rating: 4/5.,4,positive
"This vacuum cleaner is excelent. However, packaging was fine.",4,positive
This air fryer is disappointing. It arrived damaged.,2,negative
This wireless mouse is disappointing. It's louder than advertised.,1,negative
Bought this running shoes a few weeks ago. Customer service was vary helpful. Rating: 3/5.,3,positive
"This phone case is shoddy. It arrived damaged. Also, some features are useful, others aren't. Rating: 2/5.",2,negative
This office chair is unreliable. The instructions were confusing.,2,negative
This desk lamp is solid.,3,positive
This desk lamp is awful. The size runs way smaller than expected.,1,negative
This yoga mat is badly made. Stopped working within a week.,1,negative
This phone case is subpar. The instructions were confusing.,1,negative
This desk lamp is superb. It feels premium for teh price.,5,positive
This laptop is middle of the road. Rating: 3/5.,3,neutral
This blender is disappointing. It's louder than advertised.,1,negative
This wireless mouse is affordable.,5,positive
This desk lamp is outstanding.,4,positive
Bought this headphones a few weeks ago. I had to return it after two days.,2,negative
This coffee maker is durable. I would definitely buy this again.,4,positive
"This air fryer is smooth. Setup took less than five minutes. Also, some features are useful, others aren't. Rating: 4/5.",4,positive
This desk lamp is outstanding. Customer service was very helpful.,5,positive
Bought this air fryer a few weeks ago.,5,positive
Bought this yoga mat a few weeks ago. Rating: 4/5.,4,positive
This blender is so-so.,4,neutral
"This running shoes is responsive. That said, stopped working within a week.",4,positive
"Bought this yoga mat a few weeks ago. On the plus side, works as described, no surprises. Rating: 4/5.",4,positive
Bought this blender a few weeks ago. Stopped working within a week. Rating: 1/5.,1,negative
This coffee maker is wonderful. Battery life is impressive.,5,positive
This blender is impressive. Overall it's could be better.,4,positive
This office chair is okay. It does the job but nothing more.,3,neutral
This yoga mat is decent. Delivery took about a week.,3,neutral
This phone case is fast. Setup took less than five minutes. Rating: 5/5.,5,positive
This vacuum cleaner is standard. It's fine for the price but i wouldn't rave about it.,2,negative
This air fryer is defective. Customer support never responded.,2,positive
Bought this blender a few weeks ago. It arrived damaged. Rating: 2/5.,2,negative
This air fryer is durable. I would definitely buy this again. Rating: 5/5.,5,positive
This office chair is outstanding.,4,positive
This yoga mat is great. I would definitely buy this again. Rating: 5/5.,5,positive
"Bought this desk lamp a few weeks ago. It's fine for the price but i wouldn't rave about it. On the plus side, it feels premium for teh price.",4,neutral
Bought this vacuum cleaner a few weeks ago. Battery drains way too fast. Overall it's didn't disappoint. Rating: 1/5.,1,negative
This bluetooth speaker is superb. The build quality is great. Overall it's not as good as I hoped.,3,positive
This wireless mouse is superb. My whole family loves it now. Rating: 5/5.,5,positive
"This backpack is middle of teh road. That said, works perfectly out of the box.",2,neutral
"This headphones is acceptable. Works as described, no surprises. Also, setup took less than five minutes.",4,neutral
Bought this office chair a few weeks ago.,2,negative
"This yoga mat is impressive. It feels premium for the price. On the plus side, works as described, no surprises. Overall it's not as good as I hoped.",5,positive
"This air fryer is responsive. Exceeded my expectations. On the plus side, it does the job but nothing more. Overall it's can't complain.",5,positive
Bought this desk lamp a few weeks ago. Customer service was very helpful.,5,positive
This coffee maker is solid.,4,positive
This coffee maker is frustrating. Battery drains way too fast.,2,negative
This headphones is fast. Customer service was very helpful. Overall it's didn't disappoint.,4,positive
This desk lamp is top notch. Works perfectly out of the box. Rating: 3/5.,3,positive
This bluetooth speaker is acceptable.,3,neutral
This office chair is amazing.,4,positive
This yoga mat is terrible. Overall it's not as good as I hoped. Rating: 1/5.,1,negative
Bought this headphones a few weeks ago. It feels premium for the price.,4,positive
This laptop is superb. Exceeded my expectations. Rating: 5/5.,5,positive
This desk lamp is top notch. Shipping was fast and packaging was solid.,5,positive
"This running shoes is flimsy. Stopped working within a week. That said, shipping was fast and packaging was solid.",3,negative
This running shoes is solid.,5,positive
This blender is amazing. Battery life is impressive.,5,positive
This running shoes is frustrating. Battery drains way too fast.,2,negative
This headphones is acceptable.,4,neutral
Bought this vacuum cleaner a few weeks ago. Delivery took about a week.,3,neutral
This smartwatch is cheap. Stopped working within a week.,2,negative
This wireless mouse is slow.,1,positive
"This air fryer is amazing. I would definitely buy this again. Also, it's fine for the price but I wouldn't rave about it.",4,positive
This running shoes is standard.,2,neutral
Bought this headphones a few weeks ago. Exceeded my expectations.,4,positive
This wireless mouse is faulty.,1,negative
This coffee maker is top notch. Exceeded my expectations. Rating: 4/5.,4,positive
This smartwatch is wonderful. Works perfectly out of the box.,5,positive
"This laptop is useless. Stopped working within a week. On the plus side, it does the job but nothing more. Rating: 3/5.",3,negative
This yoga mat is overpriced. Customer support never responded. Rating: 2/5.,2,negative
"This desk lamp is fine. Some features are useful, others aren't. However, battery life is impressive.",3,neutral
This office chair is okay. It's fine for the price but i wouldn't rave about it.,2,neutral
This bluetooth speaker is responsive. Setup took less than five minutes. Overall it's wouldn't recommend.,5,positive
This backpack is fantastic.,4,positive
This bluetooth speaker is unreliable.,1,negative
This desk lamp is reliable.,5,positive
This phone case is frustrating.,1,negative
This laptop is superb. My whole family loves it now. Rating: 4/5.,4,positive
"Bought this office chair a few weeks ago. It's louder than advertised. However, it does the job but nothing more. Overall it's could be better.",2,negative
This coffee maker is frustrating. The material feels cheap. Rating: 2/5.,2,negative
"This wireless mouse is overpriced. It's louder than advertised. On teh plus side, the build quality is great. Rating: 3/5.",3,negative
This coffee maker is outstanding. It feels premium for teh price.,4,positive
This vacuum cleaner is frustrating. The material feels cheap. Overall it's could be better. Rating: 1/5.,1,negative
This laptop is sleek. Works perfectly out of the box. Rating: 4/5.,4,positive
This running shoes is durable.,4,positive
This backpack is solid. The build quality is great.,3,positive
"This running shoes is average. Packaging was fine. However, the material feels cheap.",4,neutral
This running shoes is clunky. The instructions were confusing.,1,negative
"This laptop is defective. On the plus side, shipping was fast and packaging was solid.",3,negative
This coffee maker is durable.,4,positive
"This office chair is reasonable. Some features are useful, others aren't. Rating: 3/5.",3,neutral
This blender is sleek.,5,positive
"Bought this smartwatch a few weeks ago. That said, packaging was fine.",5,negative
This bluetooth speaker is great. It feels premium for the price.,4,positive
This laptop is well made. My whole family loves it now. Rating: 4/5.,4,positive
This desk lamp is impressive.,4,positive
This laptop is broken. I regret this purchase.,3,negative
This air fryer is flimsy. Rating: 1/5.,1,negative
This backpack is sleek. Shipping was fast and packaging was solid.,4,positive
This running shoes is superb. Customer service was vary helpful.,4,positive
Bought this vacuum cleaner a few weeks ago.,5,positive
"Bought this desk lamp a few weeks ago. Stopped working within a week. Also, packaging was fine.",1,negative
Bought this backpack a few weeks ago.,3,neutral
This headphones is standard. It does the job but nothing more. Rating: 3/5.,3,neutral
This coffee maker is overpriced. The material feels cheap. Overall it's not great.,3,negative
This headphones is sturdy. The build quality is great.,3,positive
"This yoga mat is sturdy. My whole family loves it now. On the downside, battery drains way too fast.",4,positive
This desk lamp is top notch. The build quality is great. Overall it's can't complain.,3,positive
This vacuum cleaner is outstanding. Rating: 4/5.,4,positive
Bought this blender a few weeks ago. The instructions were confusing.,1,negative
This coffee maker is fine. Rating: 2/5.,2,neutral
"This phone case is okay. Some features are useful, others aren't. Rating: 3/5.",3,neutral
"This blender is okay. Some features are useful, others aren't.",3,neutral
This phone case is middle of the road. Rating: 4/5.,4,neutral
"This yoga mat is impressive. However, stopped working within a week.",4,positive
This phone case is uncomfortable. The size runs way smaller than expected.,1,negative
This backpack is disappointing. Customer support never responded. Overall it's could be better.,3,negative
This headphones is awful.,2,negative
"This coffee maker is broken. The size runs way smaller than expected. However, works as described, no surprises.",1,negative
This smartwatch is acceptable. It's fine for the price but i wouldn't rave about it.,3,neutral
This backpack is sleek. Works perfectly out of the box.,5,positive
This air fryer is sleek. I would definately buy this again. Rating: 3/5.,3,positive
This yoga mat is awful. I regret this purchase.,2,negative
This coffee maker is average.,2,neutral
This vacuum cleaner is average.,4,neutral
"Bought this vacuum cleaner a few weeks ago. I would definitely buy this again. However, works as described, no surprises. Rating: 4/5.",4,positive
This phone case is impressive. Works perfectly out of the box.,4,positive
This running shoes is overpriced.,3,negative
Bought this desk lamp a few weeks ago. It feels premium for the price.,3,positive
This running shoes is fantastic. It feels premium for the price. Rating: 4/5.,4,positive
This wireless mouse is impressive. It feels premium for teh price. Rating: 3/5.,3,positive
"This office chair is frustrating. The size runs way smaller than expected. On the plus side, battery life is impressive.",2,negative
Bought this backpack a few weeks ago.,5,positive
This air fryer is responsive. The build quality is great.,4,positive
"Bought this air fryer a few weeks ago. The size runs way smaller than expected. That said, some features are useful, others aren't.",1,negative
This smartwatch is impressive.,4,positive
This coffee maker is outstanding.,4,positive
This smartwatch is comfortable. Shipping was fast and packaging was solid.,4,positive
This air fryer is useless.,2,negative
This wireless mouse is fantastic.,3,positive
This office chair is fine.,3,neutral
This laptop is solid. Customer service was very helpful.,5,positive
This desk lamp is clunky. It's louder than advertised. Rating: 3/5.,3,negative
This coffee maker is comfortable. Battery life is impressive.,3,positive
This coffee maker is solid. Works perfectly out of the box. Rating: 4/5.,4,positive
This office chair is overpriced. It's louder than advertised.,1,negative
Bought this headphones a few weeks ago.,2,negative
"This coffee maker is average. Works as described, no surprises.",3,neutral
This running shoes is poor. The instructions were confusing.,2,negative
"This desk lamp is reliable. Shipping was fast and packaging was solid. However, some features are useful, others aren't. Rating: 3/5.",3,positive
This yoga mat is badly made.,3,negative
This vacuum cleaner is useless.,2,negative
Bought this office chair a few weeks ago. The instructions were confusing. Rating: 1/5.,1,negative
This headphones is badly made.,2,negative
This laptop is okay. Packaging was fine. Rating: 3/5.,3,neutral
This smartwatch is slow.,3,negative
This headphones is excelent.,5,positive
This wireless mouse is reliable. Shipping was fast and packaging was solid. Overall it's didn't disappoint.,4,positive
This blender is responsive.,5,positive
Bought this vacuum cleaner a few weeks ago. Shipping was fast and packaging was solid.,5,positive
This office chair is faulty.,1,negative
This blender is fine.,3,neutral
Bought this phone case a few weeks ago. The build quality is great.,5,positive
This air fryer is shoddy. Stopped working within a week. Overall it's not bad. Rating: 2/5.,2,negative
This coffee maker is decent.,2,neutral
This blender is responsive.,3,positive
This running shoes is outstanding.,5,positive
Bought this desk lamp a few weeks ago. Battery life is impressive. Rating: 3/5.,3,positive
Bought this headphones a few weeks ago. Stopped working within a week. Rating: 1/5.,1,negative
This desk lamp is standard.,3,neutral
This headphones is outstanding. Works perfectly out of the box. Rating: 5/5.,5,positive
"This backpack is faulty. That said, works as described, no surprises.",1,negative
This coffee maker is not worth it.,3,negative
This yoga mat is durable. Battery life is impressive. Overall it's didn't disappoint.,5,positive
"This blender is affordable. That said, works as described, no surprises.",5,positive
This backpack is decent. Delivery took about a week.,3,neutral
This wireless mouse is sleek. Shipping was fast and packaging was solid.,4,positive
This running shoes is terrible. It's louder than advertised. Rating: 1/5.,1,negative
This laptop is amazing. My whole family loves it now. Rating: 4/5.,4,positive
This office chair is badly made. Rating: 2/5.,2,positive
"This yoga mat is overpriced. It's louder than advertised. That said, exceeded my expectations. Overall it's not as good as I hoped.",2,negative
"This yoga mat is unreliable. Battery drains way too fast. That said, shipping was fast and packaging was solid.",1,negative
This office chair is poor.,2,negative
This smartwatch is affordable. It feels premium for the price. Rating: 4/5.,4,positive
This desk lamp is sturdy. The build quality is great.,5,positive
Bought this office chair a few weeks ago. It does the job but nothing more.,3,neutral
"This yoga mat is middle of the road. Some features are useful, others aren't. However, works perfectly out of the box. Overall it's wouldn't recommend. Rating: 3/5.",3,neutral
"This headphones is so-so. Works as described, no surprises. Rating: 3/5.",3,neutral
Bought this blender a few weeks ago.,5,positive
This headphones is shoddy. It arrived damaged.,2,negative
This running shoes is worth every penny. Rating: 5/5.,5,positive
This running shoes is acceptable.,3,neutral
This office chair is solid. Setup took less than five minutes. Rating: 5/5.,5,positive
"This running shoes is smooth. The build quality is great. On the downside, stopped working within a week.",5,positive
This air fryer is superb.,4,positive
This office chair is comfortable. It feels premium for the price. Overall it's could be better. Rating: 3/5.,3,positive
This desk lamp is terrible. It's louder than advertised.,2,negative
"This air fryer is badly made. Battery drains way too fast. However, works perfectly out of the box.",1,negative
This yoga mat is overpriced. It arrived damaged. Rating: 3/5.,3,negative
This blender is responsive. The build quality is great.,5,positive
Bought this smartwatch a few weeks ago.,3,neutral
This blender is great. Exceeded my expectations. Rating: 4/5.,4,positive
This headphones is not worth it.,1,negative
"This laptop is wonderful. My whole family loves it now. Also, works as described, no surprises.",3,positive
This vacuum cleaner is impressive. I would definitely buy this again.,5,positive
"This wireless mouse is so-so. It does the job but nothing more. On the plus side, shipping was fast and packaging was solid. Overall it's could be better.",3,neutral
Bought this office chair a few weeks ago. It does the job but nothing more. Overall it's not great.,3,neutral
"This wireless mouse is standard. It does the job but nothing more. On the plus side, the build quality is great.",3,neutral
This smartwatch is acceptable. Rating: 3/5.,3,neutral
This office chair is smooth.,4,positive
This desk lamp is solid. Battery life is impressive. Overall it's didn't disappoint.,5,negative
This smartwatch is middle of the road. Delivery took about a week. Overall it's not as good as I hoped.,3,neutral
This yoga mat is sleek.,5,positive
This coffee maker is overpriced. The material feels cheap. Rating: 2/5.,2,negative
This phone case is poor.,3,negative
"This yoga mat is okay. Some features are useful, others aren't.",3,neutral
Bought this laptop a few weeks ago. Rating: 3/5.,3,negative
"This coffee maker is nothing special. Packaging was fine. On the plus side, my whole family loves it now. Overall it's not as good as I hoped. Rating: 2/5.",2,neutral
This backpack is flimsy.,2,negative
Bought this phone case a few weeks ago. The instructions were confusing.,1,negative
This backpack is acceptable.,3,neutral
This air fryer is comfortable. Battery life is impressive. Overall it's didn't disappoint.,5,positive
Bought this laptop a few weeks ago.,4,positive
"This smartwatch is broken. I had to return it after two days. Also, works as described, no surprises. Overall it's not bad.",2,negative
Bought this coffee maker a few weeks ago. It feels premium for the price.,5,positive
Bought this laptop a few weeks ago. I had to return it after two days.,2,negative
"This coffee maker is fine. It's fine for the price but i wouldn't rave about it. On the plus side, my whole family loves it now.",3,neutral
Bought this backpack a few weeks ago. It does the job but nothing more.,3,neutral
Bought this backpack a few weeks ago.,1,negative
Bought this wireless mouse a few weeks ago.,4,positive
This phone case is decent. Rating: 2/5.,2,neutral
This running shoes is wonderful.,5,positive
This yoga mat is top notch. My whole family loves it now.,5,positive
This office chair is so-so. Packaging was fine.,4,neutral
This yoga mat is fast. The build quality is great.,5,positive
This office chair is uncomfortable.,1,negative
This bluetooth speaker is okay. It does the job but nothing more. Rating: 3/5.,3,neutral
Bought this vacuum cleaner a few weeks ago. Delivery took about a week. Overall it's not bad.,4,neutral
Bought this office chair a few weeks ago. It feels premium for the price. Rating: 4/5.,4,positive
This office chair is comfortable. Exceeded my expectations.,5,positive
"This vacuum cleaner is fine. Works as described, no surprises. That said, the build quality is great.",2,neutral
"This phone case is top notch. Battery life is impressive. On the plus side, packaging was fine. Overall it's could be better.",4,positive
This smartwatch is unreliable. I had to return it after two days.,2,negative
"Bought this headphones a few weeks ago. My whole family loves it now. However, delivery took about a week.",5,positive
This office chair is fantastic. I would definitely buy this again.,4,positive
"This vacuum cleaner is middle of the road. Works as described, no surprises.",3,neutral
This headphones is durable. Setup took less than five minutes. Rating: 5/5.,5,positive
Bought this phone case a few weeks ago.,3,positive
This blender is average.,3,neutral
This headphones is clunky.,2,negative
This desk lamp is not worth it.,3,negative
Bought this headphones a few weeks ago.,3,negative
This coffee maker is superb.,5,positive
This phone case is comfortable. My whole family loves it now.,5,positive
Bought this bluetooth speaker a few weeks ago.,1,negative
Bought this smartwatch a few weeks ago. Battery drains way too fast.,2,negative
This backpack is clunky. I regret this purchase. Rating: 2/5.,2,negative
This wireless mouse is fantastic. Exceeded my expectations.,4,positive
"This bluetooth speaker is uncomfortable. I had to return it after two days. Also, my whole family loves it now. Rating: 2/5.",2,negative
This laptop is comfortable. I would definitely buy this again.,3,positive
"This phone case is average. Packaging was fine. On the plus side, setup took less than five minutes.",3,neutral
This coffee maker is sturdy.,5,positive
"This desk lamp is shoddy. I regret this purchase. Also, it's fine for the price but I wouldn't rave about it. Overall it's didn't disappoint.",1,negative
This phone case is fast.,4,positive
Bought this backpack a few weeks ago. I would definitely buy this again.,5,positive
This desk lamp is durable. Battery life is impressive.,4,positive
"This desk lamp is wonderful. It feels premium for the price. On the plus side, some features are useful, others aren't.",5,positive
This smartwatch is great. Exceeded my expectations.,5,positive
This office chair is nothing special.,2,neutral
This wireless mouse is great. Setup took less than five minutes. Overall it's didn't disappoint.,5,positive
Bought this coffee maker a few weeks ago. My whole family loves it now.,5,positive
This yoga mat is cheap.,2,negative
This desk lamp is frustrating.,2,negative
This backpack is responsive. The build quality is great. Rating: 5/5.,5,positive
This wireless mouse is smooth. My whole family loves it now.,4,positive
This laptop is outstanding. Rating: 5/5.,5,positive
This phone case is well made. It feels premium for the price.,5,positive
This wireless mouse is amazing. Setup took less than five minutes.,5,positive
This blender is worth every penny. Customer service was very helpful. Rating: 5/5.,5,positive
This smartwatch is poor. Customer support never responded.,2,negative
Bought this phone case a few weeks ago. Delivery took about a week.,3,neutral
"This desk lamp is superb. However, it's fine for the price but I wouldn't rave about it. Rating: 4/5.",4,positive
Bought this air fryer a few weeks ago. Exceeded my expectations. Rating: 5/5.,5,positive
This office chair is broken.,3,negative
"This desk lamp is useless. Battery drains way too fast. That said, works perfectly out of the box.",1,negative
Bought this smartwatch a few weeks ago.,3,positive
This office chair is sturdy.,3,positive
This blender is acceptable. Rating: 3/5.,3,neutral
This yoga mat is uncomfortable. I had to return it after two days.,2,negative
This backpack is sleek. Shipping was fast and packaging was solid.,5,positive
This running shoes is standard.,2,negative
"This vacuum cleaner is subpar. Customer support never responded. On the plus side, some features are useful, others aren't.",1,negative
Bought this blender a few weeks ago. Rating: 2/5.,2,negative
"Bought this running shoes a few weeks ago. Exceeded my expectations. That said, the material feels cheap. Rating: 3/5.",3,positive
This phone case is reasonable.,3,neutral
"This laptop is fantastic. Exceeded my expectations. However, packaging was fine. Overall it's can't complain.",4,positive
This smartwatch is great. Setup took less than five minutes.,5,positive
This office chair is well made. Works perfectly out of the box.,5,positive
This laptop is sturdy. Setup took less than five minutes. Overall it's wouldn't reccomend.,4,positive
This office chair is overpriced. I regret this purchase.,2,negative
This running shoes is okay. Delivery took about a week.,4,neutral
Bought this phone case a few weeks ago. Overall it's didn't disappoint.,1,negative
"Bought this laptop a few weeks ago. It arrived damaged. However, packaging was fine. Rating: 2/5.",2,negative
"Bought this running shoes a few weeks ago. That said, delivery took about a week. Rating: 3/5.",3,positive
This blender is subpar. Battery drains way too fast. Overall it's not great. Rating: 3/5.,3,negative
This vacuum cleaner is outstanding. Battery life is impressive. Rating: 3/5.,3,positive
This yoga mat is slow. Rating: 3/5.,3,negative
This office chair is reliable. The build qaulity is great. Overall it's not great.,5,positive
"This coffee maker is reliable. Battery life is impressive. That said, the instructions were confusing. Overall it's can't complain. Rating: 5/5.",5,positive
"Bought this running shoes a few weeks ago. It arrived damaged. That said, delivery took about a week. Rating: 1/5.",1,negative
"This coffee maker is okay. Also, works perfectly out of the box.",3,neutral
"This air fryer is sleek. It feels premium for the price. On the plus side, it's fine for the price but I wouldn't rave about it.",4,positive
"This wireless mouse is excellent. Exceeded my expectations. However, the size runs way smaller than expected. Rating: 3/5.",3,positive
This bluetooth speaker is wonderful.,4,positive
This blender is badly made. Battery drains way too fast.,1,negative
This desk lamp is unreliable.,3,negative
Bought this laptop a few weeks ago.,4,positive
"This yoga mat is amazing. Works perfectly out of the box. On the plus side, some features are useful, others aren't.",5,positive
"This blender is worth every penny. Battery life is impressive. On the plus side, it's fine for the price but I wouldn't rave about it. Overall it's can't complain. Rating: 3/5.",3,positive
This wireless mouse is solid. Exceeded my expectations.,4,positive
This phone case is reliable.,3,positive
This office chair is fine.,2,neutral
"This headphones is average. It's fine for the price but i wouldn't rave about it. However, I had to return it after two days. Overall it's didn't disappoint.",3,neutral
"This bluetooth speaker is fine. Works as described, no surprises.",3,neutral
This wireless mouse is well made. The build quality is great.,3,positive
This air fryer is sturdy.,5,positive
Bought this running shoes a few weeks ago.,4,neutral
"This backpack is wonderful. Customer service was very helpful. On the downside, the size runs way smaller than expected.",3,negative
This vacuum cleaner is responsive.,5,positive
This backpack is uncomfortable.,2,negative
This wireless mouse is useless. I regret this purchase.,1,negative
Bought this wireless mouse a few weeks ago. Delivery took about a week.,2,neutral
"This backpack is middle of the road. Works as described, no surprises. Overall it's can't complain.",3,neutral
"This desk lamp is disappointing. Also, setup took less than five minutes.",3,negative
"Bought this laptop a few weeks ago. The instructions were confusing. On the plus side, it's fine for the price but I wouldn't rave about it.",1,negative
"This blender is uncomfortable. It's louder than advertised. Also, shipping was fast and packaging was solid.",2,negative
This desk lamp is uncomfortable.,3,negative
This coffee maker is decent.,3,neutral
"This desk lamp is uncomfortable. Battery drains way too fast. On the plus side, exceeded my expectations. Rating: 3/5.",3,negative
Bought this wireless mouse a few weeks ago. Overall it's wouldn't recommend.,2,negative
This coffee maker is not worth it. It arrived damaged. Rating: 2/5.,2,negative
Bought this running shoes a few weeks ago. Customer service was very helpful.,5,positive
"This yoga mat is comfortable. However, it does the job but nothing more. Overall it's not bad.",3,positive
This coffee maker is fast. The build quality is great.,5,positive
This smartwatch is fantastic.,4,positive
"This smartwatch is faulty. Stopped working within a week. However, it does the job but nothing more. Rating: 1/5.",1,negative
This blender is comfortable.,5,positive
This bluetooth speaker is fantastic.,5,positive
"This blender is okay. Works as described, no surprises. However, works perfectly out of the box.",4,neutral
This headphones is great. Shipping was fast and packaging was solid.,4,positive
This phone case is badly made. The instructions were confusing.,1,negative
"This wireless mouse is solid. Shipping was fast and packaging was solid. On teh downside, the size runs way smaller than expected. Rating: 5/5.",5,positive
This vacuum cleaner is overpriced.,1,negative
"This office chair is shoddy. That said, I would definately buy this again. Overall it's not bad. Rating: 2/5.",2,negative
This wireless mouse is overpriced.,1,negative
This desk lamp is frustrating. Battery drains way too fast.,2,negative
"Bought this backpack a few weeks ago. It does the job but nothing more. Also, customer support never responded. Rating: 3/5.",3,neutral
This office chair is great.,3,positive
This coffee maker is clunky. The size runs way smaller than expected.,1,neutral
This smartwatch is superb. Works perfectly out of the box.,3,positive
Bought this desk lamp a few weeks ago. It's fine for the price but i wouldn't rave about it.,3,neutral
This air fryer is acceptable.,3,neutral
"Bought this desk lamp a few weeks ago. However, I would definitely buy this again.",2,negative
Bought this laptop a few weeks ago. The instructions were confusing. Rating: 2/5.,2,negative
Bought this running shoes a few weeks ago. I would definitely buy this again. Overall it's not bad.,4,positive
Bought this phone case a few weeks ago. My whole family loves it now.,4,positive
This coffee maker is flimsy. The instructions were confusing. Rating: 1/5.,1,negative
This vacuum cleaner is overpriced.,3,negative
"Bought this backpack a few weeks ago. Stopped working within a week. However, setup took less than five minutes.",3,negative
This phone case is average. It's fine for the price but i wouldn't rave about it. Rating: 2/5.,2,neutral
This vacuum cleaner is slow.,3,negative
"Bought this yoga mat a few weeks ago. Setup took less than five minutes. On the plus side, it's fine for the price but I wouldn't rave about it. Rating: 4/5.",4,positive
Bought this wireless mouse a few weeks ago. My whole family loves it now.,5,positive
"This coffee maker is okay. Works as described, no surprises. Overall it's not bad.",3,neutral
This laptop is outstanding. My whole family loves it now.,3,positive
Bought this vacuum cleaner a few weeks ago.,2,neutral
"This laptop is disappointing. The size runs way smaller than expected. On the plus side, customer service was very helpful. Overall it's can't complain.",2,negative
Bought this wireless mouse a few weeks ago. It does the job but nothing more.,3,neutral
This backpack is clunky. It arrived damaged.,2,negative
This phone case is defective. Stopped working within a week.,1,negative
Bought this phone case a few weeks ago.,4,positive
Bought this desk lamp a few weeks ago. Exceeded my expectations. Overall it's not bad.,4,positive
This vacuum cleaner is amazing. Works perfectly out of the box. Rating: 4/5.,4,positive
This blender is sleek.,5,positive
Bought this desk lamp a few weeks ago. Battery life is impressive.,3,positive
This laptop is impressive. It feels premium for teh price. Overall it's not great.,5,positive
"This desk lamp is smooth. Setup took less than five minutes. However, it's fine for the price but I wouldn't rave about it.",3,positive
"This yoga mat is unreliable. Stopped working within a week. However, some features are useful, others aren't.",2,negative
"This headphones is wonderful. Customer service was very helpful. However, it does the job but nothing more.",4,positive
This coffee maker is clunky. It arrived damaged.,1,negative
"This air fryer is useless. The size runs way smaller than expected. That said, I would definitely buy this again.",3,negative
This desk lamp is not worth it. It's louder than advertised. Overall it's didn't disappoint.,3,negative
This yoga mat is faulty. It's louder than advertised.,2,negative
This running shoes is nothing special. Packaging was fine.,4,neutral
This yoga mat is sturdy. Shipping was fast and packaging was solid.,4,positive
This vacuum cleaner is uncomfortable. I had to return it after two days. Rating: 2/5.,2,positive
Bought this running shoes a few weeks ago. It feels premium for the price. Rating: 5/5.,5,positive
This wireless mouse is responsive. Battery life is impressive. Overall it's not bad.,5,negative
This smartwatch is clunky. I regret this purchase. Overall it's could be better. Rating: 2/5.,2,negative
Bought this office chair a few weeks ago. Battery drains way too fast.,2,negative
This laptop is impressive. Exceeded my expectations. Rating: 3/5.,3,positive
Bought this wireless mouse a few weeks ago.,3,positive
This laptop is sleek.,5,positive
"Bought this air fryer a few weeks ago. Works as described, no surprises. Overall it's not bad.",3,neutral
This laptop is reliable. I would definitely buy this again.,4,positive
Bought this office chair a few weeks ago.,4,positive
This office chair is not worth it. It arrived damaged. Rating: 2/5.,2,neutral
"This yoga mat is reasonable. Some features are useful, others aren't. That said, shipping was fast and packaging was solid. Overall it's not great.",3,neutral
This smartwatch is unreliable. I regret this purchase. Rating: 1/5.,1,negative
This yoga mat is uncomfortable.,2,negative
This vacuum cleaner is durable. I would definately buy this again. Rating: 4/5.,4,positive
"Bought this office chair a few weeks ago. Some features are useful, others aren't.",4,neutral
This headphones is great. I would definitely buy this again. Rating: 4/5.,4,positive
This air fryer is superb. I would definitely buy this again. Rating: 5/5.,5,positive
This bluetooth speaker is reasonable. Packaging was fine. Rating: 3/5.,3,neutral
This coffee maker is poor. Customer support never responded.,2,negative
"This running shoes is poor. The material feels cheap. That said, battery life is impressive.",3,negative
This backpack is sleek. The build quality is great.,4,positive
This yoga mat is overpriced.,1,negative
This vacuum cleaner is cheap. The size runs way smaller than expected.,2,negative
This running shoes is reliable. Shipping was fast and packaging was solid. Rating: 4/5.,4,positive
This desk lamp is not worth it. Stopped working within a week.,2,negative
This backpack is terrible. I had to return it after two days.,2,negative
"This backpack is subpar. Stopped working within a week. Also, works as described, no surprises. Rating: 3/5.",3,negative
"This headphones is fine. Works as described, no surprises. Overall it's not bad.",3,neutral
This desk lamp is solid.,4,positive
This running shoes is terrible.,1,negative
"Bought this air fryer a few weeks ago. Also, works as described, no surprises.",5,positive
"Bought this blender a few weeks ago. It's louder than advertised. However, customer service was very helpful.",2,negative
"Bought this running shoes a few weeks ago. My whole family loves it now. That said, I regret this purchase.",4,positive
This air fryer is well made. Works perfectly out of the box.,5,positive
This running shoes is comfortable. Customer service was very helpful. Overall it's could be better.,3,positive
"This backpack is so-so. Some features are useful, others aren't. However, I would definitely buy this again. Overall it's wouldn't recommend. Rating: 4/5.",4,neutral
This yoga mat is outstanding.,4,positive
This air fryer is durable. I would definitely buy this again.,5,positive
This wireless mouse is acceptable.,2,neutral
Bought this backpack a few weeks ago. Works perfectly out of the box.,4,positive
This backpack is shoddy. The instructions were confusing.,3,negative
This yoga mat is defective.,2,negative
This air fryer is worth every penny. Exceeded my expectations.,4,positive
Bought this bluetooth speaker a few weeks ago.,5,positive
"This office chair is okay. It does the job but nothing more. However, it arrived damaged.",3,neutral
This smartwatch is useless. I regret this purchase. Rating: 3/5.,3,negative
This headphones is durable. Shipping was fast and packaging was solid. Rating: 4/5.,4,positive
This smartwatch is nothing special.,3,neutral
This bluetooth speaker is durable.,5,negative
This bluetooth speaker is outstanding. My whole family loves it now.,3,positive
This air fryer is durable.,4,positive
This yoga mat is sleek. Setup took less than five minutes.,4,positive
This wireless mouse is comfortable.,3,positive
Bought this office chair a few weeks ago.,4,positive
This smartwatch is outstanding. Works perfectly out of the box.,5,positive
This running shoes is reliable.,5,negative
Bought this phone case a few weeks ago.,2,neutral
This air fryer is subpar. The instructions were confusing. Rating: 3/5.,3,negative
This office chair is nothing special.,3,neutral
This air fryer is well made. Exceeded my expectations. Rating: 5/5.,5,positive
This air fryer is excellent. Customer service was very helpful.,4,positive
"This office chair is shoddy. The instructions were confusing. On teh plus side, my whole family loves it now.",3,negative
This coffee maker is badly made. Customer support never responded.,3,negative
Bought this vacuum cleaner a few weeks ago.,5,positive
"This office chair is fast. That said, battery drains way too fast.",4,positive
This desk lamp is poor. Customer support never responded. Rating: 2/5.,2,negative
This running shoes is worth every penny.,3,positive
Bought this office chair a few weeks ago. Overall it's not as good as I hoped.,4,positive
This office chair is uncomfortable. It's louder than advertised. Rating: 3/5.,3,negative
This vacuum cleaner is outstanding. My whole family loves it now.,5,positive
This office chair is flimsy. I had to return it after two days.,1,negative
This running shoes is broken. It arrived damaged.,2,negative
This backpack is durable.,4,positive
"This yoga mat is slow. The material feels cheap. That said, packaging was fine.",2,negative
This running shoes is comfortable.,5,positive
This phone case is durable. Shipping was fast and packaging was solid.,5,positive
Bought this vacuum cleaner a few weeks ago. Rating: 4/5.,4,positive
"This laptop is durable. Works perfectly out of the box. That said, some features are useful, others aren't. Overall it's didn't disappoint. Rating: 4/5.",4,positive
This running shoes is fantastic.,3,positive
"This bluetooth speaker is smooth. My whole family loves it now. That said, delivery took about a week.",5,positive
Bought this vacuum cleaner a few weeks ago. The material feels cheap.,1,negative
This coffee maker is frustrating.,2,negative
Bought this air fryer a few weeks ago.,3,neutral
This vacuum cleaner is responsive. Setup took less than five minutes. Rating: 3/5.,3,positive
This headphones is amazing. I would definately buy this again. Overall it's can't complain.,5,positive
"This yoga mat is average. It's fine for the price but i wouldn't rave about it. However, the build qaulity is great. Rating: 2/5.",2,neutral
"This blender is average. However, battery life is impressive. Rating: 4/5.",4,neutral
This headphones is well made.,4,positive
"Bought this running shoes a few weeks ago. However, the size runs way smaller than expected.",3,neutral
"This air fryer is fine. Delivery took about a week. On the downside, it arrived damaged. Overall it's not great. Rating: 3/5.",3,neutral
This headphones is awful.,2,negative
Bought this yoga mat a few weeks ago.,4,neutral
This backpack is flimsy.,1,negative
"This blender is reliable. Shipping was fast and packaging was solid. However, the size runs way smaller than expected.",4,positive
Bought this desk lamp a few weeks ago. Setup took less than five minutes. Rating: 3/5.,3,positive
This smartwatch is top notch. Shipping was fast and packaging was solid. Rating: 5/5.,5,positive
This office chair is superb. Customer service was very helpful.,5,positive
"This backpack is faulty. The instructions were confusing. On the plus side, setup took less than five minutes. Overall it's not as good as I hoped. Rating: 1/5.",1,negative
Bought this laptop a few weeks ago. Rating: 4/5.,4,positive
This air fryer is clunky. Customer support never responded.,3,negative
This coffee maker is fantastic.,4,positive
"This smartwatch is smooth. Battery life is impressive. Also, works as described, no surprises. Overall it's not great.",5,positive
This smartwatch is comfortable.,4,positive
"This coffee maker is great. Exceeded my expectations. That said, the material feels cheap. Rating: 4/5.",4,positive
"This bluetooth speaker is acceptable. Works as described, no surprises.",2,neutral
"Bought this headphones a few weeks ago. It does the job but nothing more. Also, I had to return it after two days. Rating: 2/5.",2,neutral
This bluetooth speaker is sleek. Exceeded my expectations. Rating: 5/5.,5,positive
Bought this office chair a few weeks ago. It feels premium for the price. Rating: 4/5.,4,positive
Bought this desk lamp a few weeks ago. Rating: 5/5.,5,positive
This vacuum cleaner is smooth.,3,positive
This wireless mouse is comfortable. Setup took less than five minutes.,4,positive
"This smartwatch is fine. Some features are useful, others aren't.",3,neutral
This phone case is broken. It arrived damaged.,2,negative
This coffee maker is outstanding. Shipping was fast and packaging was solid.,5,positive
This smartwatch is awful.,2,negative
This vacuum cleaner is top notch.,3,positive
"This desk lamp is wonderful. I would definitely buy this again. Also, it's louder than advertised.",4,positive
"This vacuum cleaner is flimsy. That said, it's fine for the price but I wouldn't rave about it.",1,negative
This phone case is subpar. Customer support never responded. Overall it's not as good as I hoped.,1,negative
Bought this air fryer a few weeks ago. It does the job but nothing more.,3,neutral
"This laptop is reasonable. However, stopped working within a week.",3,neutral
"This bluetooth speaker is disappointing. Also, it's fine for the price but I wouldn't rave about it.",1,negative
This office chair is nothing special. Packaging was fine.,3,neutral
Bought this air fryer a few weeks ago. I would definitely buy this again.,5,positive
This laptop is fantastic.,5,positive
This headphones is clunky. The size runs way smaller than expected.,1,negative
This coffee maker is outstanding.,3,positive
This vacuum cleaner is solid. I would definitely buy this again. Rating: 3/5.,3,positive
This headphones is fine.,3,neutral
This blender is durable. Battery life is impressive.,5,positive
This yoga mat is flimsy. It's louder than advertised.,1,negative
This blender is broken. I regret this purchase. Overall it's wouldn't recommend. Rating: 3/5.,3,negative
This vacuum cleaner is durable. Battery life is impressive.,5,positive
This wireless mouse is awful.,1,negative
This wireless mouse is impressive. It feels premium for the price.,4,positive
"This bluetooth speaker is poor. That said, it's fine for the price but I wouldn't rave about it. Rating: 1/5.",1,negative
This blender is average.,4,neutral
This headphones is impressive.,3,positive
This smartwatch is outstanding. Shipping was fast and packaging was solid.,4,positive
This coffee maker is smooth. Setup took less than five minutes.,4,positive
Bought this desk lamp a few weeks ago.,3,neutral
This coffee maker is well made. Customer service was vary helpful.,4,positive
This laptop is solid. Setup took less than five minutes. Rating: 5/5.,5,positive
This yoga mat is standard. It's fine for the price but i wouldn't rave about it. Rating: 4/5.,4,neutral
Bought this vacuum cleaner a few weeks ago. Battery drains way too fast. Rating: 2/5.,2,negative
This laptop is acceptable.,3,neutral
Bought this backpack a few weeks ago.,3,neutral
"Bought this bluetooth speaker a few weeks ago. Battery drains way too fast. That said, exceeded my expectations.",2,negative
Bought this vacuum cleaner a few weeks ago.,5,positive
This office chair is affordable. Shipping was fast and packaging was solid.,4,positive
"This blender is great. Battery life is impressive. On the downside, I regret this purchase.",3,positive
This coffee maker is excellent. Exceeded my expectations. Rating: 4/5.,4,positive
"This wireless mouse is impressive. I would definitely buy this again. However, works as described, no surprises.",4,positive
"This running shoes is so-so. Some features are useful, others aren't. Rating: 3/5.",3,neutral
Bought this office chair a few weeks ago. Battery life is impressive.,3,positive
Bought this backpack a few weeks ago.,5,positive
"This bluetooth speaker is nothing special. That said, customer support never responded. Overall it's not great. Rating: 3/5.",3,neutral
This headphones is sleek. Battery life is impressive. Overall it's wouldn't recommend. Rating: 5/5.,5,positive
"Bought this wireless mouse a few weeks ago. Packaging was fine. However, the size runs way smaller than expected.",4,neutral
Bought this smartwatch a few weeks ago. It feels premium for the price.,4,positive
This running shoes is useless. I regret this purchase.,1,negative
This wireless mouse is average. It does the job but nothing more.,3,neutral
Bought this smartwatch a few weeks ago. It's fine for the price but i wouldn't rave about it.,4,neutral
This coffee maker is standard.,2,neutral
"This phone case is broken. Battery drains way too fast. Also, it feels premium for the price.",2,negative
Bought this desk lamp a few weeks ago.,3,positive
This vacuum cleaner is terrible. Battery drains way too fast. Rating: 1/5.,1,negative
This office chair is wonderful. Rating: 4/5.,4,positive
This blender is reliable. Works perfectly out of the box. Rating: 5/5.,5,positive
This blender is excellent.,5,positive
This coffee maker is smooth. Setup took less than five minutes.,3,positive
"This wireless mouse is subpar. That said, the build quality is great. Rating: 2/5.",2,negative
This blender is nothing special. It's fine for the price but i wouldn't rave about it.,3,neutral
This backpack is excellent. The build quality is great. Rating: 3/5.,3,positive
"This bluetooth speaker is standard. Works as described, no surprises.",2,neutral
This desk lamp is worth every penny. My whole family loves it now.,5,positive
This office chair is acceptable. Rating: 2/5.,2,neutral
This wireless mouse is not worth it. Stopped working within a week.,2,negative
Bought this laptop a few weeks ago.,2,negative
"This blender is wonderful. Customer service was very helpful. On the downside, customer support never responded. Overall it's not great.",3,positive
Bought this yoga mat a few weeks ago. Customer support never responded. Overall it's not great. Rating: 1/5.,1,negative
This running shoes is standard.,4,neutral
This wireless mouse is great. Shipping was fast and packaging was solid. Overall it's not as good as I hoped.,5,positive
Bought this headphones a few weeks ago. Exceeded my expectations.,4,positive
This running shoes is standard. It does the job but nothing more. Rating: 4/5.,4,neutral
Bought this smartwatch a few weeks ago. Exceeded my expectations.,4,positive
Bought this blender a few weeks ago. It arrived damaged.,1,negative
"Bought this running shoes a few weeks ago. I had to return it after two days. However, it does the job but nothing more.",1,negative
"This coffee maker is broken. On the plus side, it does teh job but nothing more. Overall it's could be better.",3,negative
"This office chair is shoddy. The instructions were confusing. Also, shipping was fast and packaging was solid. Rating: 3/5.",3,negative
This desk lamp is broken. It's louder than advertised. Rating: 3/5.,3,negative
"This desk lamp is amazing. On the plus side, delivery took about a week.",3,positive
This yoga mat is amazing.,4,positive
"This smartwatch is comfortable. Customer service was vary helpful. Also, the material feels cheap.",5,positive
"This coffee maker is reasonable. However, setup took less than five minutes.",2,neutral
This coffee maker is flimsy. It's louder than advertised. Overall it's wouldn't recommend.,1,negative
Bought this smartwatch a few weeks ago. My whole family loves it now. Rating: 5/5.,5,positive
"This coffee maker is uncomfortable. I regret this purchase. However, shipping was fast and packaging was solid.",1,negative
This wireless mouse is affordable. Battery life is impressive.,4,positive
This laptop is terrible. I regret this purchase. Rating: 1/5.,1,negative
This wireless mouse is sleek. I would definitely buy this again.,4,positive
This laptop is smooth. Customer service was very helpful. Rating: 4/5.,4,positive
This air fryer is poor. Stopped working within a week. Rating: 2/5.,2,negative
This backpack is excellent. Customer service was very helpful. Overall it's can't complain.,4,positive
This wireless mouse is broken. Stopped working within a week.,1,negative
This running shoes is affordable. My whole family loves it now.,4,positive
This laptop is shoddy. The size runs way smaller than expected. Overall it's could be better.,1,negative
"Bought this blender a few weeks ago. That said, packaging was fine.",3,positive
This phone case is awful. I had to return it after two days. Overall it's didn't disappoint. Rating: 1/5.,1,negative
This yoga mat is reliable. Battery life is impressive.,4,neutral
This vacuum cleaner is impressive. It feels premium for the price.,5,positive
This blender is fine.,2,neutral
"Bought this wireless mouse a few weeks ago. My whole family loves it now. Also, it's fine for the price but I wouldn't rave about it.",4,positive
Bought this headphones a few weeks ago.,1,negative
Bought this headphones a few weeks ago. Rating: 1/5.,1,negative
This headphones is fantastic.,4,positive
"This smartwatch is affordable. Exceeded my expectations. That said, it's fine for the price but I wouldn't rave about it. Rating: 5/5.",5,positive
This laptop is subpar.,1,negative
This blender is sturdy.,5,positive
"This backpack is overpriced. It arrived damaged. That said, works as described, no surprises.",3,negative
Bought this phone case a few weeks ago. The instructions were confusing.,1,negative
This yoga mat is badly made. The size runs way smaller than expected.,1,negative
This bluetooth speaker is subpar. I had to return it after two days. Rating: 2/5.,2,negative
This smartwatch is sturdy. My whole family loves it now.,4,positive
"This yoga mat is acceptable. Works as described, no surprises.",3,neutral
This running shoes is subpar.,1,negative
"This running shoes is amazing. On the downside, the size runs way smaller than expected.",4,positive
This coffee maker is cheap.,1,negative
This backpack is shoddy. I had to return it after two days.,2,negative
This office chair is frustrating.,3,negative
This coffee maker is faulty. The size runs way smaller than expected.,2,negative
This backpack is durable. Works perfectly out of the box. Overall it's not as good as I hoped.,5,positive
Bought this office chair a few weeks ago.,4,positive
"This bluetooth speaker is fine. Works as described, no surprises.",3,positive
"This yoga mat is fine. Works as described, no surprises. Rating: 3/5.",3,neutral
This yoga mat is flimsy. It arrived damaged. Overall it's not as good as I hoped.,1,negative
This office chair is sturdy. Works perfectly out of the box. Rating: 4/5.,4,positive
"This vacuum cleaner is uncomfortable. Battery drains way too fast. That said, packaging was fine. Rating: 1/5.",1,negative
Bought this yoga mat a few weeks ago. It does the job but nothing more. Overall it's not as good as I hoped.,3,neutral
This office chair is middle of the road. Packaging was fine. Overall it's didn't disappoint. Rating: 2/5.,2,neutral
"This phone case is middle of the road. However, it arrived damaged.",2,neutral
"This smartwatch is durable. Works perfectly out of the box. Also, some features are useful, others aren't.",5,positive
This laptop is cheap. The instructions were confusing. Rating: 1/5.,1,negative
This vacuum cleaner is great. Customer service was very helpful.,5,positive
"This headphones is reliable. Also, some features are useful, others aren't.",4,positive
This laptop is impressive.,5,positive
"Bought this air fryer a few weeks ago. Works perfectly out of the box. Also, works as described, no surprises. Overall it's could be better.",4,positive
Bought this coffee maker a few weeks ago.,2,negative
This office chair is fantastic.,4,positive
This running shoes is faulty. Customer support never responded.,1,negative
This backpack is slow. The instructions were confusing.,3,negative
This running shoes is not worth it. It's louder than advertised. Overall it's not great.,1,negative
"This desk lamp is defective. I regret this purchase. However, some features are useful, others aren't.",2,negative
This desk lamp is amazing. Works perfectly out of the box.,5,positive
This vacuum cleaner is shoddy.,1,negative
Bought this wireless mouse a few weeks ago. The build quality is great.,4,positive
"This wireless mouse is superb. Setup took less than five minutes. However, I had to return it after two days. Overall it's can't complain.",5,positive
This bluetooth speaker is flimsy. Battery drains way too fast. Rating: 3/5.,3,negative
"Bought this running shoes a few weeks ago. Some features are useful, others aren't.",2,neutral
Bought this yoga mat a few weeks ago. The build quality is great.,4,positive
This vacuum cleaner is worth every penny. I would definitely buy this again.,4,positive
This desk lamp is durable.,3,positive
This coffee maker is durable. It feels premium for the price. Overall it's can't complain.,3,positive
"This backpack is well made. Works perfectly out of the box. On the plus side, delivery took about a week. Rating: 4/5.",4,positive
"Bought this office chair a few weeks ago. Battery life is impressive. Also, the material feels cheap. Rating: 4/5.",4,positive
"This yoga mat is affordable. Works perfectly out of the box. That said, I regret this purchase.",5,positive
This coffee maker is outstanding. Exceeded my expectations.,5,positive
This office chair is amazing. Shipping was fast and packaging was solid.,4,positive
This air fryer is okay. Packaging was fine. Overall it's wouldn't recommend. Rating: 4/5.,4,neutral
This phone case is wonderful.,4,positive
This yoga mat is badly made. Overall it's wouldn't recommend.,1,negative
This smartwatch is badly made.,1,negative
This wireless mouse is average.,3,neutral
This smartwatch is outstanding.,4,positive
"This bluetooth speaker is standard. Some features are useful, others aren't. On the downside, it's louder than advertised.",3,neutral
This bluetooth speaker is smooth.,4,positive
Bought this laptop a few weeks ago.,5,positive
This smartwatch is sleek. Setup took less than five minutes.,3,positive
This blender is okay.,2,neutral
This air fryer is excellent. Exceeded my expectations. Rating: 5/5.,5,positive
This vacuum cleaner is useless.,1,negative
This office chair is responsive.,3,positive
This desk lamp is overpriced. Overall it's not as good as I hoped.,3,negative
This office chair is great.,3,positive
"This blender is fast. Also, stopped working within a week.",4,positive
This bluetooth speaker is terrible. Battery drains way too fast.,3,negative
Bought this coffee maker a few weeks ago. Customer service was vary helpful. Overall it's can't complain.,4,positive
"This coffee maker is excellent. I would definitely buy this again. On the plus side, some features are useful, others aren't. Rating: 4/5.",4,positive
This air fryer is uncomfortable.,2,negative
"Bought this air fryer a few weeks ago. However, the material feels cheap. Rating: 4/5.",4,neutral
This blender is overpriced. It arrived damaged. Overall it's wouldn't recommend. Rating: 2/5.,2,negative
This bluetooth speaker is responsive. Shipping was fast and packaging was solid. Overall it's not great.,3,positive
"This bluetooth speaker is middle of the road. It's fine for the price but i wouldn't rave about it. That said, battery life is impressive. Rating: 3/5.",3,neutral
This yoga mat is sleek.,5,positive
This yoga mat is durable. My whole family loves it now.,4,positive
"Bought this laptop a few weeks ago. It's fine for the price but i wouldn't rave about it. That said, it's louder than advertised.",3,neutral
"This laptop is middle of the road. Also, the material feels cheap. Overall it's not as good as I hoped. Rating: 3/5.",3,neutral
This office chair is so-so. It's fine for the price but i wouldn't rave about it.,4,neutral
"This vacuum cleaner is badly made. The size runs way smaller than expected. However, packaging was fine.",1,negative
Bought this air fryer a few weeks ago. Customer service was very helpful.,4,positive
This running shoes is solid.,5,positive
This laptop is fast. Rating: 3/5.,3,positive
This coffee maker is acceptable. Delivery took about a week. Rating: 4/5.,4,neutral
"This running shoes is okay. Works as described, no surprises. Rating: 2/5.",2,neutral
This desk lamp is overpriced.,2,negative
This yoga mat is not worth it. Customer support never responded.,1,negative
This laptop is worth every penny. My whole family loves it now.,3,positive
"This vacuum cleaner is impressive. Also, it arrived damaged.",5,positive
"Bought this running shoes a few weeks ago. Customer support never responded. Also, works perfectly out of the box. Rating: 3/5.",3,negative
This blender is amazing. It feels premium for the price.,4,positive
This wireless mouse is disappointing. Rating: 2/5.,2,negative
"This coffee maker is durable. Also, delivery took about a week.",5,positive
This coffee maker is acceptable.,3,neutral
This bluetooth speaker is awful.,2,negative
This running shoes is amazing.,3,positive
This smartwatch is decent.,2,neutral
This wireless mouse is great. Works perfectly out of the box.,4,positive
This yoga mat is disappointing.,2,negative
This vacuum cleaner is responsive. Rating: 5/5.,5,positive
This bluetooth speaker is acceptable.,2,neutral
This office chair is comfortable.,5,positive
This air fryer is awful. It's louder than advertised. Overall it's not bad. Rating: 2/5.,2,negative
This desk lamp is smooth. I would definately buy this again.,4,positive
This laptop is responsive. The build quality is great.,5,positive
This backpack is reliable.,4,positive
This blender is middle of the road.,2,neutral
This coffee maker is solid. Works perfectly out of the box.,5,positive
"This air fryer is standard. Packaging was fine. However, it feels premium for the price.",3,neutral
"Bought this bluetooth speaker a few weeks ago. Also, it does the job but nothing more.",5,positive
This vacuum cleaner is reliable. I would definitely buy this again. Overall it's not as good as I hoped.,4,positive
This vacuum cleaner is uncomfortable. Stopped working within a week. Rating: 3/5.,3,negative
This smartwatch is broken. Stopped working within a week.,3,positive
This office chair is middle of the road.,3,neutral
Bought this wireless mouse a few weeks ago.,4,positive
Bought this running shoes a few weeks ago.,5,positive
This headphones is unreliable. It arrived damaged. Rating: 1/5.,1,negative
This air fryer is badly made. I regret this purchase.,2,negative
"This smartwatch is clunky. It's louder than advertised. On the plus side, exceeded my expectations.",1,negative
This wireless mouse is fantastic. My whole family loves it now.,5,positive
This blender is amazing. It feels premium for the price. Rating: 3/5.,3,negative
"This coffee maker is solid. My whole family loves it now. That said, the size runs way smaller than expected.",5,positive
Bought this phone case a few weeks ago.,2,negative
This air fryer is superb. The build quality is great.,5,positive
"Bought this office chair a few weeks ago. Works perfectly out of the box. Also, I had to return it after two days. Overall it's not as good as I hoped.",3,positive
This vacuum cleaner is fantastic. Rating: 4/5.,4,positive
This blender is well made.,5,positive
This backpack is top notch.,5,positive
This smartwatch is sturdy. Shipping was fast and packaging was solid.,4,positive
This air fryer is badly made.,3,negative
This yoga mat is acceptable.,3,neutral
This blender is overpriced. It's louder than advertised.,1,negative
This backpack is top notch. My whole family loves it now.,3,positive
Bought this vacuum cleaner a few weeks ago.,4,positive
"This vacuum cleaner is useless. However, the build quality is great.",1,negative
"This office chair is fantastic. Battery life is impressive. However, I had to return it after two days. Rating: 4/5.",4,positive
This wireless mouse is cheap.,1,negative
This backpack is sleek. Exceeded my expectations.,4,positive
Bought this desk lamp a few weeks ago. Exceeded my expectations. Overall it's not great.,4,positive
This vacuum cleaner is top notch. Works perfectly out of teh box. Overall it's can't complain.,4,positive
Bought this running shoes a few weeks ago. Stopped working within a week.,2,negative
This running shoes is okay.,3,neutral
"Bought this headphones a few weeks ago. It's fine for the price but i wouldn't rave about it. Also, the material feels cheap.",4,neutral
This headphones is uncomfortable.,1,negative
This vacuum cleaner is comfortable. It feels premium for teh price. Rating: 5/5.,5,positive
This yoga mat is worth every penny.,4,positive
This vacuum cleaner is unreliable. Overall it's wouldn't recommend.,2,negative
"This wireless mouse is sleek. Exceeded my expectations. Also, packaging was fine.",4,positive
This air fryer is superb.,5,positive
This backpack is excellent.,4,positive
"This running shoes is unreliable. Customer support never responded. On the plus side, battery life is impressive.",2,negative
This bluetooth speaker is decent. It's fine for the price but i wouldn't rave about it.,3,neutral
Bought this backpack a few weeks ago. The material feels cheap. Overall it's can't complain. Rating: 3/5.,3,negative
This running shoes is shoddy. Overall it's wouldn't recommend. Rating: 2/5.,2,negative
This air fryer is useless.,2,negative
This smartwatch is fast. My whole family loves it now.,4,positive
"This laptop is overpriced. It's louder than advertised. Also, setup took less than five minutes.",1,negative
This backpack is affordable. Works perfectly out of the box.,5,positive
This phone case is unreliable. I regret this purchase. Overall it's not as good as I hoped.,3,negative
"This coffee maker is okay. It's fine for the price but i wouldn't rave about it. However, I had to return it after two days.",3,neutral
This smartwatch is fantastic. My whole family loves it now.,3,positive
This wireless mouse is broken. The material feels cheap. Overall it's not great.,2,negative
This headphones is faulty.,2,negative
Bought this vacuum cleaner a few weeks ago. Customer service was very helpful.,5,positive
Bought this coffee maker a few weeks ago.,3,negative
"Bought this blender a few weeks ago. On the downside, stopped working within a week.",4,positive
This bluetooth speaker is reliable. I would definitely buy this again.,3,negative
This wireless mouse is sleek. My whole family loves it now.,5,positive
This headphones is well made. Setup took less than five minutes. Overall it's can't complain. Rating: 5/5.,5,positive
Bought this bluetooth speaker a few weeks ago.,5,positive
"This wireless mouse is faulty. I regret this purchase. However, my whole family loves it now.",1,negative
"This bluetooth speaker is standard. Works as described, no surprises. On the downside, I regret this purchase.",4,neutral
Bought this phone case a few weeks ago. Stopped working within a week. Overall it's not great.,3,negative
This coffee maker is so-so. It does the job but nothing more.,2,neutral
This wireless mouse is solid.,3,positive
"This wireless mouse is standard. Some features are useful, others aren't. However, battery life is impressive.",4,neutral
This yoga mat is great. I would definitely buy this again. Rating: 3/5.,3,positive
"This bluetooth speaker is okay. It's fine for the price but i wouldn't rave about it. However, teh size runs way smaller than expected.",4,neutral
"This desk lamp is acceptable. Also, it arrived damaged. Rating: 3/5.",3,neutral
"This phone case is reasonable. However, battery life is impressive. Overall it's didn't disappoint. Rating: 3/5.",3,neutral
This coffee maker is well made. It feels premium for teh price. Overall it's not as good as I hoped.,4,positive
This phone case is amazing. Rating: 3/5.,3,positive
This office chair is overpriced.,2,negative
This air fryer is subpar. Rating: 1/5.,1,negative
This phone case is overpriced. Battery drains way too fast. Rating: 3/5.,3,negative
This desk lamp is fantastic.,4,positive
"Bought this air fryer a few weeks ago. Some features are useful, others aren't. However, the instructions were confusing.",3,neutral
This smartwatch is clunky. The material feels cheap.,2,negative
This yoga mat is amazing. It feels premium for the price.,5,positive
"This wireless mouse is wonderful. Works perfectly out of the box. Also, it's fine for the price but I wouldn't rave about it.",4,positive
This vacuum cleaner is useless.,1,negative
"Bought this wireless mouse a few weeks ago. Some features are useful, others aren't.",2,neutral
This smartwatch is durable. It feels premium for the price.,3,positive
"This headphones is slow. Also, it's fine for the price but I wouldn't rave about it.",2,negative
"Bought this smartwatch a few weeks ago. It's fine for the price but i wouldn't rave about it. That said, customer support never responded.",3,neutral
"This backpack is disappointing. However, setup took less than five minutes.",2,negative
"This air fryer is poor. Battery drains way too fast. However, it's fine for the price but I wouldn't rave about it.",2,negative
"Bought this headphones a few weeks ago. It's louder than advertised. However, teh build quality is great. Overall it's wouldn't reccomend.",2,negative
Bought this laptop a few weeks ago.,1,negative
This running shoes is fast. Customer service was vary helpful.,5,positive
"This desk lamp is responsive. It feels premium for teh price. On the downside, the instructions were confusing. Rating: 5/5.",5,positive
Bought this phone case a few weeks ago.,2,negative
This desk lamp is clunky. I regret this purchase.,1,negative
This phone case is durable. I would definitely buy this again.,5,positive
Bought this desk lamp a few weeks ago.,5,positive
This headphones is superb. Battery life is impressive.,4,positive
This smartwatch is okay. Packaging was fine. Overall it's could be better.,3,neutral
This backpack is defective. The material feels cheap.,2,negative
This wireless mouse is unreliable.,3,negative
This desk lamp is reliable. Battery life is impressive.,5,positive
"This bluetooth speaker is flimsy. The material feels cheap. That said, packaging was fine.",1,negative
Bought this running shoes a few weeks ago. Rating: 5/5.,5,positive
This office chair is well made. My whole family loves it now.,4,negative
This bluetooth speaker is sturdy. Battery life is impressive. Rating: 4/5.,4,positive
Bought this running shoes a few weeks ago.,1,negative
Bought this wireless mouse a few weeks ago.,3,negative
This desk lamp is badly made.,1,negative
"This blender is reliable. It feels premium for the price. However, packaging was fine.",5,positive
This yoga mat is decent.,3,neutral
This vacuum cleaner is solid. Battery life is impressive.,5,positive
Bought this headphones a few weeks ago. Shipping was fast and packaging was solid. Rating: 4/5.,4,positive
This air fryer is comfortable. Shipping was fast and packaging was solid.,5,positive
This yoga mat is comfortable. Battery life is impressive.,5,positive
"Bought this air fryer a few weeks ago. Exceeded my expectations. On the downside, the instructions were confusing. Rating: 5/5.",5,positive
This wireless mouse is awful.,1,negative
"Bought this headphones a few weeks ago. Customer service was vary helpful. However, battery drains way too fast.",4,positive
This bluetooth speaker is slow. The material feels cheap.,2,negative
This wireless mouse is durable. Rating: 5/5.,5,positive
Bought this desk lamp a few weeks ago. Battery life is impressive.,4,positive
Bought this backpack a few weeks ago. Rating: 2/5.,2,negative
"This phone case is shoddy. On the plus side, it does the job but nothing more.",2,negative
This blender is worth every penny. Shipping was fast and packaging was solid.,5,positive
This backpack is worth every penny. Setup took less than five minutes.,5,positive
This laptop is sleek. The build quality is great.,5,positive
This bluetooth speaker is durable. Customer service was very helpful. Rating: 3/5.,3,positive
This vacuum cleaner is broken. It's louder than advertised.,1,negative
This bluetooth speaker is defective. I had to return it after two days.,1,negative
This headphones is terrible. Overall it's could be better.,3,negative
This yoga mat is poor. The instructions were confusing.,3,negative
This backpack is unreliable. Battery drains way too fast.,2,negative
"This desk lamp is middle of the road. Some features are useful, others aren't.",3,neutral
"Bought this laptop a few weeks ago. Some features are useful, others aren't.",4,neutral
This backpack is well made. Works perfectly out of the box.,4,positive
Bought this phone case a few weeks ago. Stopped working within a week. Rating: 1/5.,1,negative
"Bought this running shoes a few weeks ago. Shipping was fast and packaging was solid. On the plus side, it's fine for the price but I wouldn't rave about it. Rating: 3/5.",3,positive
"This backpack is disappointing. The material feels cheap. That said, battery life is impressive. Rating: 3/5.",3,negative
This backpack is standard.,2,neutral
This running shoes is fantastic. Shipping was fast and packaging was solid. Rating: 3/5.,3,positive
This wireless mouse is shoddy.,2,negative
Bought this yoga mat a few weeks ago. Rating: 4/5.,4,positive
This vacuum cleaner is comfortable.,4,positive
This air fryer is not worth it. Rating: 2/5.,2,negative
This backpack is fast. My whole family loves it now.,4,positive
This smartwatch is nothing special. Delivery took about a week.,2,neutral
This phone case is okay. Rating: 4/5.,4,neutral
"This phone case is reliable. Battery life is impressive. That said, it's fine for the price but I wouldn't rave about it. Rating: 4/5.",4,positive
This headphones is great. Overall it's didn't disappoint. Rating: 5/5.,5,positive
"This yoga mat is top notch. Customer service was very helpful. Also, some features are useful, others aren't. Rating: 4/5.",4,positive
"This office chair is excelent. The build quality is great. However, it does the job but nothing more. Rating: 5/5.",5,positive
This backpack is disappointing. Stopped working within a week. Rating: 1/5.,1,negative
"This smartwatch is defective. Stopped working within a week. Also, it feels premium for the price. Overall it's not bad. Rating: 1/5.",1,negative
"This desk lamp is useless. That said, I would definitely buy this again.",3,negative
This wireless mouse is subpar. Rating: 2/5.,2,negative
This blender is awful. The size runs way smaller than expected.,1,negative
This coffee maker is defective. The instructions were confusing.,1,negative
"This bluetooth speaker is overpriced. It's louder than advertised. Also, packaging was fine.",2,negative
"Bought this smartwatch a few weeks ago. Setup took less than five minutes. On the plus side, delivery took about a week. Rating: 3/5.",3,positive
"This blender is responsive. Also, packaging was fine. Rating: 3/5.",3,positive
This backpack is responsive. The build quality is great.,5,positive
This smartwatch is shoddy. Customer support never responded.,2,negative
Bought this phone case a few weeks ago. It does the job but nothing more. Overall it's not as good as I hoped. Rating: 2/5.,2,neutral
Bought this bluetooth speaker a few weeks ago. I regret this purchase.,1,negative
This headphones is comfortable. Works perfectly out of the box.,5,positive
This headphones is great.,4,positive
This backpack is superb. The build quality is great.,4,positive
This office chair is unreliable. The size runs way smaller than expected.,1,negative
This bluetooth speaker is shoddy.,3,negative
This office chair is standard.,4,neutral
"This air fryer is impressive. Exceeded my expectations. However, works as described, no surprises. Rating: 5/5.",5,positive
This office chair is middle of the road.,3,neutral
This wireless mouse is uncomfortable. Rating: 1/5.,1,negative
This headphones is affordable. Works perfectly out of teh box. Rating: 3/5.,3,positive
Bought this desk lamp a few weeks ago.,2,negative
Bought this coffee maker a few weeks ago.,5,positive
This vacuum cleaner is amazing. Shipping was fast and packaging was solid.,5,positive
This running shoes is reliable. Works perfectly out of the box.,4,positive
"This blender is well made. It feels premium for the price. On the downside, it arrived damaged. Rating: 4/5.",4,positive
This office chair is decent.,3,neutral
This air fryer is fast. Setup took less than five minutes.,3,positive
This office chair is excellent. My whole family loves it now. Overall it's not as good as I hoped.,4,positive
This headphones is worth every penny.,5,positive
This wireless mouse is middle of the road.,3,neutral
This smartwatch is unreliable. Customer support never responded. Rating: 2/5.,2,negative
This wireless mouse is so-so. It does the job but nothing more.,3,neutral
"This running shoes is nothing special. Some features are useful, others aren't.",3,neutral
Bought this bluetooth speaker a few weeks ago.,2,negative
"This headphones is impressive. Battery life is impressive. On the plus side, packaging was fine.",3,positive
This office chair is slow. It arrived damaged.,2,negative
"This air fryer is okay. Works as described, no surprises.",3,neutral
"This bluetooth speaker is okay. Some features are useful, others aren't. Rating: 4/5.",4,neutral
Bought this running shoes a few weeks ago. Rating: 1/5.,1,negative
Bought this phone case a few weeks ago. I regret this purchase. Rating: 2/5.,2,negative
This yoga mat is decent. It does the job but nothing more. Rating: 4/5.,4,neutral
This blender is cheap. It's louder than advertised.,2,negative
Bought this wireless mouse a few weeks ago.,4,positive
Bought this air fryer a few weeks ago. Customer support never responded.,1,negative
"This blender is uncomfortable. The size runs way smaller than expected. That said, customer service was very helpful.",2,negative
This yoga mat is badly made.,2,negative
This laptop is okay. It does the job but nothing more. Overall it's didn't disappoint. Rating: 2/5.,2,neutral
This desk lamp is comfortable.,3,positive
This desk lamp is acceptable. It does the job but nothing more. Rating: 3/5.,3,neutral
This coffee maker is fast.,3,positive
This office chair is middle of the road. It does the job but nothing more. Rating: 3/5.,3,neutral
This laptop is poor. The material feels cheap.,3,negative
Bought this running shoes a few weeks ago. My whole family loves it now.,3,positive
This desk lamp is affordable. Rating: 4/5.,4,positive
Bought this blender a few weeks ago. My whole family loves it now. Rating: 4/5.,4,positive
"Bought this vacuum cleaner a few weeks ago. Customer support never responded. However, some features are useful, others aren't.",1,negative
This backpack is affordable. Exceeded my expectations.,5,positive
This air fryer is reasonable. Packaging was fine.,4,neutral
This smartwatch is middle of the road.,3,neutral
This bluetooth speaker is cheap.,1,negative
This smartwatch is standard.,3,neutral
Bought this coffee maker a few weeks ago. It's louder than advertised. Rating: 1/5.,1,negative
This backpack is not worth it. Stopped working within a week.,2,negative
"This office chair is reasonable. Some features are useful, others aren't. Also, works perfectly out of the box. Rating: 3/5.",3,neutral
This office chair is excelent.,5,positive
"This coffee maker is acceptable. Works as described, no surprises.",3,neutral
This bluetooth speaker is top notch. Rating: 4/5.,4,positive
"This desk lamp is superb. That said, I had to return it after two days.",5,positive
"This backpack is fine. Works as described, no surprises. That said, it arrived damaged.",4,neutral
Bought this laptop a few weeks ago. It's fine for the price but i wouldn't rave about it.,2,neutral
Bought this vacuum cleaner a few weeks ago. Battery life is impressive.,4,positive
This laptop is durable. Shipping was fast and packaging was solid.,4,positive
This wireless mouse is clunky. I had to return it after two days.,1,negative
"This vacuum cleaner is average. Delivery took about a week. Also, the material feels cheap. Rating: 3/5.",3,neutral
Bought this laptop a few weeks ago.,3,negative
This phone case is middle of the road.,3,neutral
Bought this office chair a few weeks ago. The material feels cheap.,3,negative
"This phone case is standard. Some features are useful, others aren't.",4,neutral
"This office chair is acceptable. Works as described, no surprises.",2,neutral
This blender is top notch. It feels premium for the price. Rating: 4/5.,4,positive
Bought this blender a few weeks ago. Shipping was fast and packaging was solid. Overall it's didn't disappoint.,4,positive
"Bought this wireless mouse a few weeks ago. On the plus side, it's fine for the price but I wouldn't rave about it.",4,positive
"Bought this office chair a few weeks ago. Battery life is impressive. Also, some features are useful, others aren't.",4,positive
This air fryer is average. Packaging was fine.,3,neutral
This wireless mouse is solid. Shipping was fast and packaging was solid.,3,positive
This coffee maker is okay. It does the job but nothing more.,3,neutral
This smartwatch is well made. Works perfectly out of teh box. Overall it's can't complain. Rating: 5/5.,5,positive
This blender is great. Shipping was fast and packaging was solid. Overall it's not bad. Rating: 4/5.,4,positive
This vacuum cleaner is useless. Battery drains way too fast. Overall it's could be better. Rating: 1/5.,1,negative
"This air fryer is shoddy. It's louder than advertised. On the plus side, my whole family loves it now.",2,negative
"This yoga mat is awful. That said, works perfectly out of the box. Overall it's wouldn't recommend.",2,negative
"This vacuum cleaner is slow. Battery drains way too fast. Also, delivery took about a week.",3,negative
This vacuum cleaner is useless.,1,negative
Bought this air fryer a few weeks ago.,3,neutral
This headphones is affordable. Customer service was very helpful. Overall it's can't complain.,5,positive
This bluetooth speaker is okay.,3,neutral
This coffee maker is wonderful.,3,positive
This wireless mouse is durable.,5,negative
Bought this smartwatch a few weeks ago. Works perfectly out of the box.,4,positive
This backpack is useless. Battery drains way too fast.,2,negative
"Bought this headphones a few weeks ago. It feels premium for the price. On the plus side, it's fine for the price but I wouldn't rave about it. Rating: 4/5.",4,positive
This desk lamp is wonderful. The build quality is great.,5,positive
This blender is okay.,3,neutral
"This coffee maker is solid. Setup took less than five minutes. Also, the size runs way smaller than expected.",5,positive
"This phone case is decent. Packaging was fine. Also, the instructions were confusing. Rating: 3/5.",3,neutral
This coffee maker is fine.,3,neutral
"This wireless mouse is durable. Shipping was fast and packaging was solid. However, the instructions were confusing.",4,positive
This vacuum cleaner is excellent. Setup took less than five minutes. Rating: 3/5.,3,positive
"This air fryer is flimsy. Stopped working within a week. Also, exceeded my expectations. Rating: 1/5.",1,negative
This coffee maker is broken. I had to return it after two days.,2,negative
Bought this vacuum cleaner a few weeks ago.,5,positive
This headphones is sturdy.,4,positive
This coffee maker is amazing. Setup took less than five minutes. Overall it's can't complain.,4,positive
"This yoga mat is reliable. That said, battery drains way too fast.",5,positive
This yoga mat is faulty.,2,negative
This desk lamp is clunky. It's louder than advertised. Overall it's not as good as I hoped.,2,negative
This air fryer is affordable. Shipping was fast and packaging was solid.,4,positive
"This headphones is okay. It does the job but nothing more. That said, shipping was fast and packaging was solid. Rating: 3/5.",3,neutral
Bought this headphones a few weeks ago.,4,neutral
This blender is clunky.,1,negative
"Bought this bluetooth speaker a few weeks ago. It arrived damaged. Also, customer service was very helpful.",1,negative
"This laptop is overpriced. Customer support never responded. On teh plus side, shipping was fast and packaging was solid. Overall it's could be better.",1,negative
This smartwatch is shoddy.,3,negative
Bought this vacuum cleaner a few weeks ago.,5,positive
This coffee maker is smooth. Battery life is impressive.,4,positive
"Bought this air fryer a few weeks ago. I would definately buy this again. However, it arrived damaged. Rating: 4/5.",4,positive
This phone case is outstanding.,4,positive
This bluetooth speaker is top notch. Battery life is impressive.,5,positive
This smartwatch is not worth it.,2,negative
"This smartwatch is decent. Some features are useful, others aren't.",3,neutral
"Bought this yoga mat a few weeks ago. It feels premium for the price. However, I regret this purchase.",5,positive
This phone case is middle of the road.,3,neutral
Bought this wireless mouse a few weeks ago.,3,neutral
"This headphones is clunky. On the plus side, works perfectly out of the box. Overall it's not great. Rating: 1/5.",1,negative
"This office chair is middle of the road. Works as described, no surprises. Rating: 3/5.",3,neutral
This air fryer is unreliable. Battery drains way too fast. Rating: 1/5.,1,negative
"This air fryer is excellent. Shipping was fast and packaging was solid. However, some features are useful, others aren't.",5,positive
"This blender is impressive. Battery life is impressive. That said, works as described, no surprises. Overall it's didn't disappoint.",5,positive
This coffee maker is excellent. The build qaulity is great.,4,positive
"This air fryer is uncomfortable. The instructions were confusing. On the plus side, some features are useful, others aren't.",1,negative
"This laptop is fine. It's fine for the price but i wouldn't rave about it. However, the size runs way smaller than expected.",2,neutral
"Bought this bluetooth speaker a few weeks ago. My whole family loves it now. That said, it does teh job but nothing more. Overall it's could be better.",5,positive
This blender is overpriced. Rating: 1/5.,1,negative
"This backpack is okay. Works as described, no surprises. Overall it's wouldn't recommend.",4,neutral
This phone case is uncomfortable. I regret this purchase.,1,neutral
This coffee maker is worth every penny. Customer service was very helpful. Overall it's not as good as I hoped.,4,positive
This backpack is disappointing. The material feels cheap.,2,negative
This phone case is outstanding. Battery life is impressive.,4,positive
"Bought this blender a few weeks ago. Works perfectly out of the box. However, the size runs way smaller than expected.",5,positive
This bluetooth speaker is reasonable. Rating: 2/5.,2,neutral
This yoga mat is worth every penny. It feels premium for the price. Rating: 5/5.,5,positive
"This desk lamp is slow. Also, some features are useful, others aren't.",1,negative
This blender is okay.,3,neutral
"This air fryer is poor. The instructions were confusing. That said, my whole family loves it now. Overall it's not great. Rating: 3/5.",3,negative
Bought this laptop a few weeks ago. I regret this purchase.,1,negative
"Bought this running shoes a few weeks ago. I would definitely buy this again. However, it does the job but nothing more.",4,positive
This coffee maker is not worth it.,1,negative
This smartwatch is well made. The build quality is great.,5,positive
This headphones is reasonable. It's fine for the price but i wouldn't rave about it. Rating: 3/5.,3,neutral
This phone case is so-so. Rating: 3/5.,3,neutral
Bought this laptop a few weeks ago. It feels premium for the price.,5,positive
This smartwatch is disappointing.,2,negative
This wireless mouse is reliable. Works perfectly out of the box. Rating: 5/5.,5,positive
This desk lamp is subpar.,1,negative
"This headphones is unreliable. The material feels cheap. On the plus side, works perfectly out of the box.",3,negative
This blender is clunky. I regret this purchase. Overall it's not as good as I hoped.,3,negative
"This headphones is reliable. Battery life is impressive. On the downside, stopped working within a week. Overall it's not bad.",4,positive
"Bought this laptop a few weeks ago. Delivery took about a week. Also, I would definitely buy this again. Rating: 4/5.",4,neutral
Bought this headphones a few weeks ago. Rating: 2/5.,2,negative
This phone case is defective.,1,negative
This office chair is slow. I regret this purchase. Rating: 2/5.,2,negative
This laptop is excellent.,5,positive
"This yoga mat is badly made. That said, works perfectly out of the box. Rating: 2/5.",2,negative
This backpack is well made.,4,positive
This vacuum cleaner is not worth it. It arrived damaged.,1,negative
This backpack is outstanding. Shipping was fast and packaging was solid. Overall it's can't complain. Rating: 4/5.,4,positive
This yoga mat is middle of the road. It does teh job but nothing more.,3,neutral
This coffee maker is fast. Battery life is impressive. Overall it's not bad. Rating: 4/5.,4,positive
This desk lamp is awful. I had to return it after two days. Overall it's wouldn't recommend.,2,negative
This headphones is nothing special.,2,neutral
This vacuum cleaner is reliable. Setup took less than five minutes. Rating: 3/5.,3,positive
"This vacuum cleaner is defective. The instructions were confusing. Also, setup took less than five minutes. Rating: 1/5.",1,negative
"This yoga mat is cheap. However, some features are useful, others aren't. Overall it's didn't disappoint. Rating: 1/5.",1,negative
This air fryer is sturdy. Battery life is impressive.,5,positive
"This laptop is average. Works as described, no surprises.",3,neutral
Bought this phone case a few weeks ago. Exceeded my expectations. Rating: 4/5.,4,positive
This running shoes is clunky. Battery drains way too fast.,2,negative
This headphones is responsive. Rating: 5/5.,5,positive
"This air fryer is terrible. It's louder than advertised. Also, delivery took about a week. Rating: 3/5.",3,negative
"This yoga mat is decent. Some features are useful, others aren't.",3,neutral
This desk lamp is average.,3,neutral
"This vacuum cleaner is fast. It feels premium for the price. Also, customer support never responded.",5,positive
This laptop is terrible. I regret this purchase. Overall it's can't complain.,3,negative
"Bought this desk lamp a few weeks ago. Some features are useful, others aren't.",3,neutral
This coffee maker is clunky. I regret this purchase.,2,negative
Bought this blender a few weeks ago.,1,negative
This coffee maker is nothing special. Rating: 4/5.,4,neutral
This bluetooth speaker is so-so.,2,neutral
This laptop is badly made. Overall it's not as good as I hoped. Rating: 2/5.,2,negative
This air fryer is fine. Rating: 3/5.,3,neutral
Bought this laptop a few weeks ago. The build quality is great.,3,positive
This phone case is standard.,4,neutral
This bluetooth speaker is durable. My whole family loves it now. Overall it's could be better. Rating: 5/5.,5,positive
"This backpack is reasonable. Delivery took about a week. Also, battery drains way too fast. Rating: 3/5.",3,neutral
"This backpack is awful. It arrived damaged. That said, it's fine for the price but I wouldn't rave about it. Rating: 1/5.",1,positive
This bluetooth speaker is awful.,2,positive
This vacuum cleaner is reliable. The build quality is great.,4,neutral
"Bought this vacuum cleaner a few weeks ago. Battery drains way too fast. Also, it's fine for the price but I wouldn't rave about it. Overall it's can't complain.",2,negative
"This vacuum cleaner is defective. However, I would definitely buy this again.",1,negative
This yoga mat is overpriced. It's louder than advertised.,2,negative
This coffee maker is standard. Rating: 3/5.,3,neutral
This bluetooth speaker is average. Delivery took about a week. Rating: 4/5.,4,neutral
"Bought this desk lamp a few weeks ago. It feels premium for the price. Also, packaging was fine. Rating: 5/5.",5,positive
This desk lamp is so-so. Packaging was fine.,3,neutral
"This blender is defective. I regret this purchase. That said, exceeded my expectations.",1,negative
This office chair is excellent. Customer service was very helpful. Overall it's not great.,4,positive
This laptop is clunky. I had to return it after two days. Rating: 2/5.,2,negative
This headphones is sleek. The build quality is great. Rating: 5/5.,5,positive
"This vacuum cleaner is reliable. Also, the instructions were confusing.",5,positive
This headphones is amazing. Customer service was very helpful.,3,positive
This bluetooth speaker is faulty.,1,negative
This phone case is smooth. Rating: 5/5.,5,positive
This desk lamp is responsive. The build quality is great.,3,positive
Bought this office chair a few weeks ago. I regret this purchase.,3,negative
This desk lamp is poor. The material feels cheap. Rating: 2/5.,2,negative
This coffee maker is not worth it. The instructions were confusing. Rating: 2/5.,2,negative
This desk lamp is so-so.,3,neutral
This office chair is defective. I regret this purchase.,2,negative
This wireless mouse is shoddy. The material feels cheap.,1,negative
"This desk lamp is broken. The instructions were confusing. That said, it feels premium for the price.",1,negative
"This laptop is fine. Packaging was fine. On teh plus side, setup took less than five minutes. Rating: 3/5.",3,neutral
"Bought this laptop a few weeks ago. Works as described, no surprises. Rating: 4/5.",4,neutral
This coffee maker is outstanding. Shipping was fast and packaging was solid.,4,positive
This running shoes is durable. It feels premium for the price.,3,positive
Bought this bluetooth speaker a few weeks ago. Works perfectly out of the box.,4,positive
This running shoes is well made. Rating: 3/5.,3,positive
"This smartwatch is amazing. Works perfectly out of the box. Also, battery drains way too fast.",4,neutral
"This blender is affordable. Shipping was fast and packaging was solid. Also, the size runs way smaller than expected. Rating: 3/5.",3,positive
"Bought this wireless mouse a few weeks ago. It does the job but nothing more. That said, setup took less than five minutes.",2,neutral
"Bought this bluetooth speaker a few weeks ago. I regret this purchase. On the plus side, works perfectly out of the box.",2,negative
"This coffee maker is decent. Delivery took about a week. On the plus side, shipping was fast and packaging was solid.",4,neutral
This desk lamp is terrible. I had to return it after two days.,1,negative
This bluetooth speaker is responsive.,4,positive
"This yoga mat is poor. Customer support never responded. On the plus side, it's fine for the price but I wouldn't rave about it.",2,negative
This smartwatch is solid. Rating: 5/5.,5,positive
"Bought this yoga mat a few weeks ago. Delivery took about a week. Also, stopped working within a week.",3,neutral
This wireless mouse is impressive.,5,positive
"This phone case is solid. On the downside, the material feels cheap. Overall it's can't complain.",4,positive
This air fryer is nothing special.,3,neutral
Bought this bluetooth speaker a few weeks ago.,2,negative
Bought this vacuum cleaner a few weeks ago. Rating: 3/5.,3,positive
This coffee maker is affordable.,4,positive
This yoga mat is fantastic.,4,positive
This blender is fine.,4,negative
This office chair is outstanding.,5,positive
This running shoes is great. Overall it's not as good as I hoped.,4,positive
This blender is sturdy. Setup took less than five minutes. Overall it's not as good as I hoped.,4,positive
This air fryer is durable. Shipping was fast and packaging was solid.,4,positive
Bought this blender a few weeks ago. It's fine for the price but i wouldn't rave about it. Rating: 3/5.,3,neutral
Bought this blender a few weeks ago. The instructions were confusing.,1,negative
Bought this laptop a few weeks ago. Setup took less than five minutes.,3,positive
This office chair is useless. Customer support never responded.,1,negative
This running shoes is broken.,2,negative
This backpack is useless.,1,negative
This smartwatch is sturdy.,4,positive
Bought this running shoes a few weeks ago.,4,neutral
"This blender is wonderful. It feels premium for the price. That said, it does the job but nothing more.",4,positive
This headphones is fantastic. Rating: 4/5.,4,positive
This desk lamp is amazing. Customer service was very helpful.,5,positive
"This bluetooth speaker is sleek. Customer service was vary helpful. However, battery drains way too fast.",5,positive
This blender is middle of the road.,3,neutral
This air fryer is cheap. It arrived damaged.,2,negative
This vacuum cleaner is frustrating. The instructions were confusing.,1,negative
"This air fryer is acceptable. Some features are useful, others aren't. On the plus side, exceeded my expectations.",3,neutral
This vacuum cleaner is so-so.,3,neutral
"Bought this air fryer a few weeks ago. It's louder than advertised. That said, battery life is impressive.",1,negative
This yoga mat is flimsy. Battery drains way too fast.,1,negative
"This headphones is reasonable. Works as described, no surprises.",3,neutral
This yoga mat is decent. It's fine for the price but i wouldn't rave about it. Rating: 3/5.,3,neutral
This blender is acceptable.,3,neutral
This headphones is poor.,1,negative
"This bluetooth speaker is top notch. Customer service was very helpful. However, packaging was fine.",4,positive
This office chair is great.,4,positive
This blender is affordable. It feels premium for the price.,5,positive
Bought this bluetooth speaker a few weeks ago. I would definitely buy this again.,5,positive
This coffee maker is impressive. Customer service was very helpful.,3,positive
"This desk lamp is okay. On the plus side, battery life is impressive.",3,neutral
Bought this laptop a few weeks ago. It does teh job but nothing more.,3,neutral
This backpack is great. Rating: 3/5.,3,positive
This air fryer is comfortable. Customer service was very helpful.,5,positive
This vacuum cleaner is acceptable. It does the job but nothing more.,3,neutral
This backpack is reliable. I would definitely buy this again. Rating: 3/5.,3,positive
This wireless mouse is superb. Works perfectly out of the box. Rating: 4/5.,4,positive
This air fryer is great.,5,positive
This air fryer is nothing special. Packaging was fine.,3,neutral
This running shoes is subpar.,2,negative
This backpack is nothing special. Delivery took about a week.,3,neutral
This running shoes is outstanding. I would definately buy this again.,5,positive
"This wireless mouse is disappointing. It's louder than advertised. On teh plus side, delivery took about a week. Rating: 2/5.",2,negative
"This air fryer is acceptable. Works as described, no surprises. Also, stopped working within a week. Overall it's could be better.",3,neutral
This coffee maker is worth every penny. My whole family loves it now.,4,positive
This vacuum cleaner is great. Battery life is impressive.,4,positive
This bluetooth speaker is middle of the road. Overall it's not as good as I hoped. Rating: 3/5.,3,neutral
"This vacuum cleaner is fine. Delivery took about a week. On the plus side, the build quality is great.",4,neutral
"Bought this backpack a few weeks ago. However, it's louder than advertised.",5,positive
This desk lamp is okay. It does the job but nothing more.,4,neutral
This coffee maker is top notch. The build quality is great. Overall it's didn't disappoint.,5,positive
This headphones is responsive.,3,positive
This coffee maker is comfortable.,5,positive
"This smartwatch is useless. The size runs way smaller than expected. Also, customer service was very helpful.",2,negative
This bluetooth speaker is reliable. Shipping was fast and packaging was solid. Overall it's not as good as I hoped. Rating: 3/5.,3,positive
This vacuum cleaner is sleek. Works perfectly out of the box.,4,positive
This blender is sturdy.,4,positive
This desk lamp is overpriced. It's louder than advertised. Rating: 3/5.,3,negative
Bought this laptop a few weeks ago.,4,positive
This phone case is clunky. I regret this purchase. Overall it's could be better.,3,negative
This headphones is fast. Shipping was fast and packaging was solid.,5,positive
This wireless mouse is sturdy. Works perfectly out of the box. Overall it's not great.,5,positive
"This bluetooth speaker is broken. I regret this purchase. On the plus side, it does the job but nothing more. Overall it's can't complain.",3,negative
This yoga mat is top notch.,5,positive
Bought this smartwatch a few weeks ago. Exceeded my expectations. Rating: 4/5.,4,positive
This blender is faulty. I had to return it after two days. Rating: 1/5.,1,negative
This backpack is solid. Exceeded my expectations.,5,positive
This air fryer is durable. I would definitely buy this again.,4,positive
Bought this phone case a few weeks ago. It's fine for the price but i wouldn't rave about it.,3,neutral
This blender is comfortable.,4,positive
This bluetooth speaker is worth every penny. I would definitely buy this again.,3,positive
This blender is smooth. Shipping was fast and packaging was solid.,4,positive
Bought this blender a few weeks ago. Works perfectly out of the box. Rating: 4/5.,4,positive
This bluetooth speaker is excellent.,4,positive
This air fryer is disappointing.,3,negative
This laptop is durable.,4,positive
Bought this running shoes a few weeks ago. Delivery took about a week. Overall it's not as good as I hoped. Rating: 2/5.,2,neutral
This headphones is okay.,3,neutral
This headphones is middle of the road. It's fine for the price but i wouldn't rave about it.,4,neutral
This wireless mouse is badly made. The size runs way smaller than expected.,1,negative
"This office chair is poor. Stopped working within a week. Also, packaging was fine.",2,negative
This coffee maker is not worth it. I regret this purchase.,1,negative
Bought this running shoes a few weeks ago. Setup took less than five minutes. Overall it's wouldn't recommend. Rating: 3/5.,3,positive
"This office chair is great. Works perfectly out of the box. On the downside, the instructions were confusing.",5,positive
"This vacuum cleaner is solid. Shipping was fast and packaging was solid. However, packaging was fine.",4,positive
"This desk lamp is okay. Works as described, no surprises.",3,neutral
Bought this laptop a few weeks ago.,5,positive
Bought this air fryer a few weeks ago. Customer support never responded.,1,negative
This yoga mat is clunky. Battery drains way too fast.,1,negative
This office chair is impressive. Setup took less than five minutes.,5,positive
This bluetooth speaker is impressive. Shipping was fast and packaging was solid. Rating: 4/5.,4,positive
Bought this backpack a few weeks ago. My whole family loves it now. Rating: 3/5.,3,positive
This yoga mat is wonderful. The build quality is great.,4,positive
This vacuum cleaner is terrible.,1,positive
"This blender is fast. That said, works as described, no surprises. Rating: 5/5.",5,positive
This headphones is unreliable. Battery drains way too fast.,3,negative
"This backpack is amazing. It feels premium for the price. Also, it does the job but nothing more. Overall it's not bad.",4,negative
Bought this bluetooth speaker a few weeks ago. Battery drains way too fast. Overall it's wouldn't recommend.,2,negative
"This phone case is not worth it. Stopped working within a week. On the plus side, the build qaulity is great.",2,negative
This office chair is badly made. Customer support never responded. Overall it's could be better.,1,negative
This laptop is frustrating.,1,negative
This laptop is smooth. Battery life is impressive.,4,positive
This blender is so-so. Rating: 3/5.,3,neutral
This blender is nothing special.,3,neutral
This vacuum cleaner is uncomfortable.,3,negative
This coffee maker is frustrating. Overall it's didn't disappoint.,2,negative
"This headphones is average. Works as described, no surprises. Also, exceeded my expectations.",2,neutral
"This office chair is nothing special. Delivery took about a week. However, I would definately buy this again. Overall it's not bad. Rating: 3/5.",3,neutral
"This wireless mouse is durable. Also, packaging was fine.",4,positive
Bought this desk lamp a few weeks ago. The instructions were confusing. Rating: 1/5.,1,negative
This smartwatch is uncomfortable. The size runs way smaller than expected. Rating: 1/5.,1,negative
"This air fryer is excelent. Battery life is impressive. On teh plus side, it does the job but nothing more.",4,positive
This running shoes is frustrating. I regret this purchase.,3,negative
Bought this yoga mat a few weeks ago. My whole family loves it now. Rating: 5/5.,5,positive
This laptop is awful. It arrived damaged.,1,negative
"This blender is subpar. That said, teh build quality is great.",3,negative
This air fryer is defective. The material feels cheap.,1,negative
Bought this air fryer a few weeks ago. The size runs way smaller than expected.,1,negative
"This yoga mat is poor. I had to return it after two days. Also, setup took less than five minutes.",2,negative
This smartwatch is cheap.,2,negative
This bluetooth speaker is sturdy. Shipping was fast and packaging was solid.,4,positive
Bought this wireless mouse a few weeks ago. Battery life is impressive. Rating: 4/5.,4,positive
Bought this yoga mat a few weeks ago.,3,negative
"This phone case is fantastic. Battery life is impressive. Also, it arrived damaged. Overall it's didn't disappoint. Rating: 4/5.",4,positive
This desk lamp is not worth it. I had to return it after two days.,1,negative
Bought this vacuum cleaner a few weeks ago. My whole family loves it now.,4,positive
This running shoes is slow.,2,negative
"This desk lamp is impressive. My whole family loves it now. However, I had to return it after two days.",4,positive
This wireless mouse is amazing. Overall it's not as good as I hoped.,5,positive
This air fryer is fast. Customer service was very helpful. Overall it's can't complain.,5,positive
This wireless mouse is average.,4,neutral
Bought this desk lamp a few weeks ago. The build quality is great.,4,positive
"This bluetooth speaker is useless. Battery drains way too fast. On the plus side, some features are useful, others aren't.",2,negative
Bought this coffee maker a few weeks ago. Rating: 4/5.,4,positive
This desk lamp is broken.,1,negative
This bluetooth speaker is great. It feels premium for teh price. Overall it's wouldn't recommend.,3,positive
Bought this vacuum cleaner a few weeks ago. The size runs way smaller than expected.,1,negative
"This coffee maker is frustrating. I regret this purchase. However, my whole family loves it now. Overall it's can't complain.",2,negative
This headphones is worth every penny.,5,positive
This laptop is slow.,1,negative
Bought this yoga mat a few weeks ago. The size runs way smaller than expected. Rating: 1/5.,1,negative
This coffee maker is worth every penny. Customer service was very helpful. Rating: 5/5.,5,positive
This vacuum cleaner is awful. It's louder than advertised.,1,negative
This phone case is terrible. I had to return it after two days.,2,negative
This wireless mouse is flimsy. Battery drains way too fast.,3,negative
"This phone case is sturdy. Works perfectly out of the box. However, delivery took about a week.",3,positive
"This smartwatch is acceptable. It does the job but nothing more. However, it arrived damaged. Overall it's not great.",2,neutral
This laptop is overpriced. Battery drains way too fast. Overall it's can't complain.,1,negative
This smartwatch is outstanding. It feels premium for the price.,4,positive
"This laptop is superb. I would definitely buy this again. Also, I regret this purchase.",3,positive
This bluetooth speaker is excellent. Exceeded my expectations.,5,positive
"This air fryer is defective. I regret this purchase. On the plus side, battery life is impressive. Rating: 2/5.",2,negative
This laptop is standard. It does the job but nothing more.,4,neutral
This air fryer is reasonable. It's fine for teh price but i wouldn't rave about it. Rating: 3/5.,3,neutral
This yoga mat is uncomfortable.,2,negative
"This smartwatch is acceptable. Some features are useful, others aren't. Overall it's wouldn't recommend. Rating: 3/5.",3,neutral
This blender is excelent.,5,positive
"This headphones is unreliable. I regret this purchase. However, customer service was very helpful.",1,negative
This backpack is top notch.,4,positive
This wireless mouse is wonderful. It feels premium for the price. Rating: 4/5.,4,positive
Bought this bluetooth speaker a few weeks ago.,3,neutral
This headphones is outstanding.,4,positive
Bought this running shoes a few weeks ago. Customer service was very helpful. Rating: 5/5.,5,positive
Bought this laptop a few weeks ago.,3,negative
This smartwatch is fantastic. Battery life is impressive.,4,positive
"This running shoes is not worth it. The instructions were confusing. Also, packaging was fine.",1,negative
This yoga mat is average.,2,neutral
This phone case is terrible.,1,negative
This laptop is top notch. Works perfectly out of the box.,5,positive
"This phone case is superb. That said, I regret this purchase.",4,positive
Bought this headphones a few weeks ago.,2,neutral
This backpack is outstanding.,4,positive
Bought this bluetooth speaker a few weeks ago.,3,negative
This desk lamp is terrible.,1,negative
This bluetooth speaker is overpriced. The size runs way smaller than expected.,2,negative
This wireless mouse is badly made. I had to return it after two days.,2,negative
"Bought this headphones a few weeks ago. Also, delivery took about a week.",5,positive
"This vacuum cleaner is top notch. Shipping was fast and packaging was solid. However, delivery took about a week. Overall it's not bad. Rating: 4/5.",4,positive
This smartwatch is impressive.,5,positive
This bluetooth speaker is wonderful.,4,positive
"This yoga mat is average. Some features are useful, others aren't. Also, it's louder than advertised. Rating: 3/5.",3,neutral
This yoga mat is broken. It's louder than advertised.,2,negative
This bluetooth speaker is broken. Overall it's not great. Rating: 3/5.,3,negative
"This wireless mouse is smooth. Shipping was fast and packaging was solid. Also, it's fine for the price but I wouldn't rave about it.",4,positive
This desk lamp is wonderful.,5,positive
This yoga mat is okay. Delivery took about a week.,3,neutral
This headphones is outstanding. Battery life is impressive.,3,positive
This office chair is top notch. Exceeded my expectations.,5,positive
This smartwatch is smooth.,3,positive
This smartwatch is impressive.,4,positive
This desk lamp is terrible. The instructions were confusing. Rating: 1/5.,1,negative
This phone case is not worth it. It arrived damaged. Overall it's could be better.,1,neutral
This laptop is excellent.,5,positive
This running shoes is so-so. Rating: 3/5.,3,neutral
"Bought this smartwatch a few weeks ago. It's louder than advertised. On the plus side, customer service was very helpful.",2,negative
This wireless mouse is amazing. Shipping was fast and packaging was solid.,4,positive
This coffee maker is solid.,5,positive
This blender is so-so. It does the job but nothing more. Overall it's could be better.,3,neutral
This backpack is great. Overall it's wouldn't recommend.,4,positive
This headphones is fast.,4,positive
This desk lamp is poor. Battery drains way too fast.,3,negative
This smartwatch is badly made.,3,negative
This vacuum cleaner is so-so. Delivery took about a week. Rating: 2/5.,2,neutral
"This vacuum cleaner is outstanding. Customer service was very helpful. Also, some features are useful, others aren't.",4,positive
This desk lamp is fantastic. The build quality is great.,4,positive
This air fryer is slow. It arrived damaged. Overall it's didn't disappoint.,2,negative
This bluetooth speaker is not worth it.,3,negative
This running shoes is subpar. Stopped working within a week. Rating: 2/5.,2,negative
"This yoga mat is fine. Delivery took about a week. On the plus side, works perfectly out of the box.",4,neutral
This coffee maker is frustrating. Battery drains way too fast.,2,negative
"This smartwatch is top notch. I would definately buy this again. However, packaging was fine.",3,positive
Bought this yoga mat a few weeks ago. Customer service was very helpful. Rating: 4/5.,4,positive
"Bought this office chair a few weeks ago. Battery life is impressive. That said, battery drains way too fast.",4,positive
This yoga mat is outstanding. Exceeded my expectations.,5,positive
This phone case is useless. Overall it's wouldn't recommend.,3,negative
This coffee maker is poor.,1,negative
This bluetooth speaker is amazing. Battery life is impressive. Overall it's can't complain.,5,neutral
This blender is terrible.,1,negative
"This headphones is fantastic. Shipping was fast and packaging was solid. On the downside, it's louder than advertised.",3,positive
This desk lamp is middle of the road. Packaging was fine. Rating: 3/5.,3,neutral
Bought this wireless mouse a few weeks ago. Battery drains way too fast. Rating: 1/5.,1,negative
This coffee maker is affordable.,4,positive
This phone case is outstanding. Shipping was fast and packaging was solid.,4,positive
Bought this headphones a few weeks ago.,3,positive
This wireless mouse is excellent.,4,positive
"Bought this yoga mat a few weeks ago. Some features are useful, others aren't.",3,neutral
"This air fryer is sleek. Shipping was fast and packaging was solid. That said, works as described, no surprises.",4,positive
This bluetooth speaker is defective. Battery drains way too fast. Rating: 1/5.,1,negative
"This office chair is standard. Some features are useful, others aren't. Rating: 3/5.",3,neutral
This running shoes is worth every penny. My whole family loves it now.,3,positive
Bought this laptop a few weeks ago. The material feels cheap. Rating: 2/5.,2,negative
This coffee maker is top notch. Customer service was very helpful.,4,positive
This air fryer is reliable.,4,positive
"This desk lamp is so-so. On the downside, the material feels cheap. Rating: 3/5.",3,neutral
"This air fryer is shoddy. However, delivery took about a week.",2,negative
This desk lamp is affordable.,4,positive
This air fryer is sturdy. Shipping was fast and packaging was solid.,5,positive
"Bought this backpack a few weeks ago. Works perfectly out of the box. That said, it does teh job but nothing more.",5,positive
This laptop is frustrating. I regret this purchase. Rating: 1/5.,1,negative
This yoga mat is standard. Delivery took about a week.,2,neutral
This backpack is outstanding. Rating: 4/5.,4,positive
Bought this bluetooth speaker a few weeks ago. I had to return it after two days. Overall it's could be better. Rating: 1/5.,1,negative
This phone case is acceptable.,2,neutral
"Bought this blender a few weeks ago. I would definitely buy this again. That said, it's fine for the price but I wouldn't rave about it.",3,neutral
"This yoga mat is badly made. The size runs way smaller than expected. Also, setup took less than five minutes. Overall it's wouldn't recommend.",3,negative
"This office chair is faulty. Stopped working within a week. On the plus side, setup took less than five minutes. Rating: 1/5.",1,negative
This air fryer is acceptable. It's fine for the price but i wouldn't rave about it. Overall it's wouldn't recommend.,4,neutral
Bought this blender a few weeks ago.,3,neutral
This yoga mat is flimsy. It's louder than advertised.,3,negative
"This coffee maker is disappointing. Customer support never responded. However, packaging was fine. Overall it's not bad.",2,negative
Bought this phone case a few weeks ago.,4,positive
This running shoes is fine. It's fine for teh price but i wouldn't rave about it.,3,neutral
This blender is worth every penny. Rating: 5/5.,5,positive
"This running shoes is standard. Some features are useful, others aren't. Rating: 3/5.",3,neutral
Bought this phone case a few weeks ago.,4,positive
This running shoes is impressive. The build qaulity is great.,4,positive
This vacuum cleaner is subpar. It arrived damaged.,2,negative
Bought this backpack a few weeks ago.,2,negative
Bought this smartwatch a few weeks ago.,5,positive
This air fryer is okay. Packaging was fine.,3,neutral
"This desk lamp is outstanding. That said, it arrived damaged.",4,positive
This phone case is flimsy. The instructions were confusing. Overall it's not great. Rating: 2/5.,2,negative
This office chair is average. Rating: 2/5.,2,neutral
This coffee maker is smooth.,3,positive
Bought this yoga mat a few weeks ago. I would definitely buy this again.,4,positive
This bluetooth speaker is sleek. Battery life is impressive.,3,positive
This phone case is uncomfortable. It's louder than advertised.,2,negative
This vacuum cleaner is not worth it. It's louder than advertised. Rating: 1/5.,1,negative
"This wireless mouse is wonderful. Also, it does the job but nothing more.",4,positive
This office chair is defective.,3,negative
This air fryer is fine.,3,neutral
Bought this vacuum cleaner a few weeks ago. It's louder than advertised.,3,negative
This phone case is durable. Battery life is impressive.,4,neutral
Bought this headphones a few weeks ago. Customer support never responded.,1,negative
This wireless mouse is reliable.,4,positive
This blender is sturdy.,4,positive
This blender is awful.,3,negative
This laptop is sturdy.,4,positive
Bought this laptop a few weeks ago. Battery drains way too fast. Rating: 1/5.,1,negative
Bought this blender a few weeks ago. The build quality is great.,4,positive
This phone case is great. Shipping was fast and packaging was solid.,3,positive
This phone case is affordable.,4,positive
Bought this vacuum cleaner a few weeks ago.,3,neutral
"This phone case is smooth. My whole family loves it now. On the plus side, works as described, no surprises.",3,positive
"This bluetooth speaker is cheap. Stopped working within a week. That said, it feels premium for the price.",1,negative
This office chair is broken.,3,negative
"This coffee maker is acceptable. Packaging was fine. Also, battery life is impressive.",3,neutral
"This phone case is standard. On the plus side, battery life is impressive. Overall it's wouldn't recommend. Rating: 3/5.",3,neutral
Bought this wireless mouse a few weeks ago. It arrived damaged. Overall it's wouldn't recommend.,2,negative
This desk lamp is defective. Stopped working within a week.,1,negative
Bought this phone case a few weeks ago.,4,neutral
"This wireless mouse is durable. It feels premium for the price. Also, some features are useful, others aren't. Rating: 3/5.",3,positive
This wireless mouse is reasonable.,3,neutral
This phone case is average. It does the job but nothing more.,4,neutral
This wireless mouse is worth every penny.,4,positive
"This desk lamp is well made. That said, it's fine for the price but I wouldn't rave about it.",4,positive
"Bought this phone case a few weeks ago. On the plus side, packaging was fine.",1,negative
"Bought this headphones a few weeks ago. The size runs way smaller than expected. That said, it does the job but nothing more.",2,negative
"This air fryer is not worth it. On the plus side, some features are useful, others aren't. Rating: 1/5.",1,negative
Bought this yoga mat a few weeks ago. Shipping was fast and packaging was solid. Rating: 5/5.,5,positive
"This desk lamp is fine. That said, my whole family loves it now. Overall it's wouldn't recommend.",3,neutral
This air fryer is flimsy. The instructions were confusing. Rating: 2/5.,2,negative
Bought this desk lamp a few weeks ago. I regret this purchase.,1,negative
This laptop is unreliable.,2,negative
This yoga mat is cheap.,2,negative
"This bluetooth speaker is fine. Works as described, no surprises.",4,neutral
This laptop is badly made. Stopped working within a week.,1,negative
This vacuum cleaner is durable.,3,positive
Bought this backpack a few weeks ago. It's fine for the price but i wouldn't rave about it.,2,neutral
"This yoga mat is sturdy. I would definitely buy this again. That said, the material feels cheap.",3,positive
This backpack is acceptable.,3,neutral
Bought this running shoes a few weeks ago. Works perfectly out of the box. Rating: 4/5.,4,positive
This laptop is outstanding. Exceeded my expectations.,3,positive
"This desk lamp is standard. Works as described, no surprises. Overall it's not as good as I hoped. Rating: 3/5.",3,neutral
This smartwatch is top notch.,5,positive
This headphones is comfortable. It feels premium for the price. Rating: 3/5.,3,positive
This coffee maker is smooth. Shipping was fast and packaging was solid.,5,positive
This yoga mat is excellent. Shipping was fast and packaging was solid. Overall it's could be better.,5,positive
This vacuum cleaner is subpar. Rating: 1/5.,1,negative
This laptop is badly made. I had to return it after two days.,3,negative
This backpack is responsive. Works perfectly out of the box.,4,positive
This phone case is awful. It's louder than advertised. Overall it's can't complain.,1,negative
This yoga mat is awful. Overall it's not as good as I hoped.,2,negative
This bluetooth speaker is affordable. Rating: 3/5.,3,positive
This blender is amazing.,5,positive
Bought this blender a few weeks ago.,5,positive
"This running shoes is decent. Works as described, no surprises.",3,neutral
This office chair is affordable.,4,positive
This running shoes is comfortable. It feels premium for the price.,4,positive
"This laptop is clunky. Also, it does the job but nothing more.",3,negative
This laptop is frustrating. The material feels cheap.,1,negative
"This wireless mouse is faulty. Stopped working within a week. That said, works perfectly out of teh box.",2,negative
Bought this backpack a few weeks ago.,3,positive
This coffee maker is well made. My whole family loves it now.,5,positive
"This running shoes is fine. Works as described, no surprises.",3,neutral
"Bought this running shoes a few weeks ago. The size runs way smaller than expected. That said, some features are useful, others aren't.",2,negative
This yoga mat is outstanding. Shipping was fast and packaging was solid.,4,positive
This coffee maker is wonderful. Battery life is impressive.,5,positive
This desk lamp is useless. I had to return it after two days. Rating: 1/5.,1,negative
"Bought this air fryer a few weeks ago. Customer service was very helpful. That said, I regret this purchase.",4,positive
This yoga mat is excellent. Shipping was fast and packaging was solid.,3,positive
This coffee maker is standard.,4,neutral
This bluetooth speaker is excellent.,3,negative
This office chair is disappointing. Stopped working within a week. Rating: 2/5.,2,negative
This bluetooth speaker is comfortable. Overall it's didn't disappoint.,5,positive
Bought this vacuum cleaner a few weeks ago.,3,negative
This headphones is frustrating. Battery drains way too fast.,2,negative
This smartwatch is responsive. Battery life is impressive.,4,positive
This bluetooth speaker is terrible. The size runs way smaller than expected.,2,negative
This phone case is badly made. Rating: 2/5.,2,negative
Bought this blender a few weeks ago. Stopped working within a week. Overall it's not great.,2,negative
Bought this yoga mat a few weeks ago. Setup took less than five minutes. Rating: 4/5.,4,positive
This desk lamp is terrible. It's louder than advertised.,2,negative
This smartwatch is faulty.,3,negative
This office chair is broken. Battery drains way too fast. Overall it's not great. Rating: 1/5.,1,negative
This headphones is badly made.,1,negative
This headphones is fine. It's fine for teh price but i wouldn't rave about it. Rating: 3/5.,3,neutral
This desk lamp is durable. Shipping was fast and packaging was solid.,4,positive
This laptop is badly made. Rating: 2/5.,2,negative
This coffee maker is affordable. Customer service was very helpful.,4,positive
Bought this running shoes a few weeks ago. The material feels cheap. Rating: 2/5.,2,negative
This laptop is average. It's fine for the price but i wouldn't rave about it. Rating: 3/5.,3,negative
This office chair is impressive. It feels premium for the price. Overall it's not as good as I hoped.,3,positive
This laptop is affordable.,4,positive
Bought this vacuum cleaner a few weeks ago. Customer support never responded.,1,negative
"This desk lamp is shoddy. It's louder than advertised. That said, it does the job but nothing more.",3,negative
"Bought this smartwatch a few weeks ago. Some features are useful, others aren't.",3,neutral
This office chair is middle of the road. It's fine for the price but i wouldn't rave about it.,3,neutral
This blender is uncomfortable.,3,negative
This wireless mouse is uncomfortable. The size runs way smaller than expected.,2,negative
"This coffee maker is overpriced. However, setup took less than five minutes. Overall it's not bad. Rating: 1/5.",1,neutral
This yoga mat is sleek.,3,positive
Bought this bluetooth speaker a few weeks ago. It feels premium for the price.,4,negative
"This headphones is cheap. Battery drains way too fast. Also, battery life is impressive.",2,negative
This running shoes is average. Packaging was fine.,3,negative
Bought this office chair a few weeks ago. Works perfectly out of the box.,3,positive
"This vacuum cleaner is reliable. I would definitely buy this again. That said, delivery took about a week.",5,positive
Bought this phone case a few weeks ago.,4,neutral
"This headphones is terrible. Battery drains way too fast. Also, shipping was fast and packaging was solid.",1,negative
This desk lamp is slow. I had to return it after two days.,1,negative
This backpack is solid. Works perfectly out of the box. Rating: 4/5.,4,positive
"This headphones is great. Exceeded my expectations. Also, it does the job but nothing more.",3,positive
This office chair is amazing.,5,positive
This coffee maker is defective. It's louder than advertised.,1,negative
This smartwatch is overpriced.,1,negative
This headphones is worth every penny. Overall it's not bad.,4,positive
"This phone case is fine. That said, it's louder than advertised.",4,neutral
This phone case is nothing special. Overall it's can't complain.,3,negative
This smartwatch is broken. Overall it's could be better.,2,positive
This headphones is not worth it. Customer support never responded.,1,negative
"This phone case is middle of the road. Works as described, no surprises.",3,neutral
This coffee maker is not worth it. I regret this purchase.,3,negative
This vacuum cleaner is fast.,5,positive
This coffee maker is durable. It feels premium for teh price.,3,positive
Bought this vacuum cleaner a few weeks ago. My whole family loves it now. Overall it's not as good as I hoped.,5,positive
Bought this backpack a few weeks ago. Packaging was fine.,3,neutral
Bought this wireless mouse a few weeks ago.,5,positive
This headphones is nothing special. Overall it's not great. Rating: 3/5.,3,neutral
"This wireless mouse is awful. Battery drains way too fast. Also, delivery took about a week.",1,negative
This phone case is clunky. I regret this purchase.,1,negative
This smartwatch is top notch. It feels premium for the price. Overall it's not great. Rating: 4/5.,4,positive
This laptop is defective.,3,negative
This backpack is fantastic.,4,positive
This wireless mouse is fast. Works perfectly out of the box.,4,positive
This office chair is reliable.,4,positive
This running shoes is worth every penny. Rating: 5/5.,5,positive
This backpack is disappointing. Customer support never responded. Rating: 2/5.,2,negative
This laptop is sleek. Battery life is impressive. Rating: 3/5.,3,negative
This running shoes is not worth it.,3,negative
This bluetooth speaker is responsive. Battery life is impressive. Overall it's not as good as I hoped. Rating: 5/5.,5,positive
This desk lamp is broken. Battery drains way too fast.,1,negative
This phone case is unreliable. It arrived damaged. Rating: 3/5.,3,negative
This air fryer is fine.,3,neutral
Bought this blender a few weeks ago. It feels premium for the price.,4,positive
This laptop is fantastic. Rating: 4/5.,4,positive
This office chair is middle of the road.,3,neutral
"This running shoes is well made. However, stopped working within a week.",4,positive
"This desk lamp is solid. Setup took less than five minutes. However, teh size runs way smaller than expected. Rating: 4/5.",4,positive
This bluetooth speaker is clunky.,2,negative
This smartwatch is top notch. Overall it's not great. Rating: 4/5.,4,positive
This bluetooth speaker is badly made.,3,negative
This bluetooth speaker is cheap. Stopped working within a week. Rating: 2/5.,2,negative
This bluetooth speaker is terrible.,2,negative
This smartwatch is middle of the road. Packaging was fine.,3,negative
This vacuum cleaner is fantastic. Customer service was very helpful. Rating: 3/5.,3,positive
This bluetooth speaker is well made.,5,positive
"This coffee maker is fantastic. Customer service was very helpful. On the plus side, it's fine for the price but I wouldn't rave about it. Rating: 5/5.",5,positive
This yoga mat is okay.,4,neutral
This phone case is badly made. Battery drains way too fast. Overall it's not great.,3,negative
Bought this headphones a few weeks ago. It does the job but nothing more. Overall it's not great.,3,neutral
"This running shoes is clunky. It's louder than advertised. Also, it's fine for the price but I wouldn't rave about it.",3,negative
"Bought this air fryer a few weeks ago. My whole family loves it now. Also, it arrived damaged. Rating: 4/5.",4,positive
Bought this backpack a few weeks ago.,4,neutral
"This yoga mat is well made. The build quality is great. That said, the instructions were confusing.",4,positive
This yoga mat is comfortable.,4,positive
This desk lamp is slow. Battery drains way too fast.,2,negative
Bought this wireless mouse a few weeks ago.,4,positive
This office chair is durable. Overall it's can't complain.,5,positive
This air fryer is great. My whole family loves it now.,4,positive
This phone case is faulty. The size runs way smaller than expected. Rating: 2/5.,2,negative
This vacuum cleaner is average.,3,neutral
Bought this coffee maker a few weeks ago. The instructions were confusing. Rating: 3/5.,3,negative
This coffee maker is useless.,3,negative
This smartwatch is flimsy. I regret this purchase. Overall it's could be better.,2,negative
This desk lamp is clunky. Customer support never responded.,1,negative
This office chair is faulty. It's louder than advertised.,3,negative
Bought this coffee maker a few weeks ago.,3,negative
This yoga mat is reliable. Setup took less than five minutes. Overall it's can't complain. Rating: 5/5.,5,positive
"Bought this laptop a few weeks ago. Works as described, no surprises.",3,neutral
"This phone case is sturdy. My whole family loves it now. However, it arrived damaged. Overall it's could be better.",5,positive
"This phone case is great. It feels premium for the price. On the downside, the instructions were confusing.",4,positive
This office chair is not worth it. The instructions were confusing.,2,negative
This bluetooth speaker is clunky. It's louder than advertised.,3,negative
This wireless mouse is sleek. Battery life is impressive.,4,positive
This vacuum cleaner is standard.,2,neutral
This smartwatch is subpar. The material feels cheap. Overall it's not great. Rating: 2/5.,2,negative
This air fryer is impressive.,4,positive
This coffee maker is reliable. Works perfectly out of the box. Rating: 5/5.,5,positive
This coffee maker is defective. Customer support never responded. Overall it's wouldn't recommend. Rating: 1/5.,1,negative
This wireless mouse is clunky. Battery drains way too fast.,1,negative
This phone case is badly made. The material feels cheap.,3,negative
This air fryer is great. Exceeded my expectations. Overall it's could be better.,4,positive
This yoga mat is responsive. Battery life is impressive.,5,positive
Bought this vacuum cleaner a few weeks ago. Overall it's not bad. Rating: 3/5.,3,negative
This bluetooth speaker is amazing. Setup took less than five minutes.,5,positive
"This phone case is flimsy. That said, works as described, no surprises.",2,negative
This laptop is worth every penny. Battery life is impressive.,5,positive
This bluetooth speaker is fast. Exceeded my expectations.,5,neutral
"This yoga mat is standard. Works as described, no surprises. That said, the material feels cheap. Rating: 3/5.",3,neutral
This air fryer is not worth it.,1,negative
This laptop is fine.,4,neutral
This office chair is unreliable. I regret this purchase. Rating: 3/5.,3,negative
Bought this bluetooth speaker a few weeks ago. Overall it's not great.,4,positive
This phone case is excelent. Shipping was fast and packaging was solid.,4,positive
This air fryer is wonderful. Exceeded my expectations. Rating: 5/5.,5,positive
This coffee maker is defective. Battery drains way too fast.,1,negative
"This air fryer is solid. Works perfectly out of the box. On the downside, the instructions were confusing. Rating: 4/5.",4,positive
"Bought this laptop a few weeks ago. Works as described, no surprises. Overall it's didn't disappoint. Rating: 3/5.",3,neutral
Bought this laptop a few weeks ago.,1,negative
This coffee maker is superb. The build quality is great.,3,positive
This smartwatch is fast.,4,negative
Bought this laptop a few weeks ago. Battery life is impressive. Overall it's wouldn't recommend. Rating: 5/5.,5,positive
"Bought this bluetooth speaker a few weeks ago. I regret this purchase. Also, customer service was very helpful. Rating: 3/5.",3,negative
"This wireless mouse is responsive. It feels premium for the price. However, stopped working within a week. Overall it's didn't disappoint.",5,positive
Bought this laptop a few weeks ago. Rating: 3/5.,3,negative
This running shoes is subpar. The instructions were confusing.,2,negative
Bought this bluetooth speaker a few weeks ago.,5,positive
This office chair is awful. It's louder than advertised.,3,negative
Bought this wireless mouse a few weeks ago. Overall it's not as good as I hoped.,2,negative
This smartwatch is affordable.,4,positive
This backpack is top notch. Shipping was fast and packaging was solid. Rating: 4/5.,4,positive
This bluetooth speaker is worth every penny. Exceeded my expectations. Overall it's can't complain.,5,positive
This laptop is affordable. Overall it's didn't disappoint. Rating: 3/5.,3,positive
This wireless mouse is clunky. The instructions were confusing.,2,negative
This blender is so-so. It does teh job but nothing more.,3,neutral
This blender is not worth it. I had to return it after two days.,3,negative
"This headphones is worth every penny. Exceeded my expectations. On the plus side, some features are useful, others aren't.",3,positive
This phone case is impressive.,3,positive
This smartwatch is useless. It arrived damaged. Rating: 3/5.,3,negative
Bought this yoga mat a few weeks ago. Battery drains way too fast.,2,negative
This air fryer is faulty.,1,negative
This laptop is disappointing. I had to return it after two days.,2,negative
This backpack is unreliable.,3,negative
This bluetooth speaker is superb.,3,positive
This blender is so-so. Delivery took about a week. Overall it's didn't disappoint. Rating: 3/5.,3,neutral
This desk lamp is disappointing. Battery drains way too fast.,1,negative
This coffee maker is flimsy. The size runs way smaller than expected. Rating: 2/5.,2,negative
This vacuum cleaner is awful.,2,negative
This headphones is middle of the road. Packaging was fine.,3,neutral
Bought this desk lamp a few weeks ago.,3,neutral
"This vacuum cleaner is subpar. Also, my whole family loves it now. Rating: 2/5.",2,negative
This running shoes is terrible.,1,negative
This desk lamp is sturdy.,3,positive
"Bought this wireless mouse a few weeks ago. Customer service was very helpful. On the downside, customer support never responded. Rating: 4/5.",4,positive
"This wireless mouse is fine. Delivery took about a week. On the plus side, the build quality is great.",3,neutral
"This air fryer is impressive. Setup took less than five minutes. That said, customer support never responded. Rating: 4/5.",4,positive
"This wireless mouse is fast. The build quality is great. On the plus side, packaging was fine. Rating: 4/5.",4,positive
"Bought this office chair a few weeks ago. However, it's fine for the price but I wouldn't rave about it. Overall it's not great.",5,positive
This vacuum cleaner is sleek. Shipping was fast and packaging was solid. Rating: 5/5.,5,positive
This desk lamp is frustrating. I had to return it after two days.,3,negative
"This wireless mouse is so-so. Works as described, no surprises.",2,neutral
This phone case is outstanding.,5,positive
This wireless mouse is durable. Customer service was very helpful.,4,positive
This yoga mat is cheap.,3,neutral
This bluetooth speaker is clunky.,1,negative
"This office chair is badly made. However, I would definitely buy this again.",1,negative
This headphones is excelent. The build quality is great. Overall it's wouldn't recommend.,3,positive
This air fryer is smooth.,4,positive
"This phone case is fast. Shipping was fast and packaging was solid. However, I had to return it after two days.",4,positive
Bought this wireless mouse a few weeks ago. Stopped working within a week. Overall it's not bad. Rating: 3/5.,3,negative
"This office chair is poor. It arrived damaged. That said, exceeded my expectations. Rating: 3/5.",3,negative
This smartwatch is okay. Packaging was fine.,4,neutral
This bluetooth speaker is faulty.,3,negative
"This coffee maker is cheap. I had to return it after two days. That said, delivery took about a week.",2,negative
This yoga mat is amazing. Setup took less than five minutes.,4,positive
"This blender is nothing special. Some features are useful, others aren't. Overall it's not as good as I hoped. Rating: 3/5.",3,neutral
"This running shoes is poor. Battery drains way too fast. That said, packaging was fine.",3,neutral
This blender is not worth it.,1,negative
This desk lamp is fantastic.,4,positive
This vacuum cleaner is slow.,1,negative
"Bought this bluetooth speaker a few weeks ago. Works perfectly out of the box. Also, some features are useful, others aren't. Rating: 3/5.",3,positive
This headphones is cheap.,3,positive
"This yoga mat is fine. Delivery took about a week. That said, battery drains way too fast.",4,neutral
This yoga mat is outstanding. Customer service was very helpful.,3,positive
This desk lamp is not worth it.,2,negative
This wireless mouse is overpriced. The instructions were confusing.,2,negative
This laptop is broken.,2,negative
This wireless mouse is fine.,3,neutral
This blender is flimsy. I had to return it after two days. Overall it's can't complain. Rating: 1/5.,1,negative
"This headphones is fantastic. Setup took less than five minutes. However, delivery took about a week.",4,positive
"This backpack is impressive. The build quality is great. Also, the size runs way smaller than expected.",3,positive
This office chair is reasonable.,3,neutral
Bought this air fryer a few weeks ago. My whole family loves it now.,3,positive
Bought this yoga mat a few weeks ago. It feels premium for the price.,3,positive
Bought this yoga mat a few weeks ago. Shipping was fast and packaging was solid. Rating: 4/5.,4,positive
This bluetooth speaker is reliable. Setup took less than five minutes. Overall it's not as good as I hoped. Rating: 4/5.,4,positive
This coffee maker is great. Customer service was very helpful.,4,positive
This office chair is shoddy.,3,negative
"Bought this bluetooth speaker a few weeks ago. Works as described, no surprises. Overall it's can't complain.",3,neutral
This running shoes is wonderful.,5,positive
This phone case is great. I would definitely buy this again.,5,neutral
This vacuum cleaner is reasonable.,2,neutral
This blender is durable. Customer service was very helpful. Rating: 3/5.,3,positive
This running shoes is acceptable.,3,neutral
This air fryer is sturdy.,5,positive
This phone case is reliable.,4,positive
"This vacuum cleaner is not worth it. The material feels cheap. However, I would definately buy this again.",2,negative
This phone case is well made.,5,positive
This wireless mouse is great. My whole family loves it now.,4,positive
This wireless mouse is excellent. My whole family loves it now.,5,positive
"This yoga mat is nothing special. Works as described, no surprises. Rating: 3/5.",3,neutral
"This air fryer is outstanding. On the downside, the instructions were confusing.",4,positive
"This backpack is defective. Also, it's fine for the price but I wouldn't rave about it. Rating: 1/5.",1,negative
This desk lamp is impressive.,4,positive
This yoga mat is superb.,3,positive
This backpack is unreliable. Rating: 1/5.,1,negative
This vacuum cleaner is standard.,3,neutral
Bought this office chair a few weeks ago. Rating: 1/5.,1,negative
This running shoes is solid. Rating: 4/5.,4,positive
This smartwatch is badly made. The size runs way smaller than expected.,1,negative
Bought this yoga mat a few weeks ago. Battery life is impressive. Rating: 5/5.,5,positive
"This yoga mat is reliable. I would definitely buy this again. However, battery drains way too fast.",5,positive
This blender is sleek. Works perfectly out of the box.,5,positive
This coffee maker is clunky. Battery drains way too fast.,2,negative
"This vacuum cleaner is average. Some features are useful, others aren't. That said, the instructions were confusing.",2,neutral
This vacuum cleaner is reliable. Shipping was fast and packaging was solid.,5,positive
Bought this smartwatch a few weeks ago. Customer service was very helpful.,5,positive
This smartwatch is not worth it. It's louder than advertised.,2,negative
Bought this bluetooth speaker a few weeks ago.,3,positive
"Bought this blender a few weeks ago. Shipping was fast and packaging was solid. That said, packaging was fine. Rating: 4/5.",4,positive
"This yoga mat is so-so. Delivery took about a week. Also, my whole family loves it now.",2,neutral
Bought this coffee maker a few weeks ago.,3,positive
This desk lamp is smooth. Shipping was fast and packaging was solid.,4,positive
"This phone case is fantastic. Customer service was very helpful. On the downside, teh material feels cheap. Overall it's could be better.",4,positive
This headphones is sturdy. Shipping was fast and packaging was solid.,3,positive
This vacuum cleaner is awful. The instructions were confusing.,2,negative
This running shoes is poor. The size runs way smaller than expected.,1,negative
This air fryer is shoddy. The material feels cheap.,2,negative
Bought this backpack a few weeks ago. Customer service was very helpful. Rating: 4/5.,4,positive
This smartwatch is shoddy. Battery drains way too fast.,3,negative
Bought this phone case a few weeks ago. It's louder than advertised. Rating: 3/5.,3,negative
This headphones is cheap. I had to return it after two days.,1,negative
Bought this laptop a few weeks ago. The size runs way smaller than expected. Rating: 1/5.,1,negative
"This vacuum cleaner is middle of the road. Some features are useful, others aren't. Rating: 4/5.",4,neutral
This laptop is overpriced.,1,negative
"This vacuum cleaner is okay. Works as described, no surprises.",4,neutral
This bluetooth speaker is impressive.,4,positive
Bought this wireless mouse a few weeks ago. Setup took less than five minutes.,5,positive
"This coffee maker is defective. That said, works as described, no surprises.",1,negative
This phone case is fantastic. Customer service was very helpful. Rating: 5/5.,5,positive
This bluetooth speaker is reliable. Overall it's didn't disappoint.,4,positive
This laptop is defective.,2,negative
This coffee maker is superb.,3,positive
This headphones is cheap. Stopped working within a week.,2,negative
This office chair is average.,3,negative
"Bought this smartwatch a few weeks ago. Works as described, no surprises. Overall it's not as good as I hoped. Rating: 3/5.",3,neutral
This laptop is flimsy.,2,negative
This smartwatch is sturdy. Rating: 5/5.,5,positive
Bought this headphones a few weeks ago.,2,neutral
Bought this wireless mouse a few weeks ago. I had to return it after two days. Rating: 2/5.,2,negative
This coffee maker is overpriced. Stopped working within a week. Rating: 2/5.,2,negative
This air fryer is worth every penny.,5,positive
This coffee maker is uncomfortable. Stopped working within a week.,2,negative
This running shoes is fast.,4,positive
"This laptop is comfortable. Customer service was very helpful. On the downside, customer support never responded. Rating: 5/5.",5,positive
This bluetooth speaker is unreliable. The instructions were confusing.,3,negative
This headphones is solid.,3,neutral
This office chair is reliable. Exceeded my expectations.,5,positive
This vacuum cleaner is cheap. I regret this purchase. Rating: 2/5.,2,negative
"This phone case is average. Some features are useful, others aren't. That said, I had to return it after two days.",4,neutral
"Bought this vacuum cleaner a few weeks ago. However, shipping was fast and packaging was solid.",3,neutral
This blender is shoddy. Rating: 3/5.,3,negative
"This wireless mouse is disappointing. Stopped working within a week. Also, it feels premium for the price.",1,negative
This running shoes is sleek. Exceeded my expectations. Rating: 5/5.,5,positive
Bought this phone case a few weeks ago. I would definitely buy this again.,5,positive
"This backpack is impressive. That said, packaging was fine. Overall it's not great.",4,positive
This bluetooth speaker is wonderful.,3,positive
Bought this backpack a few weeks ago. The build quality is great.,4,positive
This wireless mouse is impressive. Overall it's not as good as I hoped.,3,positive
Bought this blender a few weeks ago.,5,positive
This air fryer is terrible. I had to return it after two days.,1,negative
This air fryer is reliable. Works perfectly out of the box.,3,positive
"This blender is great. On the downside, the material feels cheap.",4,positive
This laptop is faulty. Overall it's can't complain. Rating: 2/5.,2,negative
This backpack is responsive.,5,positive
"This phone case is shoddy. The material feels cheap. Also, it's fine for the price but I wouldn't rave about it.",2,negative
This yoga mat is worth every penny. The build quality is great.,3,positive
"This office chair is sleek. Battery life is impressive. That said, stopped working within a week. Rating: 4/5.",4,positive
This headphones is fine.,2,neutral
"Bought this laptop a few weeks ago. Works as described, no surprises. Rating: 4/5.",4,neutral
"Bought this yoga mat a few weeks ago. My whole family loves it now. However, it does the job but nothing more.",3,positive
This headphones is unreliable. The instructions were confusing.,2,negative
Bought this blender a few weeks ago. Rating: 1/5.,1,negative
"This air fryer is solid. Works perfectly out of the box. Also, it does the job but nothing more.",4,positive
This running shoes is superb. My whole family loves it now. Overall it's not as good as I hoped.,5,positive
Bought this bluetooth speaker a few weeks ago.,4,positive
This laptop is nothing special.,2,neutral
This laptop is poor.,1,negative
This headphones is shoddy.,2,negative
This air fryer is impressive.,4,positive
This running shoes is reliable. Customer service was vary helpful. Overall it's not as good as I hoped. Rating: 3/5.,3,positive
Bought this headphones a few weeks ago. Customer service was very helpful.,3,positive
Bought this headphones a few weeks ago.,3,neutral
This backpack is fast. It feels premium for the price.,3,positive
Bought this wireless mouse a few weeks ago. Rating: 2/5.,2,negative
"This air fryer is excelent. My whole family loves it now. However, the instructions were confusing.",4,positive
This headphones is standard. Packaging was fine.,2,neutral
This office chair is shoddy. Customer support never responded. Rating: 2/5.,2,negative
"This phone case is affordable. Works perfectly out of the box. However, teh size runs way smaller than expected. Rating: 4/5.",4,positive
"Bought this yoga mat a few weeks ago. I regret this purchase. That said, customer service was very helpful.",2,negative
"This coffee maker is great. Also, it does teh job but nothing more. Overall it's not bad. Rating: 3/5.",3,positive
"This blender is average. Delivery took about a week. That said, my whole family loves it now. Rating: 2/5.",2,neutral
"This coffee maker is decent. Some features are useful, others aren't.",3,neutral
This office chair is durable. My whole family loves it now.,3,positive
This bluetooth speaker is fine. Delivery took about a week. Rating: 3/5.,3,neutral
"This air fryer is reliable. Battery life is impressive. That said, the material feels cheap. Overall it's not bad. Rating: 4/5.",4,positive
"This phone case is durable. Works perfectly out of the box. That said, it's fine for the price but I wouldn't rave about it. Overall it's not bad.",4,positive
This office chair is so-so. It does the job but nothing more. Rating: 3/5.,3,neutral
This headphones is affordable. Rating: 5/5.,5,positive
"Bought this wireless mouse a few weeks ago. Some features are useful, others aren't. Rating: 3/5.",3,neutral
"This coffee maker is badly made. That said, works perfectly out of the box.",3,neutral
This wireless mouse is sturdy. Customer service was very helpful. Rating: 4/5.,4,positive
This running shoes is disappointing.,1,negative
This phone case is amazing. Customer service was very helpful. Rating: 5/5.,5,positive
This air fryer is nothing special. It's fine for the price but i wouldn't rave about it.,2,neutral
This phone case is comfortable.,4,positive
This desk lamp is smooth.,5,positive
"This running shoes is broken. I had to return it after two days. On the plus side, my whole family loves it now.",2,negative
Bought this desk lamp a few weeks ago.,2,negative
"This yoga mat is affordable. Battery life is impressive. However, stopped working within a week.",4,positive
Bought this blender a few weeks ago.,3,positive
"Bought this office chair a few weeks ago. Works perfectly out of teh box. On the downside, the material feels cheap.",5,positive
"This blender is fantastic. Works perfectly out of the box. That said, it does the job but nothing more. Rating: 3/5.",3,positive
This laptop is reliable. Setup took less than five minutes.,4,positive
This wireless mouse is well made.,3,positive
"Bought this yoga mat a few weeks ago. It feels premium for the price. On teh downside, I had to return it after two days. Rating: 4/5.",4,positive
"Bought this air fryer a few weeks ago. Setup took less than five minutes. Also, it arrived damaged.",5,positive
This bluetooth speaker is great. Overall it's not bad. Rating: 4/5.,4,positive
This smartwatch is amazing.,4,positive
This backpack is fantastic. Customer service was very helpful. Rating: 4/5.,4,positive
"This wireless mouse is defective. However, it's fine for the price but I wouldn't rave about it.",2,negative
This running shoes is badly made. The size runs way smaller than expected.,1,negative
This bluetooth speaker is sleek. Works perfectly out of the box. Rating: 5/5.,5,positive
This desk lamp is worth every penny. I would definitely buy this again.,3,positive
"This smartwatch is so-so. Delivery took about a week. That said, I had to return it after two days. Overall it's could be better. Rating: 2/5.",2,neutral
This coffee maker is reliable. Setup took less than five minutes.,3,positive
This wireless mouse is impressive.,5,positive
This laptop is excellent. It feels premium for the price. Overall it's wouldn't recommend.,4,positive
Bought this laptop a few weeks ago.,4,positive
This bluetooth speaker is sturdy.,5,positive
This backpack is outstanding. Battery life is impressive.,4,positive
This air fryer is sleek. Setup took less than five minutes.,4,positive
This yoga mat is so-so.,3,neutral
This phone case is subpar. The material feels cheap.,2,negative
"This office chair is clunky. Stopped working within a week. Also, works as described, no surprises.",1,negative
This backpack is impressive. It feels premium for the price. Rating: 5/5.,5,positive
Bought this vacuum cleaner a few weeks ago. My whole family loves it now. Rating: 3/5.,3,positive
This laptop is badly made. Stopped working within a week.,2,negative
This blender is fantastic. Battery life is impressive.,4,positive
This vacuum cleaner is impressive.,4,positive
"This bluetooth speaker is durable. Exceeded my expectations. On the downside, teh material feels cheap.",5,positive
This headphones is reasonable.,4,neutral
This backpack is cheap. Stopped working within a week. Rating: 3/5.,3,negative
Bought this desk lamp a few weeks ago.,2,negative
This wireless mouse is excellent. Exceeded my expectations. Overall it's not bad. Rating: 5/5.,5,positive
This blender is sturdy. Exceeded my expectations. Rating: 4/5.,4,positive
"This vacuum cleaner is affordable. Battery life is impressive. However, I regret this purchase.",4,positive
This vacuum cleaner is excellent. Works perfectly out of the box.,3,positive
Bought this bluetooth speaker a few weeks ago. Shipping was fast and packaging was solid.,4,positive
This headphones is affordable. I would definitely buy this again. Overall it's not as good as I hoped.,3,positive
"This smartwatch is useless. Also, my whole family loves it now. Rating: 1/5.",1,negative
"This office chair is average. Works as described, no surprises.",4,neutral
"This bluetooth speaker is great. Setup took less than five minutes. On the downside, it arrived damaged.",3,positive
Bought this office chair a few weeks ago. Overall it's not great. Rating: 5/5.,5,positive
Bought this vacuum cleaner a few weeks ago. The size runs way smaller than expected.,1,negative
This running shoes is impressive. Works perfectly out of the box. Rating: 4/5.,4,positive
This running shoes is wonderful. It feels premium for the price.,4,positive
This smartwatch is amazing.,5,positive
"This coffee maker is broken. Stopped working within a week. Also, works perfectly out of the box. Rating: 1/5.",1,negative
Bought this backpack a few weeks ago. It arrived damaged. Rating: 2/5.,2,negative
"This phone case is faulty. Also, the build quality is great. Rating: 2/5.",2,negative
This phone case is poor.,2,positive
This yoga mat is awful.,3,negative
This headphones is smooth. Shipping was fast and packaging was solid.,4,positive
"This laptop is disappointing. Stopped working within a week. On teh plus side, it does the job but nothing more. Rating: 1/5.",1,negative
This smartwatch is outstanding.,4,positive
"This bluetooth speaker is not worth it. I had to return it after two days. Also, it's fine for the price but I wouldn't rave about it. Rating: 1/5.",1,negative
"This phone case is impressive. Works perfectly out of the box. Also, it does the job but nothing more. Rating: 5/5.",5,positive
This wireless mouse is excellent.,4,positive
This backpack is nothing special.,4,neutral
"This yoga mat is affordable. My whole family loves it now. On the plus side, it does the job but nothing more.",5,positive
This blender is overpriced. The material feels cheap.,3,negative
This laptop is smooth. It feels premium for the price.,5,positive
This backpack is smooth. Shipping was fast and packaging was solid. Overall it's can't complain. Rating: 4/5.,4,positive
"Bought this phone case a few weeks ago. However, it arrived damaged.",3,positive
This phone case is acceptable.,3,neutral
"This running shoes is acceptable. Some features are useful, others aren't.",2,neutral
"This vacuum cleaner is fantastic. The build quality is great. On teh downside, teh material feels cheap. Overall it's wouldn't recommend.",3,positive
"This backpack is well made. That said, it does the job but nothing more. Rating: 5/5.",5,positive
This laptop is subpar.,1,negative
This air fryer is slow. Customer support never responded.,1,negative
